image_id,split_original,domain,experiment_split,image_path,mask_path
Train/Rural/0,Train,Rural,train_internal,Train/Rural/images_png/0.png,Train/Rural/masks_png/0.png
Train/Rural/1,Train,Rural,train_internal,Train/Rural/images_png/1.png,Train/Rural/masks_png/1.png
Train/Rural/10,Train,Rural,train_internal,Train/Rural/images_png/10.png,Train/Rural/masks_png/10.png
Train/Rural/100,Train,Rural,val_internal,Train/Rural/images_png/100.png,Train/Rural/masks_png/100.png
Train/Rural/1000,Train,Rural,train_internal,Train/Rural/images_png/1000.png,Train/Rural/masks_png/1000.png
Train/Rural/1001,Train,Rural,train_internal,Train/Rural/images_png/1001.png,Train/Rural/masks_png/1001.png
Train/Rural/1002,Train,Rural,train_internal,Train/Rural/images_png/1002.png,Train/Rural/masks_png/1002.png
Train/Rural/1003,Train,Rural,train_internal,Train/Rural/images_png/1003.png,Train/Rural/masks_png/1003.png
Train/Rural/1004,Train,Rural,train_internal,Train/Rural/images_png/1004.png,Train/Rural/masks_png/1004.png
Train/Rural/1005,Train,Rural,train_internal,Train/Rural/images_png/1005.png,Train/Rural/masks_png/1005.png
Train/Rural/1006,Train,Rural,train_internal,Train/Rural/images_png/1006.png,Train/Rural/masks_png/1006.png
Train/Rural/1007,Train,Rural,train_internal,Train/Rural/images_png/1007.png,Train/Rural/masks_png/1007.png
Train/Rural/1008,Train,Rural,train_internal,Train/Rural/images_png/1008.png,Train/Rural/masks_png/1008.png
Train/Rural/1009,Train,Rural,train_internal,Train/Rural/images_png/1009.png,Train/Rural/masks_png/1009.png
Train/Rural/101,Train,Rural,train_internal,Train/Rural/images_png/101.png,Train/Rural/masks_png/101.png
Train/Rural/1010,Train,Rural,train_internal,Train/Rural/images_png/1010.png,Train/Rural/masks_png/1010.png
Train/Rural/1011,Train,Rural,train_internal,Train/Rural/images_png/1011.png,Train/Rural/masks_png/1011.png
Train/Rural/1012,Train,Rural,train_internal,Train/Rural/images_png/1012.png,Train/Rural/masks_png/1012.png
Train/Rural/1013,Train,Rural,train_internal,Train/Rural/images_png/1013.png,Train/Rural/masks_png/1013.png
Train/Rural/1014,Train,Rural,train_internal,Train/Rural/images_png/1014.png,Train/Rural/masks_png/1014.png
Train/Rural/1015,Train,Rural,train_internal,Train/Rural/images_png/1015.png,Train/Rural/masks_png/1015.png
Train/Rural/1016,Train,Rural,train_internal,Train/Rural/images_png/1016.png,Train/Rural/masks_png/1016.png
Train/Rural/1017,Train,Rural,val_internal,Train/Rural/images_png/1017.png,Train/Rural/masks_png/1017.png
Train/Rural/1018,Train,Rural,train_internal,Train/Rural/images_png/1018.png,Train/Rural/masks_png/1018.png
Train/Rural/1019,Train,Rural,train_internal,Train/Rural/images_png/1019.png,Train/Rural/masks_png/1019.png
Train/Rural/102,Train,Rural,train_internal,Train/Rural/images_png/102.png,Train/Rural/masks_png/102.png
Train/Rural/1020,Train,Rural,train_internal,Train/Rural/images_png/1020.png,Train/Rural/masks_png/1020.png
Train/Rural/1021,Train,Rural,train_internal,Train/Rural/images_png/1021.png,Train/Rural/masks_png/1021.png
Train/Rural/1022,Train,Rural,train_internal,Train/Rural/images_png/1022.png,Train/Rural/masks_png/1022.png
Train/Rural/1023,Train,Rural,train_internal,Train/Rural/images_png/1023.png,Train/Rural/masks_png/1023.png
Train/Rural/1024,Train,Rural,val_internal,Train/Rural/images_png/1024.png,Train/Rural/masks_png/1024.png
Train/Rural/1025,Train,Rural,train_internal,Train/Rural/images_png/1025.png,Train/Rural/masks_png/1025.png
Train/Rural/1026,Train,Rural,train_internal,Train/Rural/images_png/1026.png,Train/Rural/masks_png/1026.png
Train/Rural/1027,Train,Rural,train_internal,Train/Rural/images_png/1027.png,Train/Rural/masks_png/1027.png
Train/Rural/1028,Train,Rural,train_internal,Train/Rural/images_png/1028.png,Train/Rural/masks_png/1028.png
Train/Rural/1029,Train,Rural,train_internal,Train/Rural/images_png/1029.png,Train/Rural/masks_png/1029.png
Train/Rural/103,Train,Rural,train_internal,Train/Rural/images_png/103.png,Train/Rural/masks_png/103.png
Train/Rural/1030,Train,Rural,train_internal,Train/Rural/images_png/1030.png,Train/Rural/masks_png/1030.png
Train/Rural/1031,Train,Rural,val_internal,Train/Rural/images_png/1031.png,Train/Rural/masks_png/1031.png
Train/Rural/1032,Train,Rural,train_internal,Train/Rural/images_png/1032.png,Train/Rural/masks_png/1032.png
Train/Rural/1033,Train,Rural,train_internal,Train/Rural/images_png/1033.png,Train/Rural/masks_png/1033.png
Train/Rural/1034,Train,Rural,val_internal,Train/Rural/images_png/1034.png,Train/Rural/masks_png/1034.png
Train/Rural/1035,Train,Rural,val_internal,Train/Rural/images_png/1035.png,Train/Rural/masks_png/1035.png
Train/Rural/1036,Train,Rural,train_internal,Train/Rural/images_png/1036.png,Train/Rural/masks_png/1036.png
Train/Rural/1037,Train,Rural,train_internal,Train/Rural/images_png/1037.png,Train/Rural/masks_png/1037.png
Train/Rural/1038,Train,Rural,train_internal,Train/Rural/images_png/1038.png,Train/Rural/masks_png/1038.png
Train/Rural/1039,Train,Rural,train_internal,Train/Rural/images_png/1039.png,Train/Rural/masks_png/1039.png
Train/Rural/104,Train,Rural,train_internal,Train/Rural/images_png/104.png,Train/Rural/masks_png/104.png
Train/Rural/1040,Train,Rural,train_internal,Train/Rural/images_png/1040.png,Train/Rural/masks_png/1040.png
Train/Rural/1041,Train,Rural,train_internal,Train/Rural/images_png/1041.png,Train/Rural/masks_png/1041.png
Train/Rural/1042,Train,Rural,train_internal,Train/Rural/images_png/1042.png,Train/Rural/masks_png/1042.png
Train/Rural/1043,Train,Rural,train_internal,Train/Rural/images_png/1043.png,Train/Rural/masks_png/1043.png
Train/Rural/1044,Train,Rural,train_internal,Train/Rural/images_png/1044.png,Train/Rural/masks_png/1044.png
Train/Rural/1045,Train,Rural,train_internal,Train/Rural/images_png/1045.png,Train/Rural/masks_png/1045.png
Train/Rural/1046,Train,Rural,train_internal,Train/Rural/images_png/1046.png,Train/Rural/masks_png/1046.png
Train/Rural/1047,Train,Rural,train_internal,Train/Rural/images_png/1047.png,Train/Rural/masks_png/1047.png
Train/Rural/1048,Train,Rural,train_internal,Train/Rural/images_png/1048.png,Train/Rural/masks_png/1048.png
Train/Rural/1049,Train,Rural,train_internal,Train/Rural/images_png/1049.png,Train/Rural/masks_png/1049.png
Train/Rural/105,Train,Rural,val_internal,Train/Rural/images_png/105.png,Train/Rural/masks_png/105.png
Train/Rural/1050,Train,Rural,train_internal,Train/Rural/images_png/1050.png,Train/Rural/masks_png/1050.png
Train/Rural/1051,Train,Rural,train_internal,Train/Rural/images_png/1051.png,Train/Rural/masks_png/1051.png
Train/Rural/1052,Train,Rural,val_internal,Train/Rural/images_png/1052.png,Train/Rural/masks_png/1052.png
Train/Rural/1053,Train,Rural,train_internal,Train/Rural/images_png/1053.png,Train/Rural/masks_png/1053.png
Train/Rural/1054,Train,Rural,train_internal,Train/Rural/images_png/1054.png,Train/Rural/masks_png/1054.png
Train/Rural/1055,Train,Rural,train_internal,Train/Rural/images_png/1055.png,Train/Rural/masks_png/1055.png
Train/Rural/1056,Train,Rural,train_internal,Train/Rural/images_png/1056.png,Train/Rural/masks_png/1056.png
Train/Rural/1057,Train,Rural,train_internal,Train/Rural/images_png/1057.png,Train/Rural/masks_png/1057.png
Train/Rural/1058,Train,Rural,train_internal,Train/Rural/images_png/1058.png,Train/Rural/masks_png/1058.png
Train/Rural/1059,Train,Rural,train_internal,Train/Rural/images_png/1059.png,Train/Rural/masks_png/1059.png
Train/Rural/106,Train,Rural,train_internal,Train/Rural/images_png/106.png,Train/Rural/masks_png/106.png
Train/Rural/1060,Train,Rural,train_internal,Train/Rural/images_png/1060.png,Train/Rural/masks_png/1060.png
Train/Rural/1061,Train,Rural,train_internal,Train/Rural/images_png/1061.png,Train/Rural/masks_png/1061.png
Train/Rural/1062,Train,Rural,val_internal,Train/Rural/images_png/1062.png,Train/Rural/masks_png/1062.png
Train/Rural/1063,Train,Rural,val_internal,Train/Rural/images_png/1063.png,Train/Rural/masks_png/1063.png
Train/Rural/1064,Train,Rural,train_internal,Train/Rural/images_png/1064.png,Train/Rural/masks_png/1064.png
Train/Rural/1065,Train,Rural,train_internal,Train/Rural/images_png/1065.png,Train/Rural/masks_png/1065.png
Train/Rural/1066,Train,Rural,train_internal,Train/Rural/images_png/1066.png,Train/Rural/masks_png/1066.png
Train/Rural/1067,Train,Rural,train_internal,Train/Rural/images_png/1067.png,Train/Rural/masks_png/1067.png
Train/Rural/1068,Train,Rural,train_internal,Train/Rural/images_png/1068.png,Train/Rural/masks_png/1068.png
Train/Rural/1069,Train,Rural,train_internal,Train/Rural/images_png/1069.png,Train/Rural/masks_png/1069.png
Train/Rural/107,Train,Rural,train_internal,Train/Rural/images_png/107.png,Train/Rural/masks_png/107.png
Train/Rural/1070,Train,Rural,train_internal,Train/Rural/images_png/1070.png,Train/Rural/masks_png/1070.png
Train/Rural/1071,Train,Rural,train_internal,Train/Rural/images_png/1071.png,Train/Rural/masks_png/1071.png
Train/Rural/1072,Train,Rural,train_internal,Train/Rural/images_png/1072.png,Train/Rural/masks_png/1072.png
Train/Rural/1073,Train,Rural,val_internal,Train/Rural/images_png/1073.png,Train/Rural/masks_png/1073.png
Train/Rural/1074,Train,Rural,train_internal,Train/Rural/images_png/1074.png,Train/Rural/masks_png/1074.png
Train/Rural/1075,Train,Rural,train_internal,Train/Rural/images_png/1075.png,Train/Rural/masks_png/1075.png
Train/Rural/1076,Train,Rural,train_internal,Train/Rural/images_png/1076.png,Train/Rural/masks_png/1076.png
Train/Rural/1077,Train,Rural,train_internal,Train/Rural/images_png/1077.png,Train/Rural/masks_png/1077.png
Train/Rural/1078,Train,Rural,train_internal,Train/Rural/images_png/1078.png,Train/Rural/masks_png/1078.png
Train/Rural/1079,Train,Rural,train_internal,Train/Rural/images_png/1079.png,Train/Rural/masks_png/1079.png
Train/Rural/108,Train,Rural,train_internal,Train/Rural/images_png/108.png,Train/Rural/masks_png/108.png
Train/Rural/1080,Train,Rural,train_internal,Train/Rural/images_png/1080.png,Train/Rural/masks_png/1080.png
Train/Rural/1081,Train,Rural,train_internal,Train/Rural/images_png/1081.png,Train/Rural/masks_png/1081.png
Train/Rural/1082,Train,Rural,train_internal,Train/Rural/images_png/1082.png,Train/Rural/masks_png/1082.png
Train/Rural/1083,Train,Rural,val_internal,Train/Rural/images_png/1083.png,Train/Rural/masks_png/1083.png
Train/Rural/1084,Train,Rural,train_internal,Train/Rural/images_png/1084.png,Train/Rural/masks_png/1084.png
Train/Rural/1085,Train,Rural,train_internal,Train/Rural/images_png/1085.png,Train/Rural/masks_png/1085.png
Train/Rural/1086,Train,Rural,val_internal,Train/Rural/images_png/1086.png,Train/Rural/masks_png/1086.png
Train/Rural/1087,Train,Rural,val_internal,Train/Rural/images_png/1087.png,Train/Rural/masks_png/1087.png
Train/Rural/1088,Train,Rural,val_internal,Train/Rural/images_png/1088.png,Train/Rural/masks_png/1088.png
Train/Rural/1089,Train,Rural,train_internal,Train/Rural/images_png/1089.png,Train/Rural/masks_png/1089.png
Train/Rural/109,Train,Rural,val_internal,Train/Rural/images_png/109.png,Train/Rural/masks_png/109.png
Train/Rural/1090,Train,Rural,val_internal,Train/Rural/images_png/1090.png,Train/Rural/masks_png/1090.png
Train/Rural/1091,Train,Rural,val_internal,Train/Rural/images_png/1091.png,Train/Rural/masks_png/1091.png
Train/Rural/1092,Train,Rural,val_internal,Train/Rural/images_png/1092.png,Train/Rural/masks_png/1092.png
Train/Rural/1093,Train,Rural,train_internal,Train/Rural/images_png/1093.png,Train/Rural/masks_png/1093.png
Train/Rural/1094,Train,Rural,train_internal,Train/Rural/images_png/1094.png,Train/Rural/masks_png/1094.png
Train/Rural/1095,Train,Rural,train_internal,Train/Rural/images_png/1095.png,Train/Rural/masks_png/1095.png
Train/Rural/1096,Train,Rural,val_internal,Train/Rural/images_png/1096.png,Train/Rural/masks_png/1096.png
Train/Rural/1097,Train,Rural,train_internal,Train/Rural/images_png/1097.png,Train/Rural/masks_png/1097.png
Train/Rural/1098,Train,Rural,val_internal,Train/Rural/images_png/1098.png,Train/Rural/masks_png/1098.png
Train/Rural/1099,Train,Rural,train_internal,Train/Rural/images_png/1099.png,Train/Rural/masks_png/1099.png
Train/Rural/11,Train,Rural,val_internal,Train/Rural/images_png/11.png,Train/Rural/masks_png/11.png
Train/Rural/110,Train,Rural,train_internal,Train/Rural/images_png/110.png,Train/Rural/masks_png/110.png
Train/Rural/1100,Train,Rural,train_internal,Train/Rural/images_png/1100.png,Train/Rural/masks_png/1100.png
Train/Rural/1101,Train,Rural,train_internal,Train/Rural/images_png/1101.png,Train/Rural/masks_png/1101.png
Train/Rural/1102,Train,Rural,val_internal,Train/Rural/images_png/1102.png,Train/Rural/masks_png/1102.png
Train/Rural/1103,Train,Rural,train_internal,Train/Rural/images_png/1103.png,Train/Rural/masks_png/1103.png
Train/Rural/1104,Train,Rural,train_internal,Train/Rural/images_png/1104.png,Train/Rural/masks_png/1104.png
Train/Rural/1105,Train,Rural,val_internal,Train/Rural/images_png/1105.png,Train/Rural/masks_png/1105.png
Train/Rural/1106,Train,Rural,train_internal,Train/Rural/images_png/1106.png,Train/Rural/masks_png/1106.png
Train/Rural/1107,Train,Rural,val_internal,Train/Rural/images_png/1107.png,Train/Rural/masks_png/1107.png
Train/Rural/1108,Train,Rural,train_internal,Train/Rural/images_png/1108.png,Train/Rural/masks_png/1108.png
Train/Rural/1109,Train,Rural,train_internal,Train/Rural/images_png/1109.png,Train/Rural/masks_png/1109.png
Train/Rural/111,Train,Rural,val_internal,Train/Rural/images_png/111.png,Train/Rural/masks_png/111.png
Train/Rural/1110,Train,Rural,train_internal,Train/Rural/images_png/1110.png,Train/Rural/masks_png/1110.png
Train/Rural/1111,Train,Rural,train_internal,Train/Rural/images_png/1111.png,Train/Rural/masks_png/1111.png
Train/Rural/1112,Train,Rural,train_internal,Train/Rural/images_png/1112.png,Train/Rural/masks_png/1112.png
Train/Rural/1113,Train,Rural,val_internal,Train/Rural/images_png/1113.png,Train/Rural/masks_png/1113.png
Train/Rural/1114,Train,Rural,val_internal,Train/Rural/images_png/1114.png,Train/Rural/masks_png/1114.png
Train/Rural/1115,Train,Rural,train_internal,Train/Rural/images_png/1115.png,Train/Rural/masks_png/1115.png
Train/Rural/1116,Train,Rural,train_internal,Train/Rural/images_png/1116.png,Train/Rural/masks_png/1116.png
Train/Rural/1117,Train,Rural,val_internal,Train/Rural/images_png/1117.png,Train/Rural/masks_png/1117.png
Train/Rural/1118,Train,Rural,train_internal,Train/Rural/images_png/1118.png,Train/Rural/masks_png/1118.png
Train/Rural/1119,Train,Rural,train_internal,Train/Rural/images_png/1119.png,Train/Rural/masks_png/1119.png
Train/Rural/112,Train,Rural,train_internal,Train/Rural/images_png/112.png,Train/Rural/masks_png/112.png
Train/Rural/1120,Train,Rural,train_internal,Train/Rural/images_png/1120.png,Train/Rural/masks_png/1120.png
Train/Rural/1121,Train,Rural,train_internal,Train/Rural/images_png/1121.png,Train/Rural/masks_png/1121.png
Train/Rural/1122,Train,Rural,val_internal,Train/Rural/images_png/1122.png,Train/Rural/masks_png/1122.png
Train/Rural/1123,Train,Rural,train_internal,Train/Rural/images_png/1123.png,Train/Rural/masks_png/1123.png
Train/Rural/1124,Train,Rural,val_internal,Train/Rural/images_png/1124.png,Train/Rural/masks_png/1124.png
Train/Rural/1125,Train,Rural,val_internal,Train/Rural/images_png/1125.png,Train/Rural/masks_png/1125.png
Train/Rural/1126,Train,Rural,train_internal,Train/Rural/images_png/1126.png,Train/Rural/masks_png/1126.png
Train/Rural/1127,Train,Rural,val_internal,Train/Rural/images_png/1127.png,Train/Rural/masks_png/1127.png
Train/Rural/1128,Train,Rural,train_internal,Train/Rural/images_png/1128.png,Train/Rural/masks_png/1128.png
Train/Rural/1129,Train,Rural,train_internal,Train/Rural/images_png/1129.png,Train/Rural/masks_png/1129.png
Train/Rural/113,Train,Rural,train_internal,Train/Rural/images_png/113.png,Train/Rural/masks_png/113.png
Train/Rural/1130,Train,Rural,train_internal,Train/Rural/images_png/1130.png,Train/Rural/masks_png/1130.png
Train/Rural/1131,Train,Rural,train_internal,Train/Rural/images_png/1131.png,Train/Rural/masks_png/1131.png
Train/Rural/1132,Train,Rural,train_internal,Train/Rural/images_png/1132.png,Train/Rural/masks_png/1132.png
Train/Rural/1133,Train,Rural,train_internal,Train/Rural/images_png/1133.png,Train/Rural/masks_png/1133.png
Train/Rural/1134,Train,Rural,train_internal,Train/Rural/images_png/1134.png,Train/Rural/masks_png/1134.png
Train/Rural/1135,Train,Rural,val_internal,Train/Rural/images_png/1135.png,Train/Rural/masks_png/1135.png
Train/Rural/1136,Train,Rural,val_internal,Train/Rural/images_png/1136.png,Train/Rural/masks_png/1136.png
Train/Rural/1137,Train,Rural,train_internal,Train/Rural/images_png/1137.png,Train/Rural/masks_png/1137.png
Train/Rural/1138,Train,Rural,train_internal,Train/Rural/images_png/1138.png,Train/Rural/masks_png/1138.png
Train/Rural/1139,Train,Rural,train_internal,Train/Rural/images_png/1139.png,Train/Rural/masks_png/1139.png
Train/Rural/114,Train,Rural,train_internal,Train/Rural/images_png/114.png,Train/Rural/masks_png/114.png
Train/Rural/1140,Train,Rural,val_internal,Train/Rural/images_png/1140.png,Train/Rural/masks_png/1140.png
Train/Rural/1141,Train,Rural,train_internal,Train/Rural/images_png/1141.png,Train/Rural/masks_png/1141.png
Train/Rural/1142,Train,Rural,train_internal,Train/Rural/images_png/1142.png,Train/Rural/masks_png/1142.png
Train/Rural/1143,Train,Rural,train_internal,Train/Rural/images_png/1143.png,Train/Rural/masks_png/1143.png
Train/Rural/1144,Train,Rural,train_internal,Train/Rural/images_png/1144.png,Train/Rural/masks_png/1144.png
Train/Rural/1145,Train,Rural,train_internal,Train/Rural/images_png/1145.png,Train/Rural/masks_png/1145.png
Train/Rural/1146,Train,Rural,train_internal,Train/Rural/images_png/1146.png,Train/Rural/masks_png/1146.png
Train/Rural/1147,Train,Rural,train_internal,Train/Rural/images_png/1147.png,Train/Rural/masks_png/1147.png
Train/Rural/1148,Train,Rural,train_internal,Train/Rural/images_png/1148.png,Train/Rural/masks_png/1148.png
Train/Rural/1149,Train,Rural,train_internal,Train/Rural/images_png/1149.png,Train/Rural/masks_png/1149.png
Train/Rural/115,Train,Rural,train_internal,Train/Rural/images_png/115.png,Train/Rural/masks_png/115.png
Train/Rural/1150,Train,Rural,train_internal,Train/Rural/images_png/1150.png,Train/Rural/masks_png/1150.png
Train/Rural/1151,Train,Rural,train_internal,Train/Rural/images_png/1151.png,Train/Rural/masks_png/1151.png
Train/Rural/1152,Train,Rural,val_internal,Train/Rural/images_png/1152.png,Train/Rural/masks_png/1152.png
Train/Rural/1153,Train,Rural,train_internal,Train/Rural/images_png/1153.png,Train/Rural/masks_png/1153.png
Train/Rural/1154,Train,Rural,train_internal,Train/Rural/images_png/1154.png,Train/Rural/masks_png/1154.png
Train/Rural/1155,Train,Rural,val_internal,Train/Rural/images_png/1155.png,Train/Rural/masks_png/1155.png
Train/Rural/1156,Train,Rural,train_internal,Train/Rural/images_png/1156.png,Train/Rural/masks_png/1156.png
Train/Rural/1157,Train,Rural,train_internal,Train/Rural/images_png/1157.png,Train/Rural/masks_png/1157.png
Train/Rural/1158,Train,Rural,train_internal,Train/Rural/images_png/1158.png,Train/Rural/masks_png/1158.png
Train/Rural/1159,Train,Rural,train_internal,Train/Rural/images_png/1159.png,Train/Rural/masks_png/1159.png
Train/Rural/116,Train,Rural,train_internal,Train/Rural/images_png/116.png,Train/Rural/masks_png/116.png
Train/Rural/1160,Train,Rural,train_internal,Train/Rural/images_png/1160.png,Train/Rural/masks_png/1160.png
Train/Rural/1161,Train,Rural,train_internal,Train/Rural/images_png/1161.png,Train/Rural/masks_png/1161.png
Train/Rural/1162,Train,Rural,train_internal,Train/Rural/images_png/1162.png,Train/Rural/masks_png/1162.png
Train/Rural/1163,Train,Rural,train_internal,Train/Rural/images_png/1163.png,Train/Rural/masks_png/1163.png
Train/Rural/1164,Train,Rural,train_internal,Train/Rural/images_png/1164.png,Train/Rural/masks_png/1164.png
Train/Rural/1165,Train,Rural,train_internal,Train/Rural/images_png/1165.png,Train/Rural/masks_png/1165.png
Train/Rural/1166,Train,Rural,train_internal,Train/Rural/images_png/1166.png,Train/Rural/masks_png/1166.png
Train/Rural/1167,Train,Rural,train_internal,Train/Rural/images_png/1167.png,Train/Rural/masks_png/1167.png
Train/Rural/1168,Train,Rural,train_internal,Train/Rural/images_png/1168.png,Train/Rural/masks_png/1168.png
Train/Rural/1169,Train,Rural,train_internal,Train/Rural/images_png/1169.png,Train/Rural/masks_png/1169.png
Train/Rural/117,Train,Rural,val_internal,Train/Rural/images_png/117.png,Train/Rural/masks_png/117.png
Train/Rural/1170,Train,Rural,train_internal,Train/Rural/images_png/1170.png,Train/Rural/masks_png/1170.png
Train/Rural/1171,Train,Rural,train_internal,Train/Rural/images_png/1171.png,Train/Rural/masks_png/1171.png
Train/Rural/1172,Train,Rural,train_internal,Train/Rural/images_png/1172.png,Train/Rural/masks_png/1172.png
Train/Rural/1173,Train,Rural,val_internal,Train/Rural/images_png/1173.png,Train/Rural/masks_png/1173.png
Train/Rural/1174,Train,Rural,val_internal,Train/Rural/images_png/1174.png,Train/Rural/masks_png/1174.png
Train/Rural/1175,Train,Rural,train_internal,Train/Rural/images_png/1175.png,Train/Rural/masks_png/1175.png
Train/Rural/1176,Train,Rural,train_internal,Train/Rural/images_png/1176.png,Train/Rural/masks_png/1176.png
Train/Rural/1177,Train,Rural,train_internal,Train/Rural/images_png/1177.png,Train/Rural/masks_png/1177.png
Train/Rural/1178,Train,Rural,train_internal,Train/Rural/images_png/1178.png,Train/Rural/masks_png/1178.png
Train/Rural/1179,Train,Rural,val_internal,Train/Rural/images_png/1179.png,Train/Rural/masks_png/1179.png
Train/Rural/118,Train,Rural,train_internal,Train/Rural/images_png/118.png,Train/Rural/masks_png/118.png
Train/Rural/1180,Train,Rural,train_internal,Train/Rural/images_png/1180.png,Train/Rural/masks_png/1180.png
Train/Rural/1181,Train,Rural,train_internal,Train/Rural/images_png/1181.png,Train/Rural/masks_png/1181.png
Train/Rural/1182,Train,Rural,val_internal,Train/Rural/images_png/1182.png,Train/Rural/masks_png/1182.png
Train/Rural/1183,Train,Rural,val_internal,Train/Rural/images_png/1183.png,Train/Rural/masks_png/1183.png
Train/Rural/1184,Train,Rural,train_internal,Train/Rural/images_png/1184.png,Train/Rural/masks_png/1184.png
Train/Rural/1185,Train,Rural,train_internal,Train/Rural/images_png/1185.png,Train/Rural/masks_png/1185.png
Train/Rural/1186,Train,Rural,train_internal,Train/Rural/images_png/1186.png,Train/Rural/masks_png/1186.png
Train/Rural/1187,Train,Rural,train_internal,Train/Rural/images_png/1187.png,Train/Rural/masks_png/1187.png
Train/Rural/1188,Train,Rural,train_internal,Train/Rural/images_png/1188.png,Train/Rural/masks_png/1188.png
Train/Rural/1189,Train,Rural,train_internal,Train/Rural/images_png/1189.png,Train/Rural/masks_png/1189.png
Train/Rural/119,Train,Rural,val_internal,Train/Rural/images_png/119.png,Train/Rural/masks_png/119.png
Train/Rural/1190,Train,Rural,train_internal,Train/Rural/images_png/1190.png,Train/Rural/masks_png/1190.png
Train/Rural/1191,Train,Rural,train_internal,Train/Rural/images_png/1191.png,Train/Rural/masks_png/1191.png
Train/Rural/1192,Train,Rural,train_internal,Train/Rural/images_png/1192.png,Train/Rural/masks_png/1192.png
Train/Rural/1193,Train,Rural,train_internal,Train/Rural/images_png/1193.png,Train/Rural/masks_png/1193.png
Train/Rural/1194,Train,Rural,train_internal,Train/Rural/images_png/1194.png,Train/Rural/masks_png/1194.png
Train/Rural/1195,Train,Rural,val_internal,Train/Rural/images_png/1195.png,Train/Rural/masks_png/1195.png
Train/Rural/1196,Train,Rural,val_internal,Train/Rural/images_png/1196.png,Train/Rural/masks_png/1196.png
Train/Rural/1197,Train,Rural,val_internal,Train/Rural/images_png/1197.png,Train/Rural/masks_png/1197.png
Train/Rural/1198,Train,Rural,train_internal,Train/Rural/images_png/1198.png,Train/Rural/masks_png/1198.png
Train/Rural/1199,Train,Rural,train_internal,Train/Rural/images_png/1199.png,Train/Rural/masks_png/1199.png
Train/Rural/12,Train,Rural,train_internal,Train/Rural/images_png/12.png,Train/Rural/masks_png/12.png
Train/Rural/120,Train,Rural,train_internal,Train/Rural/images_png/120.png,Train/Rural/masks_png/120.png
Train/Rural/1200,Train,Rural,train_internal,Train/Rural/images_png/1200.png,Train/Rural/masks_png/1200.png
Train/Rural/1201,Train,Rural,train_internal,Train/Rural/images_png/1201.png,Train/Rural/masks_png/1201.png
Train/Rural/1202,Train,Rural,train_internal,Train/Rural/images_png/1202.png,Train/Rural/masks_png/1202.png
Train/Rural/1203,Train,Rural,train_internal,Train/Rural/images_png/1203.png,Train/Rural/masks_png/1203.png
Train/Rural/1204,Train,Rural,train_internal,Train/Rural/images_png/1204.png,Train/Rural/masks_png/1204.png
Train/Rural/1205,Train,Rural,val_internal,Train/Rural/images_png/1205.png,Train/Rural/masks_png/1205.png
Train/Rural/1206,Train,Rural,val_internal,Train/Rural/images_png/1206.png,Train/Rural/masks_png/1206.png
Train/Rural/1207,Train,Rural,train_internal,Train/Rural/images_png/1207.png,Train/Rural/masks_png/1207.png
Train/Rural/1208,Train,Rural,train_internal,Train/Rural/images_png/1208.png,Train/Rural/masks_png/1208.png
Train/Rural/1209,Train,Rural,val_internal,Train/Rural/images_png/1209.png,Train/Rural/masks_png/1209.png
Train/Rural/121,Train,Rural,train_internal,Train/Rural/images_png/121.png,Train/Rural/masks_png/121.png
Train/Rural/1210,Train,Rural,train_internal,Train/Rural/images_png/1210.png,Train/Rural/masks_png/1210.png
Train/Rural/1211,Train,Rural,train_internal,Train/Rural/images_png/1211.png,Train/Rural/masks_png/1211.png
Train/Rural/1212,Train,Rural,train_internal,Train/Rural/images_png/1212.png,Train/Rural/masks_png/1212.png
Train/Rural/1213,Train,Rural,val_internal,Train/Rural/images_png/1213.png,Train/Rural/masks_png/1213.png
Train/Rural/1214,Train,Rural,train_internal,Train/Rural/images_png/1214.png,Train/Rural/masks_png/1214.png
Train/Rural/1215,Train,Rural,train_internal,Train/Rural/images_png/1215.png,Train/Rural/masks_png/1215.png
Train/Rural/1216,Train,Rural,train_internal,Train/Rural/images_png/1216.png,Train/Rural/masks_png/1216.png
Train/Rural/1217,Train,Rural,train_internal,Train/Rural/images_png/1217.png,Train/Rural/masks_png/1217.png
Train/Rural/1218,Train,Rural,train_internal,Train/Rural/images_png/1218.png,Train/Rural/masks_png/1218.png
Train/Rural/1219,Train,Rural,val_internal,Train/Rural/images_png/1219.png,Train/Rural/masks_png/1219.png
Train/Rural/122,Train,Rural,train_internal,Train/Rural/images_png/122.png,Train/Rural/masks_png/122.png
Train/Rural/1220,Train,Rural,train_internal,Train/Rural/images_png/1220.png,Train/Rural/masks_png/1220.png
Train/Rural/1221,Train,Rural,train_internal,Train/Rural/images_png/1221.png,Train/Rural/masks_png/1221.png
Train/Rural/1222,Train,Rural,train_internal,Train/Rural/images_png/1222.png,Train/Rural/masks_png/1222.png
Train/Rural/1223,Train,Rural,train_internal,Train/Rural/images_png/1223.png,Train/Rural/masks_png/1223.png
Train/Rural/1224,Train,Rural,train_internal,Train/Rural/images_png/1224.png,Train/Rural/masks_png/1224.png
Train/Rural/1225,Train,Rural,train_internal,Train/Rural/images_png/1225.png,Train/Rural/masks_png/1225.png
Train/Rural/1226,Train,Rural,val_internal,Train/Rural/images_png/1226.png,Train/Rural/masks_png/1226.png
Train/Rural/1227,Train,Rural,train_internal,Train/Rural/images_png/1227.png,Train/Rural/masks_png/1227.png
Train/Rural/1228,Train,Rural,val_internal,Train/Rural/images_png/1228.png,Train/Rural/masks_png/1228.png
Train/Rural/1229,Train,Rural,train_internal,Train/Rural/images_png/1229.png,Train/Rural/masks_png/1229.png
Train/Rural/123,Train,Rural,val_internal,Train/Rural/images_png/123.png,Train/Rural/masks_png/123.png
Train/Rural/1230,Train,Rural,train_internal,Train/Rural/images_png/1230.png,Train/Rural/masks_png/1230.png
Train/Rural/1231,Train,Rural,val_internal,Train/Rural/images_png/1231.png,Train/Rural/masks_png/1231.png
Train/Rural/1232,Train,Rural,train_internal,Train/Rural/images_png/1232.png,Train/Rural/masks_png/1232.png
Train/Rural/1233,Train,Rural,val_internal,Train/Rural/images_png/1233.png,Train/Rural/masks_png/1233.png
Train/Rural/1234,Train,Rural,train_internal,Train/Rural/images_png/1234.png,Train/Rural/masks_png/1234.png
Train/Rural/1235,Train,Rural,train_internal,Train/Rural/images_png/1235.png,Train/Rural/masks_png/1235.png
Train/Rural/1236,Train,Rural,train_internal,Train/Rural/images_png/1236.png,Train/Rural/masks_png/1236.png
Train/Rural/1237,Train,Rural,train_internal,Train/Rural/images_png/1237.png,Train/Rural/masks_png/1237.png
Train/Rural/1238,Train,Rural,train_internal,Train/Rural/images_png/1238.png,Train/Rural/masks_png/1238.png
Train/Rural/1239,Train,Rural,train_internal,Train/Rural/images_png/1239.png,Train/Rural/masks_png/1239.png
Train/Rural/124,Train,Rural,train_internal,Train/Rural/images_png/124.png,Train/Rural/masks_png/124.png
Train/Rural/1240,Train,Rural,train_internal,Train/Rural/images_png/1240.png,Train/Rural/masks_png/1240.png
Train/Rural/1241,Train,Rural,train_internal,Train/Rural/images_png/1241.png,Train/Rural/masks_png/1241.png
Train/Rural/1242,Train,Rural,train_internal,Train/Rural/images_png/1242.png,Train/Rural/masks_png/1242.png
Train/Rural/1243,Train,Rural,train_internal,Train/Rural/images_png/1243.png,Train/Rural/masks_png/1243.png
Train/Rural/1244,Train,Rural,train_internal,Train/Rural/images_png/1244.png,Train/Rural/masks_png/1244.png
Train/Rural/1245,Train,Rural,train_internal,Train/Rural/images_png/1245.png,Train/Rural/masks_png/1245.png
Train/Rural/1246,Train,Rural,val_internal,Train/Rural/images_png/1246.png,Train/Rural/masks_png/1246.png
Train/Rural/1247,Train,Rural,val_internal,Train/Rural/images_png/1247.png,Train/Rural/masks_png/1247.png
Train/Rural/1248,Train,Rural,train_internal,Train/Rural/images_png/1248.png,Train/Rural/masks_png/1248.png
Train/Rural/1249,Train,Rural,train_internal,Train/Rural/images_png/1249.png,Train/Rural/masks_png/1249.png
Train/Rural/125,Train,Rural,train_internal,Train/Rural/images_png/125.png,Train/Rural/masks_png/125.png
Train/Rural/1250,Train,Rural,train_internal,Train/Rural/images_png/1250.png,Train/Rural/masks_png/1250.png
Train/Rural/1251,Train,Rural,val_internal,Train/Rural/images_png/1251.png,Train/Rural/masks_png/1251.png
Train/Rural/1252,Train,Rural,train_internal,Train/Rural/images_png/1252.png,Train/Rural/masks_png/1252.png
Train/Rural/1253,Train,Rural,train_internal,Train/Rural/images_png/1253.png,Train/Rural/masks_png/1253.png
Train/Rural/1254,Train,Rural,train_internal,Train/Rural/images_png/1254.png,Train/Rural/masks_png/1254.png
Train/Rural/1255,Train,Rural,train_internal,Train/Rural/images_png/1255.png,Train/Rural/masks_png/1255.png
Train/Rural/1256,Train,Rural,train_internal,Train/Rural/images_png/1256.png,Train/Rural/masks_png/1256.png
Train/Rural/1257,Train,Rural,train_internal,Train/Rural/images_png/1257.png,Train/Rural/masks_png/1257.png
Train/Rural/1258,Train,Rural,train_internal,Train/Rural/images_png/1258.png,Train/Rural/masks_png/1258.png
Train/Rural/1259,Train,Rural,train_internal,Train/Rural/images_png/1259.png,Train/Rural/masks_png/1259.png
Train/Rural/126,Train,Rural,val_internal,Train/Rural/images_png/126.png,Train/Rural/masks_png/126.png
Train/Rural/1260,Train,Rural,train_internal,Train/Rural/images_png/1260.png,Train/Rural/masks_png/1260.png
Train/Rural/1261,Train,Rural,train_internal,Train/Rural/images_png/1261.png,Train/Rural/masks_png/1261.png
Train/Rural/1262,Train,Rural,train_internal,Train/Rural/images_png/1262.png,Train/Rural/masks_png/1262.png
Train/Rural/1263,Train,Rural,val_internal,Train/Rural/images_png/1263.png,Train/Rural/masks_png/1263.png
Train/Rural/1264,Train,Rural,train_internal,Train/Rural/images_png/1264.png,Train/Rural/masks_png/1264.png
Train/Rural/1265,Train,Rural,train_internal,Train/Rural/images_png/1265.png,Train/Rural/masks_png/1265.png
Train/Rural/1266,Train,Rural,train_internal,Train/Rural/images_png/1266.png,Train/Rural/masks_png/1266.png
Train/Rural/1267,Train,Rural,train_internal,Train/Rural/images_png/1267.png,Train/Rural/masks_png/1267.png
Train/Rural/1268,Train,Rural,train_internal,Train/Rural/images_png/1268.png,Train/Rural/masks_png/1268.png
Train/Rural/1269,Train,Rural,train_internal,Train/Rural/images_png/1269.png,Train/Rural/masks_png/1269.png
Train/Rural/127,Train,Rural,train_internal,Train/Rural/images_png/127.png,Train/Rural/masks_png/127.png
Train/Rural/1270,Train,Rural,train_internal,Train/Rural/images_png/1270.png,Train/Rural/masks_png/1270.png
Train/Rural/1271,Train,Rural,val_internal,Train/Rural/images_png/1271.png,Train/Rural/masks_png/1271.png
Train/Rural/1272,Train,Rural,train_internal,Train/Rural/images_png/1272.png,Train/Rural/masks_png/1272.png
Train/Rural/1273,Train,Rural,val_internal,Train/Rural/images_png/1273.png,Train/Rural/masks_png/1273.png
Train/Rural/1274,Train,Rural,train_internal,Train/Rural/images_png/1274.png,Train/Rural/masks_png/1274.png
Train/Rural/1275,Train,Rural,val_internal,Train/Rural/images_png/1275.png,Train/Rural/masks_png/1275.png
Train/Rural/1276,Train,Rural,val_internal,Train/Rural/images_png/1276.png,Train/Rural/masks_png/1276.png
Train/Rural/1277,Train,Rural,train_internal,Train/Rural/images_png/1277.png,Train/Rural/masks_png/1277.png
Train/Rural/1278,Train,Rural,train_internal,Train/Rural/images_png/1278.png,Train/Rural/masks_png/1278.png
Train/Rural/1279,Train,Rural,train_internal,Train/Rural/images_png/1279.png,Train/Rural/masks_png/1279.png
Train/Rural/128,Train,Rural,train_internal,Train/Rural/images_png/128.png,Train/Rural/masks_png/128.png
Train/Rural/1280,Train,Rural,train_internal,Train/Rural/images_png/1280.png,Train/Rural/masks_png/1280.png
Train/Rural/1281,Train,Rural,train_internal,Train/Rural/images_png/1281.png,Train/Rural/masks_png/1281.png
Train/Rural/1282,Train,Rural,train_internal,Train/Rural/images_png/1282.png,Train/Rural/masks_png/1282.png
Train/Rural/1283,Train,Rural,train_internal,Train/Rural/images_png/1283.png,Train/Rural/masks_png/1283.png
Train/Rural/1284,Train,Rural,train_internal,Train/Rural/images_png/1284.png,Train/Rural/masks_png/1284.png
Train/Rural/1285,Train,Rural,train_internal,Train/Rural/images_png/1285.png,Train/Rural/masks_png/1285.png
Train/Rural/1286,Train,Rural,val_internal,Train/Rural/images_png/1286.png,Train/Rural/masks_png/1286.png
Train/Rural/1287,Train,Rural,val_internal,Train/Rural/images_png/1287.png,Train/Rural/masks_png/1287.png
Train/Rural/1288,Train,Rural,val_internal,Train/Rural/images_png/1288.png,Train/Rural/masks_png/1288.png
Train/Rural/1289,Train,Rural,train_internal,Train/Rural/images_png/1289.png,Train/Rural/masks_png/1289.png
Train/Rural/129,Train,Rural,train_internal,Train/Rural/images_png/129.png,Train/Rural/masks_png/129.png
Train/Rural/1290,Train,Rural,val_internal,Train/Rural/images_png/1290.png,Train/Rural/masks_png/1290.png
Train/Rural/1291,Train,Rural,val_internal,Train/Rural/images_png/1291.png,Train/Rural/masks_png/1291.png
Train/Rural/1292,Train,Rural,train_internal,Train/Rural/images_png/1292.png,Train/Rural/masks_png/1292.png
Train/Rural/1293,Train,Rural,train_internal,Train/Rural/images_png/1293.png,Train/Rural/masks_png/1293.png
Train/Rural/1294,Train,Rural,train_internal,Train/Rural/images_png/1294.png,Train/Rural/masks_png/1294.png
Train/Rural/1295,Train,Rural,train_internal,Train/Rural/images_png/1295.png,Train/Rural/masks_png/1295.png
Train/Rural/1296,Train,Rural,train_internal,Train/Rural/images_png/1296.png,Train/Rural/masks_png/1296.png
Train/Rural/1297,Train,Rural,train_internal,Train/Rural/images_png/1297.png,Train/Rural/masks_png/1297.png
Train/Rural/1298,Train,Rural,train_internal,Train/Rural/images_png/1298.png,Train/Rural/masks_png/1298.png
Train/Rural/1299,Train,Rural,val_internal,Train/Rural/images_png/1299.png,Train/Rural/masks_png/1299.png
Train/Rural/13,Train,Rural,train_internal,Train/Rural/images_png/13.png,Train/Rural/masks_png/13.png
Train/Rural/130,Train,Rural,val_internal,Train/Rural/images_png/130.png,Train/Rural/masks_png/130.png
Train/Rural/1300,Train,Rural,train_internal,Train/Rural/images_png/1300.png,Train/Rural/masks_png/1300.png
Train/Rural/1301,Train,Rural,train_internal,Train/Rural/images_png/1301.png,Train/Rural/masks_png/1301.png
Train/Rural/1302,Train,Rural,val_internal,Train/Rural/images_png/1302.png,Train/Rural/masks_png/1302.png
Train/Rural/1303,Train,Rural,train_internal,Train/Rural/images_png/1303.png,Train/Rural/masks_png/1303.png
Train/Rural/1304,Train,Rural,train_internal,Train/Rural/images_png/1304.png,Train/Rural/masks_png/1304.png
Train/Rural/1305,Train,Rural,train_internal,Train/Rural/images_png/1305.png,Train/Rural/masks_png/1305.png
Train/Rural/1306,Train,Rural,train_internal,Train/Rural/images_png/1306.png,Train/Rural/masks_png/1306.png
Train/Rural/1307,Train,Rural,val_internal,Train/Rural/images_png/1307.png,Train/Rural/masks_png/1307.png
Train/Rural/1308,Train,Rural,val_internal,Train/Rural/images_png/1308.png,Train/Rural/masks_png/1308.png
Train/Rural/1309,Train,Rural,train_internal,Train/Rural/images_png/1309.png,Train/Rural/masks_png/1309.png
Train/Rural/131,Train,Rural,train_internal,Train/Rural/images_png/131.png,Train/Rural/masks_png/131.png
Train/Rural/1310,Train,Rural,train_internal,Train/Rural/images_png/1310.png,Train/Rural/masks_png/1310.png
Train/Rural/1311,Train,Rural,train_internal,Train/Rural/images_png/1311.png,Train/Rural/masks_png/1311.png
Train/Rural/1312,Train,Rural,train_internal,Train/Rural/images_png/1312.png,Train/Rural/masks_png/1312.png
Train/Rural/1313,Train,Rural,train_internal,Train/Rural/images_png/1313.png,Train/Rural/masks_png/1313.png
Train/Rural/1314,Train,Rural,train_internal,Train/Rural/images_png/1314.png,Train/Rural/masks_png/1314.png
Train/Rural/1315,Train,Rural,train_internal,Train/Rural/images_png/1315.png,Train/Rural/masks_png/1315.png
Train/Rural/1316,Train,Rural,train_internal,Train/Rural/images_png/1316.png,Train/Rural/masks_png/1316.png
Train/Rural/1317,Train,Rural,train_internal,Train/Rural/images_png/1317.png,Train/Rural/masks_png/1317.png
Train/Rural/1318,Train,Rural,val_internal,Train/Rural/images_png/1318.png,Train/Rural/masks_png/1318.png
Train/Rural/1319,Train,Rural,train_internal,Train/Rural/images_png/1319.png,Train/Rural/masks_png/1319.png
Train/Rural/132,Train,Rural,train_internal,Train/Rural/images_png/132.png,Train/Rural/masks_png/132.png
Train/Rural/1320,Train,Rural,train_internal,Train/Rural/images_png/1320.png,Train/Rural/masks_png/1320.png
Train/Rural/1321,Train,Rural,train_internal,Train/Rural/images_png/1321.png,Train/Rural/masks_png/1321.png
Train/Rural/1322,Train,Rural,train_internal,Train/Rural/images_png/1322.png,Train/Rural/masks_png/1322.png
Train/Rural/1323,Train,Rural,val_internal,Train/Rural/images_png/1323.png,Train/Rural/masks_png/1323.png
Train/Rural/1324,Train,Rural,train_internal,Train/Rural/images_png/1324.png,Train/Rural/masks_png/1324.png
Train/Rural/1325,Train,Rural,val_internal,Train/Rural/images_png/1325.png,Train/Rural/masks_png/1325.png
Train/Rural/1326,Train,Rural,train_internal,Train/Rural/images_png/1326.png,Train/Rural/masks_png/1326.png
Train/Rural/1327,Train,Rural,train_internal,Train/Rural/images_png/1327.png,Train/Rural/masks_png/1327.png
Train/Rural/1328,Train,Rural,train_internal,Train/Rural/images_png/1328.png,Train/Rural/masks_png/1328.png
Train/Rural/1329,Train,Rural,train_internal,Train/Rural/images_png/1329.png,Train/Rural/masks_png/1329.png
Train/Rural/133,Train,Rural,train_internal,Train/Rural/images_png/133.png,Train/Rural/masks_png/133.png
Train/Rural/1330,Train,Rural,train_internal,Train/Rural/images_png/1330.png,Train/Rural/masks_png/1330.png
Train/Rural/1331,Train,Rural,train_internal,Train/Rural/images_png/1331.png,Train/Rural/masks_png/1331.png
Train/Rural/1332,Train,Rural,train_internal,Train/Rural/images_png/1332.png,Train/Rural/masks_png/1332.png
Train/Rural/1333,Train,Rural,val_internal,Train/Rural/images_png/1333.png,Train/Rural/masks_png/1333.png
Train/Rural/1334,Train,Rural,train_internal,Train/Rural/images_png/1334.png,Train/Rural/masks_png/1334.png
Train/Rural/1335,Train,Rural,val_internal,Train/Rural/images_png/1335.png,Train/Rural/masks_png/1335.png
Train/Rural/1336,Train,Rural,val_internal,Train/Rural/images_png/1336.png,Train/Rural/masks_png/1336.png
Train/Rural/1337,Train,Rural,val_internal,Train/Rural/images_png/1337.png,Train/Rural/masks_png/1337.png
Train/Rural/1338,Train,Rural,train_internal,Train/Rural/images_png/1338.png,Train/Rural/masks_png/1338.png
Train/Rural/1339,Train,Rural,train_internal,Train/Rural/images_png/1339.png,Train/Rural/masks_png/1339.png
Train/Rural/134,Train,Rural,train_internal,Train/Rural/images_png/134.png,Train/Rural/masks_png/134.png
Train/Rural/1340,Train,Rural,train_internal,Train/Rural/images_png/1340.png,Train/Rural/masks_png/1340.png
Train/Rural/1341,Train,Rural,train_internal,Train/Rural/images_png/1341.png,Train/Rural/masks_png/1341.png
Train/Rural/1342,Train,Rural,train_internal,Train/Rural/images_png/1342.png,Train/Rural/masks_png/1342.png
Train/Rural/1343,Train,Rural,train_internal,Train/Rural/images_png/1343.png,Train/Rural/masks_png/1343.png
Train/Rural/1344,Train,Rural,val_internal,Train/Rural/images_png/1344.png,Train/Rural/masks_png/1344.png
Train/Rural/1345,Train,Rural,train_internal,Train/Rural/images_png/1345.png,Train/Rural/masks_png/1345.png
Train/Rural/1346,Train,Rural,train_internal,Train/Rural/images_png/1346.png,Train/Rural/masks_png/1346.png
Train/Rural/1347,Train,Rural,train_internal,Train/Rural/images_png/1347.png,Train/Rural/masks_png/1347.png
Train/Rural/1348,Train,Rural,train_internal,Train/Rural/images_png/1348.png,Train/Rural/masks_png/1348.png
Train/Rural/1349,Train,Rural,train_internal,Train/Rural/images_png/1349.png,Train/Rural/masks_png/1349.png
Train/Rural/135,Train,Rural,val_internal,Train/Rural/images_png/135.png,Train/Rural/masks_png/135.png
Train/Rural/1350,Train,Rural,val_internal,Train/Rural/images_png/1350.png,Train/Rural/masks_png/1350.png
Train/Rural/1351,Train,Rural,train_internal,Train/Rural/images_png/1351.png,Train/Rural/masks_png/1351.png
Train/Rural/1352,Train,Rural,train_internal,Train/Rural/images_png/1352.png,Train/Rural/masks_png/1352.png
Train/Rural/1353,Train,Rural,train_internal,Train/Rural/images_png/1353.png,Train/Rural/masks_png/1353.png
Train/Rural/1354,Train,Rural,train_internal,Train/Rural/images_png/1354.png,Train/Rural/masks_png/1354.png
Train/Rural/1355,Train,Rural,train_internal,Train/Rural/images_png/1355.png,Train/Rural/masks_png/1355.png
Train/Rural/1356,Train,Rural,train_internal,Train/Rural/images_png/1356.png,Train/Rural/masks_png/1356.png
Train/Rural/1357,Train,Rural,train_internal,Train/Rural/images_png/1357.png,Train/Rural/masks_png/1357.png
Train/Rural/1358,Train,Rural,train_internal,Train/Rural/images_png/1358.png,Train/Rural/masks_png/1358.png
Train/Rural/1359,Train,Rural,val_internal,Train/Rural/images_png/1359.png,Train/Rural/masks_png/1359.png
Train/Rural/136,Train,Rural,train_internal,Train/Rural/images_png/136.png,Train/Rural/masks_png/136.png
Train/Rural/1360,Train,Rural,train_internal,Train/Rural/images_png/1360.png,Train/Rural/masks_png/1360.png
Train/Rural/1361,Train,Rural,train_internal,Train/Rural/images_png/1361.png,Train/Rural/masks_png/1361.png
Train/Rural/1362,Train,Rural,train_internal,Train/Rural/images_png/1362.png,Train/Rural/masks_png/1362.png
Train/Rural/1363,Train,Rural,train_internal,Train/Rural/images_png/1363.png,Train/Rural/masks_png/1363.png
Train/Rural/1364,Train,Rural,val_internal,Train/Rural/images_png/1364.png,Train/Rural/masks_png/1364.png
Train/Rural/1365,Train,Rural,train_internal,Train/Rural/images_png/1365.png,Train/Rural/masks_png/1365.png
Train/Rural/137,Train,Rural,val_internal,Train/Rural/images_png/137.png,Train/Rural/masks_png/137.png
Train/Rural/138,Train,Rural,train_internal,Train/Rural/images_png/138.png,Train/Rural/masks_png/138.png
Train/Rural/139,Train,Rural,train_internal,Train/Rural/images_png/139.png,Train/Rural/masks_png/139.png
Train/Rural/14,Train,Rural,train_internal,Train/Rural/images_png/14.png,Train/Rural/masks_png/14.png
Train/Rural/140,Train,Rural,val_internal,Train/Rural/images_png/140.png,Train/Rural/masks_png/140.png
Train/Rural/141,Train,Rural,val_internal,Train/Rural/images_png/141.png,Train/Rural/masks_png/141.png
Train/Rural/142,Train,Rural,train_internal,Train/Rural/images_png/142.png,Train/Rural/masks_png/142.png
Train/Rural/143,Train,Rural,train_internal,Train/Rural/images_png/143.png,Train/Rural/masks_png/143.png
Train/Rural/144,Train,Rural,train_internal,Train/Rural/images_png/144.png,Train/Rural/masks_png/144.png
Train/Rural/145,Train,Rural,train_internal,Train/Rural/images_png/145.png,Train/Rural/masks_png/145.png
Train/Rural/146,Train,Rural,train_internal,Train/Rural/images_png/146.png,Train/Rural/masks_png/146.png
Train/Rural/147,Train,Rural,train_internal,Train/Rural/images_png/147.png,Train/Rural/masks_png/147.png
Train/Rural/148,Train,Rural,train_internal,Train/Rural/images_png/148.png,Train/Rural/masks_png/148.png
Train/Rural/149,Train,Rural,train_internal,Train/Rural/images_png/149.png,Train/Rural/masks_png/149.png
Train/Rural/15,Train,Rural,train_internal,Train/Rural/images_png/15.png,Train/Rural/masks_png/15.png
Train/Rural/150,Train,Rural,train_internal,Train/Rural/images_png/150.png,Train/Rural/masks_png/150.png
Train/Rural/151,Train,Rural,train_internal,Train/Rural/images_png/151.png,Train/Rural/masks_png/151.png
Train/Rural/152,Train,Rural,train_internal,Train/Rural/images_png/152.png,Train/Rural/masks_png/152.png
Train/Rural/153,Train,Rural,val_internal,Train/Rural/images_png/153.png,Train/Rural/masks_png/153.png
Train/Rural/154,Train,Rural,train_internal,Train/Rural/images_png/154.png,Train/Rural/masks_png/154.png
Train/Rural/155,Train,Rural,train_internal,Train/Rural/images_png/155.png,Train/Rural/masks_png/155.png
Train/Rural/156,Train,Rural,train_internal,Train/Rural/images_png/156.png,Train/Rural/masks_png/156.png
Train/Rural/157,Train,Rural,train_internal,Train/Rural/images_png/157.png,Train/Rural/masks_png/157.png
Train/Rural/158,Train,Rural,train_internal,Train/Rural/images_png/158.png,Train/Rural/masks_png/158.png
Train/Rural/159,Train,Rural,train_internal,Train/Rural/images_png/159.png,Train/Rural/masks_png/159.png
Train/Rural/16,Train,Rural,train_internal,Train/Rural/images_png/16.png,Train/Rural/masks_png/16.png
Train/Rural/160,Train,Rural,train_internal,Train/Rural/images_png/160.png,Train/Rural/masks_png/160.png
Train/Rural/161,Train,Rural,train_internal,Train/Rural/images_png/161.png,Train/Rural/masks_png/161.png
Train/Rural/162,Train,Rural,train_internal,Train/Rural/images_png/162.png,Train/Rural/masks_png/162.png
Train/Rural/163,Train,Rural,train_internal,Train/Rural/images_png/163.png,Train/Rural/masks_png/163.png
Train/Rural/164,Train,Rural,val_internal,Train/Rural/images_png/164.png,Train/Rural/masks_png/164.png
Train/Rural/165,Train,Rural,train_internal,Train/Rural/images_png/165.png,Train/Rural/masks_png/165.png
Train/Rural/166,Train,Rural,train_internal,Train/Rural/images_png/166.png,Train/Rural/masks_png/166.png
Train/Rural/167,Train,Rural,train_internal,Train/Rural/images_png/167.png,Train/Rural/masks_png/167.png
Train/Rural/168,Train,Rural,train_internal,Train/Rural/images_png/168.png,Train/Rural/masks_png/168.png
Train/Rural/169,Train,Rural,train_internal,Train/Rural/images_png/169.png,Train/Rural/masks_png/169.png
Train/Rural/17,Train,Rural,val_internal,Train/Rural/images_png/17.png,Train/Rural/masks_png/17.png
Train/Rural/170,Train,Rural,train_internal,Train/Rural/images_png/170.png,Train/Rural/masks_png/170.png
Train/Rural/171,Train,Rural,val_internal,Train/Rural/images_png/171.png,Train/Rural/masks_png/171.png
Train/Rural/172,Train,Rural,train_internal,Train/Rural/images_png/172.png,Train/Rural/masks_png/172.png
Train/Rural/173,Train,Rural,train_internal,Train/Rural/images_png/173.png,Train/Rural/masks_png/173.png
Train/Rural/174,Train,Rural,train_internal,Train/Rural/images_png/174.png,Train/Rural/masks_png/174.png
Train/Rural/175,Train,Rural,train_internal,Train/Rural/images_png/175.png,Train/Rural/masks_png/175.png
Train/Rural/176,Train,Rural,train_internal,Train/Rural/images_png/176.png,Train/Rural/masks_png/176.png
Train/Rural/177,Train,Rural,train_internal,Train/Rural/images_png/177.png,Train/Rural/masks_png/177.png
Train/Rural/178,Train,Rural,train_internal,Train/Rural/images_png/178.png,Train/Rural/masks_png/178.png
Train/Rural/179,Train,Rural,val_internal,Train/Rural/images_png/179.png,Train/Rural/masks_png/179.png
Train/Rural/18,Train,Rural,train_internal,Train/Rural/images_png/18.png,Train/Rural/masks_png/18.png
Train/Rural/180,Train,Rural,val_internal,Train/Rural/images_png/180.png,Train/Rural/masks_png/180.png
Train/Rural/181,Train,Rural,val_internal,Train/Rural/images_png/181.png,Train/Rural/masks_png/181.png
Train/Rural/182,Train,Rural,train_internal,Train/Rural/images_png/182.png,Train/Rural/masks_png/182.png
Train/Rural/183,Train,Rural,train_internal,Train/Rural/images_png/183.png,Train/Rural/masks_png/183.png
Train/Rural/184,Train,Rural,train_internal,Train/Rural/images_png/184.png,Train/Rural/masks_png/184.png
Train/Rural/185,Train,Rural,train_internal,Train/Rural/images_png/185.png,Train/Rural/masks_png/185.png
Train/Rural/186,Train,Rural,train_internal,Train/Rural/images_png/186.png,Train/Rural/masks_png/186.png
Train/Rural/187,Train,Rural,train_internal,Train/Rural/images_png/187.png,Train/Rural/masks_png/187.png
Train/Rural/188,Train,Rural,train_internal,Train/Rural/images_png/188.png,Train/Rural/masks_png/188.png
Train/Rural/189,Train,Rural,train_internal,Train/Rural/images_png/189.png,Train/Rural/masks_png/189.png
Train/Rural/19,Train,Rural,val_internal,Train/Rural/images_png/19.png,Train/Rural/masks_png/19.png
Train/Rural/190,Train,Rural,train_internal,Train/Rural/images_png/190.png,Train/Rural/masks_png/190.png
Train/Rural/191,Train,Rural,train_internal,Train/Rural/images_png/191.png,Train/Rural/masks_png/191.png
Train/Rural/192,Train,Rural,train_internal,Train/Rural/images_png/192.png,Train/Rural/masks_png/192.png
Train/Rural/193,Train,Rural,train_internal,Train/Rural/images_png/193.png,Train/Rural/masks_png/193.png
Train/Rural/194,Train,Rural,train_internal,Train/Rural/images_png/194.png,Train/Rural/masks_png/194.png
Train/Rural/195,Train,Rural,train_internal,Train/Rural/images_png/195.png,Train/Rural/masks_png/195.png
Train/Rural/196,Train,Rural,train_internal,Train/Rural/images_png/196.png,Train/Rural/masks_png/196.png
Train/Rural/197,Train,Rural,train_internal,Train/Rural/images_png/197.png,Train/Rural/masks_png/197.png
Train/Rural/198,Train,Rural,train_internal,Train/Rural/images_png/198.png,Train/Rural/masks_png/198.png
Train/Rural/199,Train,Rural,train_internal,Train/Rural/images_png/199.png,Train/Rural/masks_png/199.png
Train/Rural/2,Train,Rural,train_internal,Train/Rural/images_png/2.png,Train/Rural/masks_png/2.png
Train/Rural/20,Train,Rural,val_internal,Train/Rural/images_png/20.png,Train/Rural/masks_png/20.png
Train/Rural/200,Train,Rural,train_internal,Train/Rural/images_png/200.png,Train/Rural/masks_png/200.png
Train/Rural/201,Train,Rural,train_internal,Train/Rural/images_png/201.png,Train/Rural/masks_png/201.png
Train/Rural/202,Train,Rural,train_internal,Train/Rural/images_png/202.png,Train/Rural/masks_png/202.png
Train/Rural/203,Train,Rural,train_internal,Train/Rural/images_png/203.png,Train/Rural/masks_png/203.png
Train/Rural/204,Train,Rural,val_internal,Train/Rural/images_png/204.png,Train/Rural/masks_png/204.png
Train/Rural/205,Train,Rural,train_internal,Train/Rural/images_png/205.png,Train/Rural/masks_png/205.png
Train/Rural/206,Train,Rural,train_internal,Train/Rural/images_png/206.png,Train/Rural/masks_png/206.png
Train/Rural/207,Train,Rural,train_internal,Train/Rural/images_png/207.png,Train/Rural/masks_png/207.png
Train/Rural/208,Train,Rural,train_internal,Train/Rural/images_png/208.png,Train/Rural/masks_png/208.png
Train/Rural/209,Train,Rural,train_internal,Train/Rural/images_png/209.png,Train/Rural/masks_png/209.png
Train/Rural/21,Train,Rural,train_internal,Train/Rural/images_png/21.png,Train/Rural/masks_png/21.png
Train/Rural/210,Train,Rural,val_internal,Train/Rural/images_png/210.png,Train/Rural/masks_png/210.png
Train/Rural/211,Train,Rural,train_internal,Train/Rural/images_png/211.png,Train/Rural/masks_png/211.png
Train/Rural/212,Train,Rural,train_internal,Train/Rural/images_png/212.png,Train/Rural/masks_png/212.png
Train/Rural/213,Train,Rural,train_internal,Train/Rural/images_png/213.png,Train/Rural/masks_png/213.png
Train/Rural/214,Train,Rural,train_internal,Train/Rural/images_png/214.png,Train/Rural/masks_png/214.png
Train/Rural/215,Train,Rural,val_internal,Train/Rural/images_png/215.png,Train/Rural/masks_png/215.png
Train/Rural/216,Train,Rural,train_internal,Train/Rural/images_png/216.png,Train/Rural/masks_png/216.png
Train/Rural/217,Train,Rural,train_internal,Train/Rural/images_png/217.png,Train/Rural/masks_png/217.png
Train/Rural/218,Train,Rural,train_internal,Train/Rural/images_png/218.png,Train/Rural/masks_png/218.png
Train/Rural/219,Train,Rural,train_internal,Train/Rural/images_png/219.png,Train/Rural/masks_png/219.png
Train/Rural/22,Train,Rural,train_internal,Train/Rural/images_png/22.png,Train/Rural/masks_png/22.png
Train/Rural/220,Train,Rural,train_internal,Train/Rural/images_png/220.png,Train/Rural/masks_png/220.png
Train/Rural/221,Train,Rural,train_internal,Train/Rural/images_png/221.png,Train/Rural/masks_png/221.png
Train/Rural/222,Train,Rural,train_internal,Train/Rural/images_png/222.png,Train/Rural/masks_png/222.png
Train/Rural/223,Train,Rural,train_internal,Train/Rural/images_png/223.png,Train/Rural/masks_png/223.png
Train/Rural/224,Train,Rural,train_internal,Train/Rural/images_png/224.png,Train/Rural/masks_png/224.png
Train/Rural/225,Train,Rural,train_internal,Train/Rural/images_png/225.png,Train/Rural/masks_png/225.png
Train/Rural/226,Train,Rural,train_internal,Train/Rural/images_png/226.png,Train/Rural/masks_png/226.png
Train/Rural/227,Train,Rural,train_internal,Train/Rural/images_png/227.png,Train/Rural/masks_png/227.png
Train/Rural/228,Train,Rural,train_internal,Train/Rural/images_png/228.png,Train/Rural/masks_png/228.png
Train/Rural/229,Train,Rural,train_internal,Train/Rural/images_png/229.png,Train/Rural/masks_png/229.png
Train/Rural/23,Train,Rural,train_internal,Train/Rural/images_png/23.png,Train/Rural/masks_png/23.png
Train/Rural/230,Train,Rural,train_internal,Train/Rural/images_png/230.png,Train/Rural/masks_png/230.png
Train/Rural/231,Train,Rural,train_internal,Train/Rural/images_png/231.png,Train/Rural/masks_png/231.png
Train/Rural/232,Train,Rural,val_internal,Train/Rural/images_png/232.png,Train/Rural/masks_png/232.png
Train/Rural/233,Train,Rural,train_internal,Train/Rural/images_png/233.png,Train/Rural/masks_png/233.png
Train/Rural/234,Train,Rural,train_internal,Train/Rural/images_png/234.png,Train/Rural/masks_png/234.png
Train/Rural/235,Train,Rural,val_internal,Train/Rural/images_png/235.png,Train/Rural/masks_png/235.png
Train/Rural/236,Train,Rural,val_internal,Train/Rural/images_png/236.png,Train/Rural/masks_png/236.png
Train/Rural/237,Train,Rural,val_internal,Train/Rural/images_png/237.png,Train/Rural/masks_png/237.png
Train/Rural/238,Train,Rural,train_internal,Train/Rural/images_png/238.png,Train/Rural/masks_png/238.png
Train/Rural/239,Train,Rural,train_internal,Train/Rural/images_png/239.png,Train/Rural/masks_png/239.png
Train/Rural/24,Train,Rural,train_internal,Train/Rural/images_png/24.png,Train/Rural/masks_png/24.png
Train/Rural/240,Train,Rural,train_internal,Train/Rural/images_png/240.png,Train/Rural/masks_png/240.png
Train/Rural/241,Train,Rural,train_internal,Train/Rural/images_png/241.png,Train/Rural/masks_png/241.png
Train/Rural/242,Train,Rural,train_internal,Train/Rural/images_png/242.png,Train/Rural/masks_png/242.png
Train/Rural/243,Train,Rural,train_internal,Train/Rural/images_png/243.png,Train/Rural/masks_png/243.png
Train/Rural/244,Train,Rural,train_internal,Train/Rural/images_png/244.png,Train/Rural/masks_png/244.png
Train/Rural/245,Train,Rural,train_internal,Train/Rural/images_png/245.png,Train/Rural/masks_png/245.png
Train/Rural/246,Train,Rural,train_internal,Train/Rural/images_png/246.png,Train/Rural/masks_png/246.png
Train/Rural/247,Train,Rural,train_internal,Train/Rural/images_png/247.png,Train/Rural/masks_png/247.png
Train/Rural/248,Train,Rural,train_internal,Train/Rural/images_png/248.png,Train/Rural/masks_png/248.png
Train/Rural/249,Train,Rural,train_internal,Train/Rural/images_png/249.png,Train/Rural/masks_png/249.png
Train/Rural/25,Train,Rural,train_internal,Train/Rural/images_png/25.png,Train/Rural/masks_png/25.png
Train/Rural/250,Train,Rural,train_internal,Train/Rural/images_png/250.png,Train/Rural/masks_png/250.png
Train/Rural/251,Train,Rural,train_internal,Train/Rural/images_png/251.png,Train/Rural/masks_png/251.png
Train/Rural/252,Train,Rural,val_internal,Train/Rural/images_png/252.png,Train/Rural/masks_png/252.png
Train/Rural/253,Train,Rural,train_internal,Train/Rural/images_png/253.png,Train/Rural/masks_png/253.png
Train/Rural/254,Train,Rural,train_internal,Train/Rural/images_png/254.png,Train/Rural/masks_png/254.png
Train/Rural/255,Train,Rural,train_internal,Train/Rural/images_png/255.png,Train/Rural/masks_png/255.png
Train/Rural/256,Train,Rural,train_internal,Train/Rural/images_png/256.png,Train/Rural/masks_png/256.png
Train/Rural/257,Train,Rural,train_internal,Train/Rural/images_png/257.png,Train/Rural/masks_png/257.png
Train/Rural/258,Train,Rural,train_internal,Train/Rural/images_png/258.png,Train/Rural/masks_png/258.png
Train/Rural/259,Train,Rural,train_internal,Train/Rural/images_png/259.png,Train/Rural/masks_png/259.png
Train/Rural/26,Train,Rural,train_internal,Train/Rural/images_png/26.png,Train/Rural/masks_png/26.png
Train/Rural/260,Train,Rural,train_internal,Train/Rural/images_png/260.png,Train/Rural/masks_png/260.png
Train/Rural/261,Train,Rural,train_internal,Train/Rural/images_png/261.png,Train/Rural/masks_png/261.png
Train/Rural/262,Train,Rural,train_internal,Train/Rural/images_png/262.png,Train/Rural/masks_png/262.png
Train/Rural/263,Train,Rural,train_internal,Train/Rural/images_png/263.png,Train/Rural/masks_png/263.png
Train/Rural/264,Train,Rural,train_internal,Train/Rural/images_png/264.png,Train/Rural/masks_png/264.png
Train/Rural/265,Train,Rural,train_internal,Train/Rural/images_png/265.png,Train/Rural/masks_png/265.png
Train/Rural/266,Train,Rural,train_internal,Train/Rural/images_png/266.png,Train/Rural/masks_png/266.png
Train/Rural/267,Train,Rural,train_internal,Train/Rural/images_png/267.png,Train/Rural/masks_png/267.png
Train/Rural/268,Train,Rural,train_internal,Train/Rural/images_png/268.png,Train/Rural/masks_png/268.png
Train/Rural/269,Train,Rural,train_internal,Train/Rural/images_png/269.png,Train/Rural/masks_png/269.png
Train/Rural/27,Train,Rural,train_internal,Train/Rural/images_png/27.png,Train/Rural/masks_png/27.png
Train/Rural/270,Train,Rural,train_internal,Train/Rural/images_png/270.png,Train/Rural/masks_png/270.png
Train/Rural/271,Train,Rural,train_internal,Train/Rural/images_png/271.png,Train/Rural/masks_png/271.png
Train/Rural/272,Train,Rural,train_internal,Train/Rural/images_png/272.png,Train/Rural/masks_png/272.png
Train/Rural/273,Train,Rural,train_internal,Train/Rural/images_png/273.png,Train/Rural/masks_png/273.png
Train/Rural/274,Train,Rural,train_internal,Train/Rural/images_png/274.png,Train/Rural/masks_png/274.png
Train/Rural/275,Train,Rural,train_internal,Train/Rural/images_png/275.png,Train/Rural/masks_png/275.png
Train/Rural/276,Train,Rural,train_internal,Train/Rural/images_png/276.png,Train/Rural/masks_png/276.png
Train/Rural/277,Train,Rural,train_internal,Train/Rural/images_png/277.png,Train/Rural/masks_png/277.png
Train/Rural/278,Train,Rural,train_internal,Train/Rural/images_png/278.png,Train/Rural/masks_png/278.png
Train/Rural/279,Train,Rural,train_internal,Train/Rural/images_png/279.png,Train/Rural/masks_png/279.png
Train/Rural/28,Train,Rural,train_internal,Train/Rural/images_png/28.png,Train/Rural/masks_png/28.png
Train/Rural/280,Train,Rural,val_internal,Train/Rural/images_png/280.png,Train/Rural/masks_png/280.png
Train/Rural/281,Train,Rural,train_internal,Train/Rural/images_png/281.png,Train/Rural/masks_png/281.png
Train/Rural/282,Train,Rural,train_internal,Train/Rural/images_png/282.png,Train/Rural/masks_png/282.png
Train/Rural/283,Train,Rural,train_internal,Train/Rural/images_png/283.png,Train/Rural/masks_png/283.png
Train/Rural/284,Train,Rural,train_internal,Train/Rural/images_png/284.png,Train/Rural/masks_png/284.png
Train/Rural/285,Train,Rural,train_internal,Train/Rural/images_png/285.png,Train/Rural/masks_png/285.png
Train/Rural/286,Train,Rural,train_internal,Train/Rural/images_png/286.png,Train/Rural/masks_png/286.png
Train/Rural/287,Train,Rural,train_internal,Train/Rural/images_png/287.png,Train/Rural/masks_png/287.png
Train/Rural/288,Train,Rural,train_internal,Train/Rural/images_png/288.png,Train/Rural/masks_png/288.png
Train/Rural/289,Train,Rural,train_internal,Train/Rural/images_png/289.png,Train/Rural/masks_png/289.png
Train/Rural/29,Train,Rural,val_internal,Train/Rural/images_png/29.png,Train/Rural/masks_png/29.png
Train/Rural/290,Train,Rural,train_internal,Train/Rural/images_png/290.png,Train/Rural/masks_png/290.png
Train/Rural/291,Train,Rural,train_internal,Train/Rural/images_png/291.png,Train/Rural/masks_png/291.png
Train/Rural/292,Train,Rural,train_internal,Train/Rural/images_png/292.png,Train/Rural/masks_png/292.png
Train/Rural/293,Train,Rural,train_internal,Train/Rural/images_png/293.png,Train/Rural/masks_png/293.png
Train/Rural/294,Train,Rural,train_internal,Train/Rural/images_png/294.png,Train/Rural/masks_png/294.png
Train/Rural/295,Train,Rural,train_internal,Train/Rural/images_png/295.png,Train/Rural/masks_png/295.png
Train/Rural/296,Train,Rural,train_internal,Train/Rural/images_png/296.png,Train/Rural/masks_png/296.png
Train/Rural/297,Train,Rural,train_internal,Train/Rural/images_png/297.png,Train/Rural/masks_png/297.png
Train/Rural/298,Train,Rural,train_internal,Train/Rural/images_png/298.png,Train/Rural/masks_png/298.png
Train/Rural/299,Train,Rural,train_internal,Train/Rural/images_png/299.png,Train/Rural/masks_png/299.png
Train/Rural/3,Train,Rural,train_internal,Train/Rural/images_png/3.png,Train/Rural/masks_png/3.png
Train/Rural/30,Train,Rural,val_internal,Train/Rural/images_png/30.png,Train/Rural/masks_png/30.png
Train/Rural/300,Train,Rural,train_internal,Train/Rural/images_png/300.png,Train/Rural/masks_png/300.png
Train/Rural/301,Train,Rural,train_internal,Train/Rural/images_png/301.png,Train/Rural/masks_png/301.png
Train/Rural/302,Train,Rural,val_internal,Train/Rural/images_png/302.png,Train/Rural/masks_png/302.png
Train/Rural/303,Train,Rural,train_internal,Train/Rural/images_png/303.png,Train/Rural/masks_png/303.png
Train/Rural/304,Train,Rural,train_internal,Train/Rural/images_png/304.png,Train/Rural/masks_png/304.png
Train/Rural/305,Train,Rural,val_internal,Train/Rural/images_png/305.png,Train/Rural/masks_png/305.png
Train/Rural/306,Train,Rural,train_internal,Train/Rural/images_png/306.png,Train/Rural/masks_png/306.png
Train/Rural/307,Train,Rural,val_internal,Train/Rural/images_png/307.png,Train/Rural/masks_png/307.png
Train/Rural/308,Train,Rural,train_internal,Train/Rural/images_png/308.png,Train/Rural/masks_png/308.png
Train/Rural/309,Train,Rural,train_internal,Train/Rural/images_png/309.png,Train/Rural/masks_png/309.png
Train/Rural/31,Train,Rural,train_internal,Train/Rural/images_png/31.png,Train/Rural/masks_png/31.png
Train/Rural/310,Train,Rural,train_internal,Train/Rural/images_png/310.png,Train/Rural/masks_png/310.png
Train/Rural/311,Train,Rural,train_internal,Train/Rural/images_png/311.png,Train/Rural/masks_png/311.png
Train/Rural/312,Train,Rural,train_internal,Train/Rural/images_png/312.png,Train/Rural/masks_png/312.png
Train/Rural/313,Train,Rural,train_internal,Train/Rural/images_png/313.png,Train/Rural/masks_png/313.png
Train/Rural/314,Train,Rural,val_internal,Train/Rural/images_png/314.png,Train/Rural/masks_png/314.png
Train/Rural/315,Train,Rural,train_internal,Train/Rural/images_png/315.png,Train/Rural/masks_png/315.png
Train/Rural/316,Train,Rural,val_internal,Train/Rural/images_png/316.png,Train/Rural/masks_png/316.png
Train/Rural/317,Train,Rural,train_internal,Train/Rural/images_png/317.png,Train/Rural/masks_png/317.png
Train/Rural/318,Train,Rural,val_internal,Train/Rural/images_png/318.png,Train/Rural/masks_png/318.png
Train/Rural/319,Train,Rural,val_internal,Train/Rural/images_png/319.png,Train/Rural/masks_png/319.png
Train/Rural/32,Train,Rural,val_internal,Train/Rural/images_png/32.png,Train/Rural/masks_png/32.png
Train/Rural/320,Train,Rural,train_internal,Train/Rural/images_png/320.png,Train/Rural/masks_png/320.png
Train/Rural/321,Train,Rural,train_internal,Train/Rural/images_png/321.png,Train/Rural/masks_png/321.png
Train/Rural/322,Train,Rural,train_internal,Train/Rural/images_png/322.png,Train/Rural/masks_png/322.png
Train/Rural/323,Train,Rural,val_internal,Train/Rural/images_png/323.png,Train/Rural/masks_png/323.png
Train/Rural/324,Train,Rural,val_internal,Train/Rural/images_png/324.png,Train/Rural/masks_png/324.png
Train/Rural/325,Train,Rural,train_internal,Train/Rural/images_png/325.png,Train/Rural/masks_png/325.png
Train/Rural/326,Train,Rural,train_internal,Train/Rural/images_png/326.png,Train/Rural/masks_png/326.png
Train/Rural/327,Train,Rural,train_internal,Train/Rural/images_png/327.png,Train/Rural/masks_png/327.png
Train/Rural/328,Train,Rural,val_internal,Train/Rural/images_png/328.png,Train/Rural/masks_png/328.png
Train/Rural/329,Train,Rural,val_internal,Train/Rural/images_png/329.png,Train/Rural/masks_png/329.png
Train/Rural/33,Train,Rural,train_internal,Train/Rural/images_png/33.png,Train/Rural/masks_png/33.png
Train/Rural/330,Train,Rural,train_internal,Train/Rural/images_png/330.png,Train/Rural/masks_png/330.png
Train/Rural/331,Train,Rural,train_internal,Train/Rural/images_png/331.png,Train/Rural/masks_png/331.png
Train/Rural/332,Train,Rural,train_internal,Train/Rural/images_png/332.png,Train/Rural/masks_png/332.png
Train/Rural/333,Train,Rural,train_internal,Train/Rural/images_png/333.png,Train/Rural/masks_png/333.png
Train/Rural/334,Train,Rural,train_internal,Train/Rural/images_png/334.png,Train/Rural/masks_png/334.png
Train/Rural/335,Train,Rural,train_internal,Train/Rural/images_png/335.png,Train/Rural/masks_png/335.png
Train/Rural/336,Train,Rural,train_internal,Train/Rural/images_png/336.png,Train/Rural/masks_png/336.png
Train/Rural/337,Train,Rural,train_internal,Train/Rural/images_png/337.png,Train/Rural/masks_png/337.png
Train/Rural/338,Train,Rural,train_internal,Train/Rural/images_png/338.png,Train/Rural/masks_png/338.png
Train/Rural/339,Train,Rural,train_internal,Train/Rural/images_png/339.png,Train/Rural/masks_png/339.png
Train/Rural/34,Train,Rural,train_internal,Train/Rural/images_png/34.png,Train/Rural/masks_png/34.png
Train/Rural/340,Train,Rural,train_internal,Train/Rural/images_png/340.png,Train/Rural/masks_png/340.png
Train/Rural/341,Train,Rural,val_internal,Train/Rural/images_png/341.png,Train/Rural/masks_png/341.png
Train/Rural/342,Train,Rural,train_internal,Train/Rural/images_png/342.png,Train/Rural/masks_png/342.png
Train/Rural/343,Train,Rural,train_internal,Train/Rural/images_png/343.png,Train/Rural/masks_png/343.png
Train/Rural/344,Train,Rural,train_internal,Train/Rural/images_png/344.png,Train/Rural/masks_png/344.png
Train/Rural/345,Train,Rural,train_internal,Train/Rural/images_png/345.png,Train/Rural/masks_png/345.png
Train/Rural/346,Train,Rural,train_internal,Train/Rural/images_png/346.png,Train/Rural/masks_png/346.png
Train/Rural/347,Train,Rural,train_internal,Train/Rural/images_png/347.png,Train/Rural/masks_png/347.png
Train/Rural/348,Train,Rural,train_internal,Train/Rural/images_png/348.png,Train/Rural/masks_png/348.png
Train/Rural/349,Train,Rural,train_internal,Train/Rural/images_png/349.png,Train/Rural/masks_png/349.png
Train/Rural/35,Train,Rural,train_internal,Train/Rural/images_png/35.png,Train/Rural/masks_png/35.png
Train/Rural/350,Train,Rural,train_internal,Train/Rural/images_png/350.png,Train/Rural/masks_png/350.png
Train/Rural/351,Train,Rural,train_internal,Train/Rural/images_png/351.png,Train/Rural/masks_png/351.png
Train/Rural/352,Train,Rural,train_internal,Train/Rural/images_png/352.png,Train/Rural/masks_png/352.png
Train/Rural/353,Train,Rural,val_internal,Train/Rural/images_png/353.png,Train/Rural/masks_png/353.png
Train/Rural/354,Train,Rural,train_internal,Train/Rural/images_png/354.png,Train/Rural/masks_png/354.png
Train/Rural/355,Train,Rural,train_internal,Train/Rural/images_png/355.png,Train/Rural/masks_png/355.png
Train/Rural/356,Train,Rural,train_internal,Train/Rural/images_png/356.png,Train/Rural/masks_png/356.png
Train/Rural/357,Train,Rural,train_internal,Train/Rural/images_png/357.png,Train/Rural/masks_png/357.png
Train/Rural/358,Train,Rural,val_internal,Train/Rural/images_png/358.png,Train/Rural/masks_png/358.png
Train/Rural/359,Train,Rural,train_internal,Train/Rural/images_png/359.png,Train/Rural/masks_png/359.png
Train/Rural/36,Train,Rural,val_internal,Train/Rural/images_png/36.png,Train/Rural/masks_png/36.png
Train/Rural/360,Train,Rural,train_internal,Train/Rural/images_png/360.png,Train/Rural/masks_png/360.png
Train/Rural/361,Train,Rural,train_internal,Train/Rural/images_png/361.png,Train/Rural/masks_png/361.png
Train/Rural/362,Train,Rural,train_internal,Train/Rural/images_png/362.png,Train/Rural/masks_png/362.png
Train/Rural/363,Train,Rural,train_internal,Train/Rural/images_png/363.png,Train/Rural/masks_png/363.png
Train/Rural/364,Train,Rural,train_internal,Train/Rural/images_png/364.png,Train/Rural/masks_png/364.png
Train/Rural/365,Train,Rural,val_internal,Train/Rural/images_png/365.png,Train/Rural/masks_png/365.png
Train/Rural/366,Train,Rural,train_internal,Train/Rural/images_png/366.png,Train/Rural/masks_png/366.png
Train/Rural/367,Train,Rural,train_internal,Train/Rural/images_png/367.png,Train/Rural/masks_png/367.png
Train/Rural/368,Train,Rural,train_internal,Train/Rural/images_png/368.png,Train/Rural/masks_png/368.png
Train/Rural/369,Train,Rural,val_internal,Train/Rural/images_png/369.png,Train/Rural/masks_png/369.png
Train/Rural/37,Train,Rural,train_internal,Train/Rural/images_png/37.png,Train/Rural/masks_png/37.png
Train/Rural/370,Train,Rural,train_internal,Train/Rural/images_png/370.png,Train/Rural/masks_png/370.png
Train/Rural/371,Train,Rural,train_internal,Train/Rural/images_png/371.png,Train/Rural/masks_png/371.png
Train/Rural/372,Train,Rural,train_internal,Train/Rural/images_png/372.png,Train/Rural/masks_png/372.png
Train/Rural/373,Train,Rural,val_internal,Train/Rural/images_png/373.png,Train/Rural/masks_png/373.png
Train/Rural/374,Train,Rural,val_internal,Train/Rural/images_png/374.png,Train/Rural/masks_png/374.png
Train/Rural/375,Train,Rural,train_internal,Train/Rural/images_png/375.png,Train/Rural/masks_png/375.png
Train/Rural/376,Train,Rural,train_internal,Train/Rural/images_png/376.png,Train/Rural/masks_png/376.png
Train/Rural/377,Train,Rural,train_internal,Train/Rural/images_png/377.png,Train/Rural/masks_png/377.png
Train/Rural/378,Train,Rural,train_internal,Train/Rural/images_png/378.png,Train/Rural/masks_png/378.png
Train/Rural/379,Train,Rural,val_internal,Train/Rural/images_png/379.png,Train/Rural/masks_png/379.png
Train/Rural/38,Train,Rural,train_internal,Train/Rural/images_png/38.png,Train/Rural/masks_png/38.png
Train/Rural/380,Train,Rural,train_internal,Train/Rural/images_png/380.png,Train/Rural/masks_png/380.png
Train/Rural/381,Train,Rural,train_internal,Train/Rural/images_png/381.png,Train/Rural/masks_png/381.png
Train/Rural/382,Train,Rural,train_internal,Train/Rural/images_png/382.png,Train/Rural/masks_png/382.png
Train/Rural/383,Train,Rural,train_internal,Train/Rural/images_png/383.png,Train/Rural/masks_png/383.png
Train/Rural/384,Train,Rural,train_internal,Train/Rural/images_png/384.png,Train/Rural/masks_png/384.png
Train/Rural/385,Train,Rural,train_internal,Train/Rural/images_png/385.png,Train/Rural/masks_png/385.png
Train/Rural/386,Train,Rural,train_internal,Train/Rural/images_png/386.png,Train/Rural/masks_png/386.png
Train/Rural/387,Train,Rural,train_internal,Train/Rural/images_png/387.png,Train/Rural/masks_png/387.png
Train/Rural/388,Train,Rural,train_internal,Train/Rural/images_png/388.png,Train/Rural/masks_png/388.png
Train/Rural/389,Train,Rural,train_internal,Train/Rural/images_png/389.png,Train/Rural/masks_png/389.png
Train/Rural/39,Train,Rural,train_internal,Train/Rural/images_png/39.png,Train/Rural/masks_png/39.png
Train/Rural/390,Train,Rural,train_internal,Train/Rural/images_png/390.png,Train/Rural/masks_png/390.png
Train/Rural/391,Train,Rural,train_internal,Train/Rural/images_png/391.png,Train/Rural/masks_png/391.png
Train/Rural/392,Train,Rural,train_internal,Train/Rural/images_png/392.png,Train/Rural/masks_png/392.png
Train/Rural/393,Train,Rural,train_internal,Train/Rural/images_png/393.png,Train/Rural/masks_png/393.png
Train/Rural/394,Train,Rural,val_internal,Train/Rural/images_png/394.png,Train/Rural/masks_png/394.png
Train/Rural/395,Train,Rural,train_internal,Train/Rural/images_png/395.png,Train/Rural/masks_png/395.png
Train/Rural/396,Train,Rural,train_internal,Train/Rural/images_png/396.png,Train/Rural/masks_png/396.png
Train/Rural/397,Train,Rural,train_internal,Train/Rural/images_png/397.png,Train/Rural/masks_png/397.png
Train/Rural/398,Train,Rural,val_internal,Train/Rural/images_png/398.png,Train/Rural/masks_png/398.png
Train/Rural/399,Train,Rural,train_internal,Train/Rural/images_png/399.png,Train/Rural/masks_png/399.png
Train/Rural/4,Train,Rural,train_internal,Train/Rural/images_png/4.png,Train/Rural/masks_png/4.png
Train/Rural/40,Train,Rural,train_internal,Train/Rural/images_png/40.png,Train/Rural/masks_png/40.png
Train/Rural/400,Train,Rural,train_internal,Train/Rural/images_png/400.png,Train/Rural/masks_png/400.png
Train/Rural/401,Train,Rural,val_internal,Train/Rural/images_png/401.png,Train/Rural/masks_png/401.png
Train/Rural/402,Train,Rural,train_internal,Train/Rural/images_png/402.png,Train/Rural/masks_png/402.png
Train/Rural/403,Train,Rural,val_internal,Train/Rural/images_png/403.png,Train/Rural/masks_png/403.png
Train/Rural/404,Train,Rural,train_internal,Train/Rural/images_png/404.png,Train/Rural/masks_png/404.png
Train/Rural/405,Train,Rural,train_internal,Train/Rural/images_png/405.png,Train/Rural/masks_png/405.png
Train/Rural/406,Train,Rural,train_internal,Train/Rural/images_png/406.png,Train/Rural/masks_png/406.png
Train/Rural/407,Train,Rural,train_internal,Train/Rural/images_png/407.png,Train/Rural/masks_png/407.png
Train/Rural/408,Train,Rural,train_internal,Train/Rural/images_png/408.png,Train/Rural/masks_png/408.png
Train/Rural/409,Train,Rural,train_internal,Train/Rural/images_png/409.png,Train/Rural/masks_png/409.png
Train/Rural/41,Train,Rural,train_internal,Train/Rural/images_png/41.png,Train/Rural/masks_png/41.png
Train/Rural/410,Train,Rural,train_internal,Train/Rural/images_png/410.png,Train/Rural/masks_png/410.png
Train/Rural/411,Train,Rural,train_internal,Train/Rural/images_png/411.png,Train/Rural/masks_png/411.png
Train/Rural/412,Train,Rural,train_internal,Train/Rural/images_png/412.png,Train/Rural/masks_png/412.png
Train/Rural/413,Train,Rural,val_internal,Train/Rural/images_png/413.png,Train/Rural/masks_png/413.png
Train/Rural/414,Train,Rural,train_internal,Train/Rural/images_png/414.png,Train/Rural/masks_png/414.png
Train/Rural/415,Train,Rural,train_internal,Train/Rural/images_png/415.png,Train/Rural/masks_png/415.png
Train/Rural/416,Train,Rural,train_internal,Train/Rural/images_png/416.png,Train/Rural/masks_png/416.png
Train/Rural/417,Train,Rural,train_internal,Train/Rural/images_png/417.png,Train/Rural/masks_png/417.png
Train/Rural/418,Train,Rural,train_internal,Train/Rural/images_png/418.png,Train/Rural/masks_png/418.png
Train/Rural/419,Train,Rural,train_internal,Train/Rural/images_png/419.png,Train/Rural/masks_png/419.png
Train/Rural/42,Train,Rural,train_internal,Train/Rural/images_png/42.png,Train/Rural/masks_png/42.png
Train/Rural/420,Train,Rural,train_internal,Train/Rural/images_png/420.png,Train/Rural/masks_png/420.png
Train/Rural/421,Train,Rural,train_internal,Train/Rural/images_png/421.png,Train/Rural/masks_png/421.png
Train/Rural/422,Train,Rural,train_internal,Train/Rural/images_png/422.png,Train/Rural/masks_png/422.png
Train/Rural/423,Train,Rural,train_internal,Train/Rural/images_png/423.png,Train/Rural/masks_png/423.png
Train/Rural/424,Train,Rural,train_internal,Train/Rural/images_png/424.png,Train/Rural/masks_png/424.png
Train/Rural/425,Train,Rural,train_internal,Train/Rural/images_png/425.png,Train/Rural/masks_png/425.png
Train/Rural/426,Train,Rural,train_internal,Train/Rural/images_png/426.png,Train/Rural/masks_png/426.png
Train/Rural/427,Train,Rural,train_internal,Train/Rural/images_png/427.png,Train/Rural/masks_png/427.png
Train/Rural/428,Train,Rural,train_internal,Train/Rural/images_png/428.png,Train/Rural/masks_png/428.png
Train/Rural/429,Train,Rural,train_internal,Train/Rural/images_png/429.png,Train/Rural/masks_png/429.png
Train/Rural/43,Train,Rural,train_internal,Train/Rural/images_png/43.png,Train/Rural/masks_png/43.png
Train/Rural/430,Train,Rural,train_internal,Train/Rural/images_png/430.png,Train/Rural/masks_png/430.png
Train/Rural/431,Train,Rural,train_internal,Train/Rural/images_png/431.png,Train/Rural/masks_png/431.png
Train/Rural/432,Train,Rural,val_internal,Train/Rural/images_png/432.png,Train/Rural/masks_png/432.png
Train/Rural/433,Train,Rural,train_internal,Train/Rural/images_png/433.png,Train/Rural/masks_png/433.png
Train/Rural/434,Train,Rural,train_internal,Train/Rural/images_png/434.png,Train/Rural/masks_png/434.png
Train/Rural/435,Train,Rural,train_internal,Train/Rural/images_png/435.png,Train/Rural/masks_png/435.png
Train/Rural/436,Train,Rural,val_internal,Train/Rural/images_png/436.png,Train/Rural/masks_png/436.png
Train/Rural/437,Train,Rural,train_internal,Train/Rural/images_png/437.png,Train/Rural/masks_png/437.png
Train/Rural/438,Train,Rural,train_internal,Train/Rural/images_png/438.png,Train/Rural/masks_png/438.png
Train/Rural/439,Train,Rural,train_internal,Train/Rural/images_png/439.png,Train/Rural/masks_png/439.png
Train/Rural/44,Train,Rural,val_internal,Train/Rural/images_png/44.png,Train/Rural/masks_png/44.png
Train/Rural/440,Train,Rural,train_internal,Train/Rural/images_png/440.png,Train/Rural/masks_png/440.png
Train/Rural/441,Train,Rural,train_internal,Train/Rural/images_png/441.png,Train/Rural/masks_png/441.png
Train/Rural/442,Train,Rural,train_internal,Train/Rural/images_png/442.png,Train/Rural/masks_png/442.png
Train/Rural/443,Train,Rural,train_internal,Train/Rural/images_png/443.png,Train/Rural/masks_png/443.png
Train/Rural/444,Train,Rural,train_internal,Train/Rural/images_png/444.png,Train/Rural/masks_png/444.png
Train/Rural/445,Train,Rural,train_internal,Train/Rural/images_png/445.png,Train/Rural/masks_png/445.png
Train/Rural/446,Train,Rural,train_internal,Train/Rural/images_png/446.png,Train/Rural/masks_png/446.png
Train/Rural/447,Train,Rural,train_internal,Train/Rural/images_png/447.png,Train/Rural/masks_png/447.png
Train/Rural/448,Train,Rural,val_internal,Train/Rural/images_png/448.png,Train/Rural/masks_png/448.png
Train/Rural/449,Train,Rural,train_internal,Train/Rural/images_png/449.png,Train/Rural/masks_png/449.png
Train/Rural/45,Train,Rural,train_internal,Train/Rural/images_png/45.png,Train/Rural/masks_png/45.png
Train/Rural/450,Train,Rural,train_internal,Train/Rural/images_png/450.png,Train/Rural/masks_png/450.png
Train/Rural/451,Train,Rural,train_internal,Train/Rural/images_png/451.png,Train/Rural/masks_png/451.png
Train/Rural/452,Train,Rural,train_internal,Train/Rural/images_png/452.png,Train/Rural/masks_png/452.png
Train/Rural/453,Train,Rural,val_internal,Train/Rural/images_png/453.png,Train/Rural/masks_png/453.png
Train/Rural/454,Train,Rural,train_internal,Train/Rural/images_png/454.png,Train/Rural/masks_png/454.png
Train/Rural/455,Train,Rural,val_internal,Train/Rural/images_png/455.png,Train/Rural/masks_png/455.png
Train/Rural/456,Train,Rural,train_internal,Train/Rural/images_png/456.png,Train/Rural/masks_png/456.png
Train/Rural/457,Train,Rural,train_internal,Train/Rural/images_png/457.png,Train/Rural/masks_png/457.png
Train/Rural/458,Train,Rural,train_internal,Train/Rural/images_png/458.png,Train/Rural/masks_png/458.png
Train/Rural/459,Train,Rural,train_internal,Train/Rural/images_png/459.png,Train/Rural/masks_png/459.png
Train/Rural/46,Train,Rural,train_internal,Train/Rural/images_png/46.png,Train/Rural/masks_png/46.png
Train/Rural/460,Train,Rural,train_internal,Train/Rural/images_png/460.png,Train/Rural/masks_png/460.png
Train/Rural/461,Train,Rural,train_internal,Train/Rural/images_png/461.png,Train/Rural/masks_png/461.png
Train/Rural/462,Train,Rural,train_internal,Train/Rural/images_png/462.png,Train/Rural/masks_png/462.png
Train/Rural/463,Train,Rural,train_internal,Train/Rural/images_png/463.png,Train/Rural/masks_png/463.png
Train/Rural/464,Train,Rural,train_internal,Train/Rural/images_png/464.png,Train/Rural/masks_png/464.png
Train/Rural/465,Train,Rural,val_internal,Train/Rural/images_png/465.png,Train/Rural/masks_png/465.png
Train/Rural/466,Train,Rural,train_internal,Train/Rural/images_png/466.png,Train/Rural/masks_png/466.png
Train/Rural/467,Train,Rural,train_internal,Train/Rural/images_png/467.png,Train/Rural/masks_png/467.png
Train/Rural/468,Train,Rural,train_internal,Train/Rural/images_png/468.png,Train/Rural/masks_png/468.png
Train/Rural/469,Train,Rural,train_internal,Train/Rural/images_png/469.png,Train/Rural/masks_png/469.png
Train/Rural/47,Train,Rural,train_internal,Train/Rural/images_png/47.png,Train/Rural/masks_png/47.png
Train/Rural/470,Train,Rural,train_internal,Train/Rural/images_png/470.png,Train/Rural/masks_png/470.png
Train/Rural/471,Train,Rural,train_internal,Train/Rural/images_png/471.png,Train/Rural/masks_png/471.png
Train/Rural/472,Train,Rural,train_internal,Train/Rural/images_png/472.png,Train/Rural/masks_png/472.png
Train/Rural/473,Train,Rural,train_internal,Train/Rural/images_png/473.png,Train/Rural/masks_png/473.png
Train/Rural/474,Train,Rural,train_internal,Train/Rural/images_png/474.png,Train/Rural/masks_png/474.png
Train/Rural/475,Train,Rural,train_internal,Train/Rural/images_png/475.png,Train/Rural/masks_png/475.png
Train/Rural/476,Train,Rural,val_internal,Train/Rural/images_png/476.png,Train/Rural/masks_png/476.png
Train/Rural/477,Train,Rural,train_internal,Train/Rural/images_png/477.png,Train/Rural/masks_png/477.png
Train/Rural/478,Train,Rural,train_internal,Train/Rural/images_png/478.png,Train/Rural/masks_png/478.png
Train/Rural/479,Train,Rural,train_internal,Train/Rural/images_png/479.png,Train/Rural/masks_png/479.png
Train/Rural/48,Train,Rural,train_internal,Train/Rural/images_png/48.png,Train/Rural/masks_png/48.png
Train/Rural/480,Train,Rural,train_internal,Train/Rural/images_png/480.png,Train/Rural/masks_png/480.png
Train/Rural/481,Train,Rural,train_internal,Train/Rural/images_png/481.png,Train/Rural/masks_png/481.png
Train/Rural/482,Train,Rural,train_internal,Train/Rural/images_png/482.png,Train/Rural/masks_png/482.png
Train/Rural/483,Train,Rural,train_internal,Train/Rural/images_png/483.png,Train/Rural/masks_png/483.png
Train/Rural/484,Train,Rural,train_internal,Train/Rural/images_png/484.png,Train/Rural/masks_png/484.png
Train/Rural/485,Train,Rural,val_internal,Train/Rural/images_png/485.png,Train/Rural/masks_png/485.png
Train/Rural/486,Train,Rural,train_internal,Train/Rural/images_png/486.png,Train/Rural/masks_png/486.png
Train/Rural/487,Train,Rural,train_internal,Train/Rural/images_png/487.png,Train/Rural/masks_png/487.png
Train/Rural/488,Train,Rural,train_internal,Train/Rural/images_png/488.png,Train/Rural/masks_png/488.png
Train/Rural/489,Train,Rural,train_internal,Train/Rural/images_png/489.png,Train/Rural/masks_png/489.png
Train/Rural/49,Train,Rural,train_internal,Train/Rural/images_png/49.png,Train/Rural/masks_png/49.png
Train/Rural/490,Train,Rural,train_internal,Train/Rural/images_png/490.png,Train/Rural/masks_png/490.png
Train/Rural/491,Train,Rural,train_internal,Train/Rural/images_png/491.png,Train/Rural/masks_png/491.png
Train/Rural/492,Train,Rural,val_internal,Train/Rural/images_png/492.png,Train/Rural/masks_png/492.png
Train/Rural/493,Train,Rural,train_internal,Train/Rural/images_png/493.png,Train/Rural/masks_png/493.png
Train/Rural/494,Train,Rural,train_internal,Train/Rural/images_png/494.png,Train/Rural/masks_png/494.png
Train/Rural/495,Train,Rural,train_internal,Train/Rural/images_png/495.png,Train/Rural/masks_png/495.png
Train/Rural/496,Train,Rural,train_internal,Train/Rural/images_png/496.png,Train/Rural/masks_png/496.png
Train/Rural/497,Train,Rural,train_internal,Train/Rural/images_png/497.png,Train/Rural/masks_png/497.png
Train/Rural/498,Train,Rural,train_internal,Train/Rural/images_png/498.png,Train/Rural/masks_png/498.png
Train/Rural/499,Train,Rural,val_internal,Train/Rural/images_png/499.png,Train/Rural/masks_png/499.png
Train/Rural/5,Train,Rural,train_internal,Train/Rural/images_png/5.png,Train/Rural/masks_png/5.png
Train/Rural/50,Train,Rural,val_internal,Train/Rural/images_png/50.png,Train/Rural/masks_png/50.png
Train/Rural/500,Train,Rural,train_internal,Train/Rural/images_png/500.png,Train/Rural/masks_png/500.png
Train/Rural/501,Train,Rural,train_internal,Train/Rural/images_png/501.png,Train/Rural/masks_png/501.png
Train/Rural/502,Train,Rural,train_internal,Train/Rural/images_png/502.png,Train/Rural/masks_png/502.png
Train/Rural/503,Train,Rural,train_internal,Train/Rural/images_png/503.png,Train/Rural/masks_png/503.png
Train/Rural/504,Train,Rural,train_internal,Train/Rural/images_png/504.png,Train/Rural/masks_png/504.png
Train/Rural/505,Train,Rural,train_internal,Train/Rural/images_png/505.png,Train/Rural/masks_png/505.png
Train/Rural/506,Train,Rural,train_internal,Train/Rural/images_png/506.png,Train/Rural/masks_png/506.png
Train/Rural/507,Train,Rural,train_internal,Train/Rural/images_png/507.png,Train/Rural/masks_png/507.png
Train/Rural/508,Train,Rural,train_internal,Train/Rural/images_png/508.png,Train/Rural/masks_png/508.png
Train/Rural/509,Train,Rural,train_internal,Train/Rural/images_png/509.png,Train/Rural/masks_png/509.png
Train/Rural/51,Train,Rural,train_internal,Train/Rural/images_png/51.png,Train/Rural/masks_png/51.png
Train/Rural/510,Train,Rural,train_internal,Train/Rural/images_png/510.png,Train/Rural/masks_png/510.png
Train/Rural/511,Train,Rural,train_internal,Train/Rural/images_png/511.png,Train/Rural/masks_png/511.png
Train/Rural/512,Train,Rural,train_internal,Train/Rural/images_png/512.png,Train/Rural/masks_png/512.png
Train/Rural/513,Train,Rural,train_internal,Train/Rural/images_png/513.png,Train/Rural/masks_png/513.png
Train/Rural/514,Train,Rural,train_internal,Train/Rural/images_png/514.png,Train/Rural/masks_png/514.png
Train/Rural/515,Train,Rural,val_internal,Train/Rural/images_png/515.png,Train/Rural/masks_png/515.png
Train/Rural/516,Train,Rural,train_internal,Train/Rural/images_png/516.png,Train/Rural/masks_png/516.png
Train/Rural/517,Train,Rural,train_internal,Train/Rural/images_png/517.png,Train/Rural/masks_png/517.png
Train/Rural/518,Train,Rural,train_internal,Train/Rural/images_png/518.png,Train/Rural/masks_png/518.png
Train/Rural/519,Train,Rural,train_internal,Train/Rural/images_png/519.png,Train/Rural/masks_png/519.png
Train/Rural/52,Train,Rural,train_internal,Train/Rural/images_png/52.png,Train/Rural/masks_png/52.png
Train/Rural/520,Train,Rural,val_internal,Train/Rural/images_png/520.png,Train/Rural/masks_png/520.png
Train/Rural/521,Train,Rural,train_internal,Train/Rural/images_png/521.png,Train/Rural/masks_png/521.png
Train/Rural/522,Train,Rural,train_internal,Train/Rural/images_png/522.png,Train/Rural/masks_png/522.png
Train/Rural/523,Train,Rural,train_internal,Train/Rural/images_png/523.png,Train/Rural/masks_png/523.png
Train/Rural/524,Train,Rural,train_internal,Train/Rural/images_png/524.png,Train/Rural/masks_png/524.png
Train/Rural/525,Train,Rural,train_internal,Train/Rural/images_png/525.png,Train/Rural/masks_png/525.png
Train/Rural/526,Train,Rural,val_internal,Train/Rural/images_png/526.png,Train/Rural/masks_png/526.png
Train/Rural/527,Train,Rural,train_internal,Train/Rural/images_png/527.png,Train/Rural/masks_png/527.png
Train/Rural/528,Train,Rural,train_internal,Train/Rural/images_png/528.png,Train/Rural/masks_png/528.png
Train/Rural/529,Train,Rural,train_internal,Train/Rural/images_png/529.png,Train/Rural/masks_png/529.png
Train/Rural/53,Train,Rural,train_internal,Train/Rural/images_png/53.png,Train/Rural/masks_png/53.png
Train/Rural/530,Train,Rural,val_internal,Train/Rural/images_png/530.png,Train/Rural/masks_png/530.png
Train/Rural/531,Train,Rural,train_internal,Train/Rural/images_png/531.png,Train/Rural/masks_png/531.png
Train/Rural/532,Train,Rural,train_internal,Train/Rural/images_png/532.png,Train/Rural/masks_png/532.png
Train/Rural/533,Train,Rural,train_internal,Train/Rural/images_png/533.png,Train/Rural/masks_png/533.png
Train/Rural/534,Train,Rural,val_internal,Train/Rural/images_png/534.png,Train/Rural/masks_png/534.png
Train/Rural/535,Train,Rural,train_internal,Train/Rural/images_png/535.png,Train/Rural/masks_png/535.png
Train/Rural/536,Train,Rural,train_internal,Train/Rural/images_png/536.png,Train/Rural/masks_png/536.png
Train/Rural/537,Train,Rural,train_internal,Train/Rural/images_png/537.png,Train/Rural/masks_png/537.png
Train/Rural/538,Train,Rural,val_internal,Train/Rural/images_png/538.png,Train/Rural/masks_png/538.png
Train/Rural/539,Train,Rural,val_internal,Train/Rural/images_png/539.png,Train/Rural/masks_png/539.png
Train/Rural/54,Train,Rural,train_internal,Train/Rural/images_png/54.png,Train/Rural/masks_png/54.png
Train/Rural/540,Train,Rural,val_internal,Train/Rural/images_png/540.png,Train/Rural/masks_png/540.png
Train/Rural/541,Train,Rural,train_internal,Train/Rural/images_png/541.png,Train/Rural/masks_png/541.png
Train/Rural/542,Train,Rural,train_internal,Train/Rural/images_png/542.png,Train/Rural/masks_png/542.png
Train/Rural/543,Train,Rural,train_internal,Train/Rural/images_png/543.png,Train/Rural/masks_png/543.png
Train/Rural/544,Train,Rural,train_internal,Train/Rural/images_png/544.png,Train/Rural/masks_png/544.png
Train/Rural/545,Train,Rural,train_internal,Train/Rural/images_png/545.png,Train/Rural/masks_png/545.png
Train/Rural/546,Train,Rural,train_internal,Train/Rural/images_png/546.png,Train/Rural/masks_png/546.png
Train/Rural/547,Train,Rural,train_internal,Train/Rural/images_png/547.png,Train/Rural/masks_png/547.png
Train/Rural/548,Train,Rural,train_internal,Train/Rural/images_png/548.png,Train/Rural/masks_png/548.png
Train/Rural/549,Train,Rural,val_internal,Train/Rural/images_png/549.png,Train/Rural/masks_png/549.png
Train/Rural/55,Train,Rural,train_internal,Train/Rural/images_png/55.png,Train/Rural/masks_png/55.png
Train/Rural/550,Train,Rural,train_internal,Train/Rural/images_png/550.png,Train/Rural/masks_png/550.png
Train/Rural/551,Train,Rural,train_internal,Train/Rural/images_png/551.png,Train/Rural/masks_png/551.png
Train/Rural/552,Train,Rural,val_internal,Train/Rural/images_png/552.png,Train/Rural/masks_png/552.png
Train/Rural/553,Train,Rural,train_internal,Train/Rural/images_png/553.png,Train/Rural/masks_png/553.png
Train/Rural/554,Train,Rural,val_internal,Train/Rural/images_png/554.png,Train/Rural/masks_png/554.png
Train/Rural/555,Train,Rural,train_internal,Train/Rural/images_png/555.png,Train/Rural/masks_png/555.png
Train/Rural/556,Train,Rural,train_internal,Train/Rural/images_png/556.png,Train/Rural/masks_png/556.png
Train/Rural/557,Train,Rural,train_internal,Train/Rural/images_png/557.png,Train/Rural/masks_png/557.png
Train/Rural/558,Train,Rural,val_internal,Train/Rural/images_png/558.png,Train/Rural/masks_png/558.png
Train/Rural/559,Train,Rural,train_internal,Train/Rural/images_png/559.png,Train/Rural/masks_png/559.png
Train/Rural/56,Train,Rural,train_internal,Train/Rural/images_png/56.png,Train/Rural/masks_png/56.png
Train/Rural/560,Train,Rural,val_internal,Train/Rural/images_png/560.png,Train/Rural/masks_png/560.png
Train/Rural/561,Train,Rural,train_internal,Train/Rural/images_png/561.png,Train/Rural/masks_png/561.png
Train/Rural/562,Train,Rural,train_internal,Train/Rural/images_png/562.png,Train/Rural/masks_png/562.png
Train/Rural/563,Train,Rural,val_internal,Train/Rural/images_png/563.png,Train/Rural/masks_png/563.png
Train/Rural/564,Train,Rural,train_internal,Train/Rural/images_png/564.png,Train/Rural/masks_png/564.png
Train/Rural/565,Train,Rural,val_internal,Train/Rural/images_png/565.png,Train/Rural/masks_png/565.png
Train/Rural/566,Train,Rural,train_internal,Train/Rural/images_png/566.png,Train/Rural/masks_png/566.png
Train/Rural/567,Train,Rural,train_internal,Train/Rural/images_png/567.png,Train/Rural/masks_png/567.png
Train/Rural/568,Train,Rural,val_internal,Train/Rural/images_png/568.png,Train/Rural/masks_png/568.png
Train/Rural/569,Train,Rural,train_internal,Train/Rural/images_png/569.png,Train/Rural/masks_png/569.png
Train/Rural/57,Train,Rural,train_internal,Train/Rural/images_png/57.png,Train/Rural/masks_png/57.png
Train/Rural/570,Train,Rural,train_internal,Train/Rural/images_png/570.png,Train/Rural/masks_png/570.png
Train/Rural/571,Train,Rural,train_internal,Train/Rural/images_png/571.png,Train/Rural/masks_png/571.png
Train/Rural/572,Train,Rural,train_internal,Train/Rural/images_png/572.png,Train/Rural/masks_png/572.png
Train/Rural/573,Train,Rural,val_internal,Train/Rural/images_png/573.png,Train/Rural/masks_png/573.png
Train/Rural/574,Train,Rural,val_internal,Train/Rural/images_png/574.png,Train/Rural/masks_png/574.png
Train/Rural/575,Train,Rural,val_internal,Train/Rural/images_png/575.png,Train/Rural/masks_png/575.png
Train/Rural/576,Train,Rural,train_internal,Train/Rural/images_png/576.png,Train/Rural/masks_png/576.png
Train/Rural/577,Train,Rural,train_internal,Train/Rural/images_png/577.png,Train/Rural/masks_png/577.png
Train/Rural/578,Train,Rural,train_internal,Train/Rural/images_png/578.png,Train/Rural/masks_png/578.png
Train/Rural/579,Train,Rural,train_internal,Train/Rural/images_png/579.png,Train/Rural/masks_png/579.png
Train/Rural/58,Train,Rural,train_internal,Train/Rural/images_png/58.png,Train/Rural/masks_png/58.png
Train/Rural/580,Train,Rural,train_internal,Train/Rural/images_png/580.png,Train/Rural/masks_png/580.png
Train/Rural/581,Train,Rural,val_internal,Train/Rural/images_png/581.png,Train/Rural/masks_png/581.png
Train/Rural/582,Train,Rural,val_internal,Train/Rural/images_png/582.png,Train/Rural/masks_png/582.png
Train/Rural/583,Train,Rural,val_internal,Train/Rural/images_png/583.png,Train/Rural/masks_png/583.png
Train/Rural/584,Train,Rural,val_internal,Train/Rural/images_png/584.png,Train/Rural/masks_png/584.png
Train/Rural/585,Train,Rural,train_internal,Train/Rural/images_png/585.png,Train/Rural/masks_png/585.png
Train/Rural/586,Train,Rural,val_internal,Train/Rural/images_png/586.png,Train/Rural/masks_png/586.png
Train/Rural/587,Train,Rural,train_internal,Train/Rural/images_png/587.png,Train/Rural/masks_png/587.png
Train/Rural/588,Train,Rural,train_internal,Train/Rural/images_png/588.png,Train/Rural/masks_png/588.png
Train/Rural/589,Train,Rural,train_internal,Train/Rural/images_png/589.png,Train/Rural/masks_png/589.png
Train/Rural/59,Train,Rural,train_internal,Train/Rural/images_png/59.png,Train/Rural/masks_png/59.png
Train/Rural/590,Train,Rural,train_internal,Train/Rural/images_png/590.png,Train/Rural/masks_png/590.png
Train/Rural/591,Train,Rural,val_internal,Train/Rural/images_png/591.png,Train/Rural/masks_png/591.png
Train/Rural/592,Train,Rural,train_internal,Train/Rural/images_png/592.png,Train/Rural/masks_png/592.png
Train/Rural/593,Train,Rural,train_internal,Train/Rural/images_png/593.png,Train/Rural/masks_png/593.png
Train/Rural/594,Train,Rural,train_internal,Train/Rural/images_png/594.png,Train/Rural/masks_png/594.png
Train/Rural/595,Train,Rural,val_internal,Train/Rural/images_png/595.png,Train/Rural/masks_png/595.png
Train/Rural/596,Train,Rural,train_internal,Train/Rural/images_png/596.png,Train/Rural/masks_png/596.png
Train/Rural/597,Train,Rural,train_internal,Train/Rural/images_png/597.png,Train/Rural/masks_png/597.png
Train/Rural/598,Train,Rural,train_internal,Train/Rural/images_png/598.png,Train/Rural/masks_png/598.png
Train/Rural/599,Train,Rural,train_internal,Train/Rural/images_png/599.png,Train/Rural/masks_png/599.png
Train/Rural/6,Train,Rural,train_internal,Train/Rural/images_png/6.png,Train/Rural/masks_png/6.png
Train/Rural/60,Train,Rural,train_internal,Train/Rural/images_png/60.png,Train/Rural/masks_png/60.png
Train/Rural/600,Train,Rural,train_internal,Train/Rural/images_png/600.png,Train/Rural/masks_png/600.png
Train/Rural/601,Train,Rural,train_internal,Train/Rural/images_png/601.png,Train/Rural/masks_png/601.png
Train/Rural/602,Train,Rural,train_internal,Train/Rural/images_png/602.png,Train/Rural/masks_png/602.png
Train/Rural/603,Train,Rural,train_internal,Train/Rural/images_png/603.png,Train/Rural/masks_png/603.png
Train/Rural/604,Train,Rural,train_internal,Train/Rural/images_png/604.png,Train/Rural/masks_png/604.png
Train/Rural/605,Train,Rural,train_internal,Train/Rural/images_png/605.png,Train/Rural/masks_png/605.png
Train/Rural/606,Train,Rural,val_internal,Train/Rural/images_png/606.png,Train/Rural/masks_png/606.png
Train/Rural/607,Train,Rural,train_internal,Train/Rural/images_png/607.png,Train/Rural/masks_png/607.png
Train/Rural/608,Train,Rural,train_internal,Train/Rural/images_png/608.png,Train/Rural/masks_png/608.png
Train/Rural/609,Train,Rural,train_internal,Train/Rural/images_png/609.png,Train/Rural/masks_png/609.png
Train/Rural/61,Train,Rural,train_internal,Train/Rural/images_png/61.png,Train/Rural/masks_png/61.png
Train/Rural/610,Train,Rural,train_internal,Train/Rural/images_png/610.png,Train/Rural/masks_png/610.png
Train/Rural/611,Train,Rural,val_internal,Train/Rural/images_png/611.png,Train/Rural/masks_png/611.png
Train/Rural/612,Train,Rural,train_internal,Train/Rural/images_png/612.png,Train/Rural/masks_png/612.png
Train/Rural/613,Train,Rural,train_internal,Train/Rural/images_png/613.png,Train/Rural/masks_png/613.png
Train/Rural/614,Train,Rural,train_internal,Train/Rural/images_png/614.png,Train/Rural/masks_png/614.png
Train/Rural/615,Train,Rural,train_internal,Train/Rural/images_png/615.png,Train/Rural/masks_png/615.png
Train/Rural/616,Train,Rural,train_internal,Train/Rural/images_png/616.png,Train/Rural/masks_png/616.png
Train/Rural/617,Train,Rural,train_internal,Train/Rural/images_png/617.png,Train/Rural/masks_png/617.png
Train/Rural/618,Train,Rural,train_internal,Train/Rural/images_png/618.png,Train/Rural/masks_png/618.png
Train/Rural/619,Train,Rural,val_internal,Train/Rural/images_png/619.png,Train/Rural/masks_png/619.png
Train/Rural/62,Train,Rural,val_internal,Train/Rural/images_png/62.png,Train/Rural/masks_png/62.png
Train/Rural/620,Train,Rural,val_internal,Train/Rural/images_png/620.png,Train/Rural/masks_png/620.png
Train/Rural/621,Train,Rural,train_internal,Train/Rural/images_png/621.png,Train/Rural/masks_png/621.png
Train/Rural/622,Train,Rural,val_internal,Train/Rural/images_png/622.png,Train/Rural/masks_png/622.png
Train/Rural/623,Train,Rural,train_internal,Train/Rural/images_png/623.png,Train/Rural/masks_png/623.png
Train/Rural/624,Train,Rural,train_internal,Train/Rural/images_png/624.png,Train/Rural/masks_png/624.png
Train/Rural/625,Train,Rural,train_internal,Train/Rural/images_png/625.png,Train/Rural/masks_png/625.png
Train/Rural/626,Train,Rural,train_internal,Train/Rural/images_png/626.png,Train/Rural/masks_png/626.png
Train/Rural/627,Train,Rural,train_internal,Train/Rural/images_png/627.png,Train/Rural/masks_png/627.png
Train/Rural/628,Train,Rural,train_internal,Train/Rural/images_png/628.png,Train/Rural/masks_png/628.png
Train/Rural/629,Train,Rural,train_internal,Train/Rural/images_png/629.png,Train/Rural/masks_png/629.png
Train/Rural/63,Train,Rural,train_internal,Train/Rural/images_png/63.png,Train/Rural/masks_png/63.png
Train/Rural/630,Train,Rural,val_internal,Train/Rural/images_png/630.png,Train/Rural/masks_png/630.png
Train/Rural/631,Train,Rural,train_internal,Train/Rural/images_png/631.png,Train/Rural/masks_png/631.png
Train/Rural/632,Train,Rural,train_internal,Train/Rural/images_png/632.png,Train/Rural/masks_png/632.png
Train/Rural/633,Train,Rural,train_internal,Train/Rural/images_png/633.png,Train/Rural/masks_png/633.png
Train/Rural/634,Train,Rural,train_internal,Train/Rural/images_png/634.png,Train/Rural/masks_png/634.png
Train/Rural/635,Train,Rural,val_internal,Train/Rural/images_png/635.png,Train/Rural/masks_png/635.png
Train/Rural/636,Train,Rural,train_internal,Train/Rural/images_png/636.png,Train/Rural/masks_png/636.png
Train/Rural/637,Train,Rural,val_internal,Train/Rural/images_png/637.png,Train/Rural/masks_png/637.png
Train/Rural/638,Train,Rural,train_internal,Train/Rural/images_png/638.png,Train/Rural/masks_png/638.png
Train/Rural/639,Train,Rural,train_internal,Train/Rural/images_png/639.png,Train/Rural/masks_png/639.png
Train/Rural/64,Train,Rural,train_internal,Train/Rural/images_png/64.png,Train/Rural/masks_png/64.png
Train/Rural/640,Train,Rural,val_internal,Train/Rural/images_png/640.png,Train/Rural/masks_png/640.png
Train/Rural/641,Train,Rural,train_internal,Train/Rural/images_png/641.png,Train/Rural/masks_png/641.png
Train/Rural/642,Train,Rural,train_internal,Train/Rural/images_png/642.png,Train/Rural/masks_png/642.png
Train/Rural/643,Train,Rural,train_internal,Train/Rural/images_png/643.png,Train/Rural/masks_png/643.png
Train/Rural/644,Train,Rural,train_internal,Train/Rural/images_png/644.png,Train/Rural/masks_png/644.png
Train/Rural/645,Train,Rural,train_internal,Train/Rural/images_png/645.png,Train/Rural/masks_png/645.png
Train/Rural/646,Train,Rural,train_internal,Train/Rural/images_png/646.png,Train/Rural/masks_png/646.png
Train/Rural/647,Train,Rural,val_internal,Train/Rural/images_png/647.png,Train/Rural/masks_png/647.png
Train/Rural/648,Train,Rural,train_internal,Train/Rural/images_png/648.png,Train/Rural/masks_png/648.png
Train/Rural/649,Train,Rural,val_internal,Train/Rural/images_png/649.png,Train/Rural/masks_png/649.png
Train/Rural/65,Train,Rural,train_internal,Train/Rural/images_png/65.png,Train/Rural/masks_png/65.png
Train/Rural/650,Train,Rural,train_internal,Train/Rural/images_png/650.png,Train/Rural/masks_png/650.png
Train/Rural/651,Train,Rural,train_internal,Train/Rural/images_png/651.png,Train/Rural/masks_png/651.png
Train/Rural/652,Train,Rural,train_internal,Train/Rural/images_png/652.png,Train/Rural/masks_png/652.png
Train/Rural/653,Train,Rural,train_internal,Train/Rural/images_png/653.png,Train/Rural/masks_png/653.png
Train/Rural/654,Train,Rural,train_internal,Train/Rural/images_png/654.png,Train/Rural/masks_png/654.png
Train/Rural/655,Train,Rural,train_internal,Train/Rural/images_png/655.png,Train/Rural/masks_png/655.png
Train/Rural/656,Train,Rural,train_internal,Train/Rural/images_png/656.png,Train/Rural/masks_png/656.png
Train/Rural/657,Train,Rural,train_internal,Train/Rural/images_png/657.png,Train/Rural/masks_png/657.png
Train/Rural/658,Train,Rural,val_internal,Train/Rural/images_png/658.png,Train/Rural/masks_png/658.png
Train/Rural/659,Train,Rural,val_internal,Train/Rural/images_png/659.png,Train/Rural/masks_png/659.png
Train/Rural/66,Train,Rural,train_internal,Train/Rural/images_png/66.png,Train/Rural/masks_png/66.png
Train/Rural/660,Train,Rural,train_internal,Train/Rural/images_png/660.png,Train/Rural/masks_png/660.png
Train/Rural/661,Train,Rural,train_internal,Train/Rural/images_png/661.png,Train/Rural/masks_png/661.png
Train/Rural/662,Train,Rural,train_internal,Train/Rural/images_png/662.png,Train/Rural/masks_png/662.png
Train/Rural/663,Train,Rural,train_internal,Train/Rural/images_png/663.png,Train/Rural/masks_png/663.png
Train/Rural/664,Train,Rural,train_internal,Train/Rural/images_png/664.png,Train/Rural/masks_png/664.png
Train/Rural/665,Train,Rural,train_internal,Train/Rural/images_png/665.png,Train/Rural/masks_png/665.png
Train/Rural/666,Train,Rural,train_internal,Train/Rural/images_png/666.png,Train/Rural/masks_png/666.png
Train/Rural/667,Train,Rural,train_internal,Train/Rural/images_png/667.png,Train/Rural/masks_png/667.png
Train/Rural/668,Train,Rural,train_internal,Train/Rural/images_png/668.png,Train/Rural/masks_png/668.png
Train/Rural/669,Train,Rural,val_internal,Train/Rural/images_png/669.png,Train/Rural/masks_png/669.png
Train/Rural/67,Train,Rural,train_internal,Train/Rural/images_png/67.png,Train/Rural/masks_png/67.png
Train/Rural/670,Train,Rural,train_internal,Train/Rural/images_png/670.png,Train/Rural/masks_png/670.png
Train/Rural/671,Train,Rural,train_internal,Train/Rural/images_png/671.png,Train/Rural/masks_png/671.png
Train/Rural/672,Train,Rural,train_internal,Train/Rural/images_png/672.png,Train/Rural/masks_png/672.png
Train/Rural/673,Train,Rural,train_internal,Train/Rural/images_png/673.png,Train/Rural/masks_png/673.png
Train/Rural/674,Train,Rural,val_internal,Train/Rural/images_png/674.png,Train/Rural/masks_png/674.png
Train/Rural/675,Train,Rural,train_internal,Train/Rural/images_png/675.png,Train/Rural/masks_png/675.png
Train/Rural/676,Train,Rural,train_internal,Train/Rural/images_png/676.png,Train/Rural/masks_png/676.png
Train/Rural/677,Train,Rural,train_internal,Train/Rural/images_png/677.png,Train/Rural/masks_png/677.png
Train/Rural/678,Train,Rural,train_internal,Train/Rural/images_png/678.png,Train/Rural/masks_png/678.png
Train/Rural/679,Train,Rural,train_internal,Train/Rural/images_png/679.png,Train/Rural/masks_png/679.png
Train/Rural/68,Train,Rural,train_internal,Train/Rural/images_png/68.png,Train/Rural/masks_png/68.png
Train/Rural/680,Train,Rural,train_internal,Train/Rural/images_png/680.png,Train/Rural/masks_png/680.png
Train/Rural/681,Train,Rural,train_internal,Train/Rural/images_png/681.png,Train/Rural/masks_png/681.png
Train/Rural/682,Train,Rural,train_internal,Train/Rural/images_png/682.png,Train/Rural/masks_png/682.png
Train/Rural/683,Train,Rural,train_internal,Train/Rural/images_png/683.png,Train/Rural/masks_png/683.png
Train/Rural/684,Train,Rural,train_internal,Train/Rural/images_png/684.png,Train/Rural/masks_png/684.png
Train/Rural/685,Train,Rural,train_internal,Train/Rural/images_png/685.png,Train/Rural/masks_png/685.png
Train/Rural/686,Train,Rural,val_internal,Train/Rural/images_png/686.png,Train/Rural/masks_png/686.png
Train/Rural/687,Train,Rural,train_internal,Train/Rural/images_png/687.png,Train/Rural/masks_png/687.png
Train/Rural/688,Train,Rural,train_internal,Train/Rural/images_png/688.png,Train/Rural/masks_png/688.png
Train/Rural/689,Train,Rural,train_internal,Train/Rural/images_png/689.png,Train/Rural/masks_png/689.png
Train/Rural/69,Train,Rural,train_internal,Train/Rural/images_png/69.png,Train/Rural/masks_png/69.png
Train/Rural/690,Train,Rural,val_internal,Train/Rural/images_png/690.png,Train/Rural/masks_png/690.png
Train/Rural/691,Train,Rural,val_internal,Train/Rural/images_png/691.png,Train/Rural/masks_png/691.png
Train/Rural/692,Train,Rural,train_internal,Train/Rural/images_png/692.png,Train/Rural/masks_png/692.png
Train/Rural/693,Train,Rural,val_internal,Train/Rural/images_png/693.png,Train/Rural/masks_png/693.png
Train/Rural/694,Train,Rural,val_internal,Train/Rural/images_png/694.png,Train/Rural/masks_png/694.png
Train/Rural/695,Train,Rural,train_internal,Train/Rural/images_png/695.png,Train/Rural/masks_png/695.png
Train/Rural/696,Train,Rural,train_internal,Train/Rural/images_png/696.png,Train/Rural/masks_png/696.png
Train/Rural/697,Train,Rural,train_internal,Train/Rural/images_png/697.png,Train/Rural/masks_png/697.png
Train/Rural/698,Train,Rural,train_internal,Train/Rural/images_png/698.png,Train/Rural/masks_png/698.png
Train/Rural/699,Train,Rural,train_internal,Train/Rural/images_png/699.png,Train/Rural/masks_png/699.png
Train/Rural/7,Train,Rural,train_internal,Train/Rural/images_png/7.png,Train/Rural/masks_png/7.png
Train/Rural/70,Train,Rural,train_internal,Train/Rural/images_png/70.png,Train/Rural/masks_png/70.png
Train/Rural/700,Train,Rural,train_internal,Train/Rural/images_png/700.png,Train/Rural/masks_png/700.png
Train/Rural/701,Train,Rural,train_internal,Train/Rural/images_png/701.png,Train/Rural/masks_png/701.png
Train/Rural/702,Train,Rural,train_internal,Train/Rural/images_png/702.png,Train/Rural/masks_png/702.png
Train/Rural/703,Train,Rural,train_internal,Train/Rural/images_png/703.png,Train/Rural/masks_png/703.png
Train/Rural/704,Train,Rural,train_internal,Train/Rural/images_png/704.png,Train/Rural/masks_png/704.png
Train/Rural/705,Train,Rural,train_internal,Train/Rural/images_png/705.png,Train/Rural/masks_png/705.png
Train/Rural/706,Train,Rural,train_internal,Train/Rural/images_png/706.png,Train/Rural/masks_png/706.png
Train/Rural/707,Train,Rural,train_internal,Train/Rural/images_png/707.png,Train/Rural/masks_png/707.png
Train/Rural/708,Train,Rural,train_internal,Train/Rural/images_png/708.png,Train/Rural/masks_png/708.png
Train/Rural/709,Train,Rural,train_internal,Train/Rural/images_png/709.png,Train/Rural/masks_png/709.png
Train/Rural/71,Train,Rural,val_internal,Train/Rural/images_png/71.png,Train/Rural/masks_png/71.png
Train/Rural/710,Train,Rural,train_internal,Train/Rural/images_png/710.png,Train/Rural/masks_png/710.png
Train/Rural/711,Train,Rural,train_internal,Train/Rural/images_png/711.png,Train/Rural/masks_png/711.png
Train/Rural/712,Train,Rural,train_internal,Train/Rural/images_png/712.png,Train/Rural/masks_png/712.png
Train/Rural/713,Train,Rural,train_internal,Train/Rural/images_png/713.png,Train/Rural/masks_png/713.png
Train/Rural/714,Train,Rural,train_internal,Train/Rural/images_png/714.png,Train/Rural/masks_png/714.png
Train/Rural/715,Train,Rural,train_internal,Train/Rural/images_png/715.png,Train/Rural/masks_png/715.png
Train/Rural/716,Train,Rural,train_internal,Train/Rural/images_png/716.png,Train/Rural/masks_png/716.png
Train/Rural/717,Train,Rural,train_internal,Train/Rural/images_png/717.png,Train/Rural/masks_png/717.png
Train/Rural/718,Train,Rural,train_internal,Train/Rural/images_png/718.png,Train/Rural/masks_png/718.png
Train/Rural/719,Train,Rural,train_internal,Train/Rural/images_png/719.png,Train/Rural/masks_png/719.png
Train/Rural/72,Train,Rural,train_internal,Train/Rural/images_png/72.png,Train/Rural/masks_png/72.png
Train/Rural/720,Train,Rural,val_internal,Train/Rural/images_png/720.png,Train/Rural/masks_png/720.png
Train/Rural/721,Train,Rural,train_internal,Train/Rural/images_png/721.png,Train/Rural/masks_png/721.png
Train/Rural/722,Train,Rural,train_internal,Train/Rural/images_png/722.png,Train/Rural/masks_png/722.png
Train/Rural/723,Train,Rural,train_internal,Train/Rural/images_png/723.png,Train/Rural/masks_png/723.png
Train/Rural/724,Train,Rural,train_internal,Train/Rural/images_png/724.png,Train/Rural/masks_png/724.png
Train/Rural/725,Train,Rural,train_internal,Train/Rural/images_png/725.png,Train/Rural/masks_png/725.png
Train/Rural/726,Train,Rural,train_internal,Train/Rural/images_png/726.png,Train/Rural/masks_png/726.png
Train/Rural/727,Train,Rural,val_internal,Train/Rural/images_png/727.png,Train/Rural/masks_png/727.png
Train/Rural/728,Train,Rural,val_internal,Train/Rural/images_png/728.png,Train/Rural/masks_png/728.png
Train/Rural/729,Train,Rural,train_internal,Train/Rural/images_png/729.png,Train/Rural/masks_png/729.png
Train/Rural/73,Train,Rural,train_internal,Train/Rural/images_png/73.png,Train/Rural/masks_png/73.png
Train/Rural/730,Train,Rural,train_internal,Train/Rural/images_png/730.png,Train/Rural/masks_png/730.png
Train/Rural/731,Train,Rural,train_internal,Train/Rural/images_png/731.png,Train/Rural/masks_png/731.png
Train/Rural/732,Train,Rural,train_internal,Train/Rural/images_png/732.png,Train/Rural/masks_png/732.png
Train/Rural/733,Train,Rural,train_internal,Train/Rural/images_png/733.png,Train/Rural/masks_png/733.png
Train/Rural/734,Train,Rural,train_internal,Train/Rural/images_png/734.png,Train/Rural/masks_png/734.png
Train/Rural/735,Train,Rural,train_internal,Train/Rural/images_png/735.png,Train/Rural/masks_png/735.png
Train/Rural/736,Train,Rural,train_internal,Train/Rural/images_png/736.png,Train/Rural/masks_png/736.png
Train/Rural/737,Train,Rural,train_internal,Train/Rural/images_png/737.png,Train/Rural/masks_png/737.png
Train/Rural/738,Train,Rural,val_internal,Train/Rural/images_png/738.png,Train/Rural/masks_png/738.png
Train/Rural/739,Train,Rural,val_internal,Train/Rural/images_png/739.png,Train/Rural/masks_png/739.png
Train/Rural/74,Train,Rural,train_internal,Train/Rural/images_png/74.png,Train/Rural/masks_png/74.png
Train/Rural/740,Train,Rural,train_internal,Train/Rural/images_png/740.png,Train/Rural/masks_png/740.png
Train/Rural/741,Train,Rural,train_internal,Train/Rural/images_png/741.png,Train/Rural/masks_png/741.png
Train/Rural/742,Train,Rural,train_internal,Train/Rural/images_png/742.png,Train/Rural/masks_png/742.png
Train/Rural/743,Train,Rural,train_internal,Train/Rural/images_png/743.png,Train/Rural/masks_png/743.png
Train/Rural/744,Train,Rural,val_internal,Train/Rural/images_png/744.png,Train/Rural/masks_png/744.png
Train/Rural/745,Train,Rural,val_internal,Train/Rural/images_png/745.png,Train/Rural/masks_png/745.png
Train/Rural/746,Train,Rural,train_internal,Train/Rural/images_png/746.png,Train/Rural/masks_png/746.png
Train/Rural/747,Train,Rural,train_internal,Train/Rural/images_png/747.png,Train/Rural/masks_png/747.png
Train/Rural/748,Train,Rural,val_internal,Train/Rural/images_png/748.png,Train/Rural/masks_png/748.png
Train/Rural/749,Train,Rural,train_internal,Train/Rural/images_png/749.png,Train/Rural/masks_png/749.png
Train/Rural/75,Train,Rural,train_internal,Train/Rural/images_png/75.png,Train/Rural/masks_png/75.png
Train/Rural/750,Train,Rural,val_internal,Train/Rural/images_png/750.png,Train/Rural/masks_png/750.png
Train/Rural/751,Train,Rural,train_internal,Train/Rural/images_png/751.png,Train/Rural/masks_png/751.png
Train/Rural/752,Train,Rural,train_internal,Train/Rural/images_png/752.png,Train/Rural/masks_png/752.png
Train/Rural/753,Train,Rural,train_internal,Train/Rural/images_png/753.png,Train/Rural/masks_png/753.png
Train/Rural/754,Train,Rural,val_internal,Train/Rural/images_png/754.png,Train/Rural/masks_png/754.png
Train/Rural/755,Train,Rural,train_internal,Train/Rural/images_png/755.png,Train/Rural/masks_png/755.png
Train/Rural/756,Train,Rural,train_internal,Train/Rural/images_png/756.png,Train/Rural/masks_png/756.png
Train/Rural/757,Train,Rural,train_internal,Train/Rural/images_png/757.png,Train/Rural/masks_png/757.png
Train/Rural/758,Train,Rural,train_internal,Train/Rural/images_png/758.png,Train/Rural/masks_png/758.png
Train/Rural/759,Train,Rural,train_internal,Train/Rural/images_png/759.png,Train/Rural/masks_png/759.png
Train/Rural/76,Train,Rural,val_internal,Train/Rural/images_png/76.png,Train/Rural/masks_png/76.png
Train/Rural/760,Train,Rural,train_internal,Train/Rural/images_png/760.png,Train/Rural/masks_png/760.png
Train/Rural/761,Train,Rural,train_internal,Train/Rural/images_png/761.png,Train/Rural/masks_png/761.png
Train/Rural/762,Train,Rural,train_internal,Train/Rural/images_png/762.png,Train/Rural/masks_png/762.png
Train/Rural/763,Train,Rural,val_internal,Train/Rural/images_png/763.png,Train/Rural/masks_png/763.png
Train/Rural/764,Train,Rural,val_internal,Train/Rural/images_png/764.png,Train/Rural/masks_png/764.png
Train/Rural/765,Train,Rural,train_internal,Train/Rural/images_png/765.png,Train/Rural/masks_png/765.png
Train/Rural/766,Train,Rural,train_internal,Train/Rural/images_png/766.png,Train/Rural/masks_png/766.png
Train/Rural/767,Train,Rural,train_internal,Train/Rural/images_png/767.png,Train/Rural/masks_png/767.png
Train/Rural/768,Train,Rural,val_internal,Train/Rural/images_png/768.png,Train/Rural/masks_png/768.png
Train/Rural/769,Train,Rural,train_internal,Train/Rural/images_png/769.png,Train/Rural/masks_png/769.png
Train/Rural/77,Train,Rural,train_internal,Train/Rural/images_png/77.png,Train/Rural/masks_png/77.png
Train/Rural/770,Train,Rural,train_internal,Train/Rural/images_png/770.png,Train/Rural/masks_png/770.png
Train/Rural/771,Train,Rural,train_internal,Train/Rural/images_png/771.png,Train/Rural/masks_png/771.png
Train/Rural/772,Train,Rural,train_internal,Train/Rural/images_png/772.png,Train/Rural/masks_png/772.png
Train/Rural/773,Train,Rural,train_internal,Train/Rural/images_png/773.png,Train/Rural/masks_png/773.png
Train/Rural/774,Train,Rural,train_internal,Train/Rural/images_png/774.png,Train/Rural/masks_png/774.png
Train/Rural/775,Train,Rural,train_internal,Train/Rural/images_png/775.png,Train/Rural/masks_png/775.png
Train/Rural/776,Train,Rural,train_internal,Train/Rural/images_png/776.png,Train/Rural/masks_png/776.png
Train/Rural/777,Train,Rural,val_internal,Train/Rural/images_png/777.png,Train/Rural/masks_png/777.png
Train/Rural/778,Train,Rural,train_internal,Train/Rural/images_png/778.png,Train/Rural/masks_png/778.png
Train/Rural/779,Train,Rural,train_internal,Train/Rural/images_png/779.png,Train/Rural/masks_png/779.png
Train/Rural/78,Train,Rural,train_internal,Train/Rural/images_png/78.png,Train/Rural/masks_png/78.png
Train/Rural/780,Train,Rural,train_internal,Train/Rural/images_png/780.png,Train/Rural/masks_png/780.png
Train/Rural/781,Train,Rural,train_internal,Train/Rural/images_png/781.png,Train/Rural/masks_png/781.png
Train/Rural/782,Train,Rural,train_internal,Train/Rural/images_png/782.png,Train/Rural/masks_png/782.png
Train/Rural/783,Train,Rural,val_internal,Train/Rural/images_png/783.png,Train/Rural/masks_png/783.png
Train/Rural/784,Train,Rural,val_internal,Train/Rural/images_png/784.png,Train/Rural/masks_png/784.png
Train/Rural/785,Train,Rural,train_internal,Train/Rural/images_png/785.png,Train/Rural/masks_png/785.png
Train/Rural/786,Train,Rural,train_internal,Train/Rural/images_png/786.png,Train/Rural/masks_png/786.png
Train/Rural/787,Train,Rural,train_internal,Train/Rural/images_png/787.png,Train/Rural/masks_png/787.png
Train/Rural/788,Train,Rural,train_internal,Train/Rural/images_png/788.png,Train/Rural/masks_png/788.png
Train/Rural/789,Train,Rural,val_internal,Train/Rural/images_png/789.png,Train/Rural/masks_png/789.png
Train/Rural/79,Train,Rural,train_internal,Train/Rural/images_png/79.png,Train/Rural/masks_png/79.png
Train/Rural/790,Train,Rural,train_internal,Train/Rural/images_png/790.png,Train/Rural/masks_png/790.png
Train/Rural/791,Train,Rural,train_internal,Train/Rural/images_png/791.png,Train/Rural/masks_png/791.png
Train/Rural/792,Train,Rural,train_internal,Train/Rural/images_png/792.png,Train/Rural/masks_png/792.png
Train/Rural/793,Train,Rural,train_internal,Train/Rural/images_png/793.png,Train/Rural/masks_png/793.png
Train/Rural/794,Train,Rural,train_internal,Train/Rural/images_png/794.png,Train/Rural/masks_png/794.png
Train/Rural/795,Train,Rural,train_internal,Train/Rural/images_png/795.png,Train/Rural/masks_png/795.png
Train/Rural/796,Train,Rural,train_internal,Train/Rural/images_png/796.png,Train/Rural/masks_png/796.png
Train/Rural/797,Train,Rural,val_internal,Train/Rural/images_png/797.png,Train/Rural/masks_png/797.png
Train/Rural/798,Train,Rural,train_internal,Train/Rural/images_png/798.png,Train/Rural/masks_png/798.png
Train/Rural/799,Train,Rural,train_internal,Train/Rural/images_png/799.png,Train/Rural/masks_png/799.png
Train/Rural/8,Train,Rural,train_internal,Train/Rural/images_png/8.png,Train/Rural/masks_png/8.png
Train/Rural/80,Train,Rural,train_internal,Train/Rural/images_png/80.png,Train/Rural/masks_png/80.png
Train/Rural/800,Train,Rural,val_internal,Train/Rural/images_png/800.png,Train/Rural/masks_png/800.png
Train/Rural/801,Train,Rural,train_internal,Train/Rural/images_png/801.png,Train/Rural/masks_png/801.png
Train/Rural/802,Train,Rural,train_internal,Train/Rural/images_png/802.png,Train/Rural/masks_png/802.png
Train/Rural/803,Train,Rural,train_internal,Train/Rural/images_png/803.png,Train/Rural/masks_png/803.png
Train/Rural/804,Train,Rural,train_internal,Train/Rural/images_png/804.png,Train/Rural/masks_png/804.png
Train/Rural/805,Train,Rural,val_internal,Train/Rural/images_png/805.png,Train/Rural/masks_png/805.png
Train/Rural/806,Train,Rural,train_internal,Train/Rural/images_png/806.png,Train/Rural/masks_png/806.png
Train/Rural/807,Train,Rural,val_internal,Train/Rural/images_png/807.png,Train/Rural/masks_png/807.png
Train/Rural/808,Train,Rural,train_internal,Train/Rural/images_png/808.png,Train/Rural/masks_png/808.png
Train/Rural/809,Train,Rural,train_internal,Train/Rural/images_png/809.png,Train/Rural/masks_png/809.png
Train/Rural/81,Train,Rural,train_internal,Train/Rural/images_png/81.png,Train/Rural/masks_png/81.png
Train/Rural/810,Train,Rural,train_internal,Train/Rural/images_png/810.png,Train/Rural/masks_png/810.png
Train/Rural/811,Train,Rural,train_internal,Train/Rural/images_png/811.png,Train/Rural/masks_png/811.png
Train/Rural/812,Train,Rural,train_internal,Train/Rural/images_png/812.png,Train/Rural/masks_png/812.png
Train/Rural/813,Train,Rural,val_internal,Train/Rural/images_png/813.png,Train/Rural/masks_png/813.png
Train/Rural/814,Train,Rural,val_internal,Train/Rural/images_png/814.png,Train/Rural/masks_png/814.png
Train/Rural/815,Train,Rural,train_internal,Train/Rural/images_png/815.png,Train/Rural/masks_png/815.png
Train/Rural/816,Train,Rural,val_internal,Train/Rural/images_png/816.png,Train/Rural/masks_png/816.png
Train/Rural/817,Train,Rural,train_internal,Train/Rural/images_png/817.png,Train/Rural/masks_png/817.png
Train/Rural/818,Train,Rural,train_internal,Train/Rural/images_png/818.png,Train/Rural/masks_png/818.png
Train/Rural/819,Train,Rural,val_internal,Train/Rural/images_png/819.png,Train/Rural/masks_png/819.png
Train/Rural/82,Train,Rural,train_internal,Train/Rural/images_png/82.png,Train/Rural/masks_png/82.png
Train/Rural/820,Train,Rural,val_internal,Train/Rural/images_png/820.png,Train/Rural/masks_png/820.png
Train/Rural/821,Train,Rural,train_internal,Train/Rural/images_png/821.png,Train/Rural/masks_png/821.png
Train/Rural/822,Train,Rural,train_internal,Train/Rural/images_png/822.png,Train/Rural/masks_png/822.png
Train/Rural/823,Train,Rural,train_internal,Train/Rural/images_png/823.png,Train/Rural/masks_png/823.png
Train/Rural/824,Train,Rural,train_internal,Train/Rural/images_png/824.png,Train/Rural/masks_png/824.png
Train/Rural/825,Train,Rural,train_internal,Train/Rural/images_png/825.png,Train/Rural/masks_png/825.png
Train/Rural/826,Train,Rural,train_internal,Train/Rural/images_png/826.png,Train/Rural/masks_png/826.png
Train/Rural/827,Train,Rural,train_internal,Train/Rural/images_png/827.png,Train/Rural/masks_png/827.png
Train/Rural/828,Train,Rural,train_internal,Train/Rural/images_png/828.png,Train/Rural/masks_png/828.png
Train/Rural/829,Train,Rural,train_internal,Train/Rural/images_png/829.png,Train/Rural/masks_png/829.png
Train/Rural/83,Train,Rural,train_internal,Train/Rural/images_png/83.png,Train/Rural/masks_png/83.png
Train/Rural/830,Train,Rural,train_internal,Train/Rural/images_png/830.png,Train/Rural/masks_png/830.png
Train/Rural/831,Train,Rural,train_internal,Train/Rural/images_png/831.png,Train/Rural/masks_png/831.png
Train/Rural/832,Train,Rural,train_internal,Train/Rural/images_png/832.png,Train/Rural/masks_png/832.png
Train/Rural/833,Train,Rural,train_internal,Train/Rural/images_png/833.png,Train/Rural/masks_png/833.png
Train/Rural/834,Train,Rural,train_internal,Train/Rural/images_png/834.png,Train/Rural/masks_png/834.png
Train/Rural/835,Train,Rural,train_internal,Train/Rural/images_png/835.png,Train/Rural/masks_png/835.png
Train/Rural/836,Train,Rural,train_internal,Train/Rural/images_png/836.png,Train/Rural/masks_png/836.png
Train/Rural/837,Train,Rural,train_internal,Train/Rural/images_png/837.png,Train/Rural/masks_png/837.png
Train/Rural/838,Train,Rural,train_internal,Train/Rural/images_png/838.png,Train/Rural/masks_png/838.png
Train/Rural/839,Train,Rural,train_internal,Train/Rural/images_png/839.png,Train/Rural/masks_png/839.png
Train/Rural/84,Train,Rural,train_internal,Train/Rural/images_png/84.png,Train/Rural/masks_png/84.png
Train/Rural/840,Train,Rural,train_internal,Train/Rural/images_png/840.png,Train/Rural/masks_png/840.png
Train/Rural/841,Train,Rural,train_internal,Train/Rural/images_png/841.png,Train/Rural/masks_png/841.png
Train/Rural/842,Train,Rural,train_internal,Train/Rural/images_png/842.png,Train/Rural/masks_png/842.png
Train/Rural/843,Train,Rural,train_internal,Train/Rural/images_png/843.png,Train/Rural/masks_png/843.png
Train/Rural/844,Train,Rural,val_internal,Train/Rural/images_png/844.png,Train/Rural/masks_png/844.png
Train/Rural/845,Train,Rural,train_internal,Train/Rural/images_png/845.png,Train/Rural/masks_png/845.png
Train/Rural/846,Train,Rural,val_internal,Train/Rural/images_png/846.png,Train/Rural/masks_png/846.png
Train/Rural/847,Train,Rural,train_internal,Train/Rural/images_png/847.png,Train/Rural/masks_png/847.png
Train/Rural/848,Train,Rural,train_internal,Train/Rural/images_png/848.png,Train/Rural/masks_png/848.png
Train/Rural/849,Train,Rural,train_internal,Train/Rural/images_png/849.png,Train/Rural/masks_png/849.png
Train/Rural/85,Train,Rural,train_internal,Train/Rural/images_png/85.png,Train/Rural/masks_png/85.png
Train/Rural/850,Train,Rural,val_internal,Train/Rural/images_png/850.png,Train/Rural/masks_png/850.png
Train/Rural/851,Train,Rural,val_internal,Train/Rural/images_png/851.png,Train/Rural/masks_png/851.png
Train/Rural/852,Train,Rural,train_internal,Train/Rural/images_png/852.png,Train/Rural/masks_png/852.png
Train/Rural/853,Train,Rural,val_internal,Train/Rural/images_png/853.png,Train/Rural/masks_png/853.png
Train/Rural/854,Train,Rural,train_internal,Train/Rural/images_png/854.png,Train/Rural/masks_png/854.png
Train/Rural/855,Train,Rural,train_internal,Train/Rural/images_png/855.png,Train/Rural/masks_png/855.png
Train/Rural/856,Train,Rural,train_internal,Train/Rural/images_png/856.png,Train/Rural/masks_png/856.png
Train/Rural/857,Train,Rural,train_internal,Train/Rural/images_png/857.png,Train/Rural/masks_png/857.png
Train/Rural/858,Train,Rural,train_internal,Train/Rural/images_png/858.png,Train/Rural/masks_png/858.png
Train/Rural/859,Train,Rural,train_internal,Train/Rural/images_png/859.png,Train/Rural/masks_png/859.png
Train/Rural/86,Train,Rural,train_internal,Train/Rural/images_png/86.png,Train/Rural/masks_png/86.png
Train/Rural/860,Train,Rural,train_internal,Train/Rural/images_png/860.png,Train/Rural/masks_png/860.png
Train/Rural/861,Train,Rural,val_internal,Train/Rural/images_png/861.png,Train/Rural/masks_png/861.png
Train/Rural/862,Train,Rural,train_internal,Train/Rural/images_png/862.png,Train/Rural/masks_png/862.png
Train/Rural/863,Train,Rural,train_internal,Train/Rural/images_png/863.png,Train/Rural/masks_png/863.png
Train/Rural/864,Train,Rural,train_internal,Train/Rural/images_png/864.png,Train/Rural/masks_png/864.png
Train/Rural/865,Train,Rural,train_internal,Train/Rural/images_png/865.png,Train/Rural/masks_png/865.png
Train/Rural/866,Train,Rural,train_internal,Train/Rural/images_png/866.png,Train/Rural/masks_png/866.png
Train/Rural/867,Train,Rural,train_internal,Train/Rural/images_png/867.png,Train/Rural/masks_png/867.png
Train/Rural/868,Train,Rural,val_internal,Train/Rural/images_png/868.png,Train/Rural/masks_png/868.png
Train/Rural/869,Train,Rural,train_internal,Train/Rural/images_png/869.png,Train/Rural/masks_png/869.png
Train/Rural/87,Train,Rural,train_internal,Train/Rural/images_png/87.png,Train/Rural/masks_png/87.png
Train/Rural/870,Train,Rural,train_internal,Train/Rural/images_png/870.png,Train/Rural/masks_png/870.png
Train/Rural/871,Train,Rural,train_internal,Train/Rural/images_png/871.png,Train/Rural/masks_png/871.png
Train/Rural/872,Train,Rural,train_internal,Train/Rural/images_png/872.png,Train/Rural/masks_png/872.png
Train/Rural/873,Train,Rural,train_internal,Train/Rural/images_png/873.png,Train/Rural/masks_png/873.png
Train/Rural/874,Train,Rural,train_internal,Train/Rural/images_png/874.png,Train/Rural/masks_png/874.png
Train/Rural/875,Train,Rural,train_internal,Train/Rural/images_png/875.png,Train/Rural/masks_png/875.png
Train/Rural/876,Train,Rural,train_internal,Train/Rural/images_png/876.png,Train/Rural/masks_png/876.png
Train/Rural/877,Train,Rural,train_internal,Train/Rural/images_png/877.png,Train/Rural/masks_png/877.png
Train/Rural/878,Train,Rural,train_internal,Train/Rural/images_png/878.png,Train/Rural/masks_png/878.png
Train/Rural/879,Train,Rural,train_internal,Train/Rural/images_png/879.png,Train/Rural/masks_png/879.png
Train/Rural/88,Train,Rural,train_internal,Train/Rural/images_png/88.png,Train/Rural/masks_png/88.png
Train/Rural/880,Train,Rural,train_internal,Train/Rural/images_png/880.png,Train/Rural/masks_png/880.png
Train/Rural/881,Train,Rural,train_internal,Train/Rural/images_png/881.png,Train/Rural/masks_png/881.png
Train/Rural/882,Train,Rural,train_internal,Train/Rural/images_png/882.png,Train/Rural/masks_png/882.png
Train/Rural/883,Train,Rural,train_internal,Train/Rural/images_png/883.png,Train/Rural/masks_png/883.png
Train/Rural/884,Train,Rural,val_internal,Train/Rural/images_png/884.png,Train/Rural/masks_png/884.png
Train/Rural/885,Train,Rural,val_internal,Train/Rural/images_png/885.png,Train/Rural/masks_png/885.png
Train/Rural/886,Train,Rural,val_internal,Train/Rural/images_png/886.png,Train/Rural/masks_png/886.png
Train/Rural/887,Train,Rural,train_internal,Train/Rural/images_png/887.png,Train/Rural/masks_png/887.png
Train/Rural/888,Train,Rural,train_internal,Train/Rural/images_png/888.png,Train/Rural/masks_png/888.png
Train/Rural/889,Train,Rural,train_internal,Train/Rural/images_png/889.png,Train/Rural/masks_png/889.png
Train/Rural/89,Train,Rural,train_internal,Train/Rural/images_png/89.png,Train/Rural/masks_png/89.png
Train/Rural/890,Train,Rural,val_internal,Train/Rural/images_png/890.png,Train/Rural/masks_png/890.png
Train/Rural/891,Train,Rural,train_internal,Train/Rural/images_png/891.png,Train/Rural/masks_png/891.png
Train/Rural/892,Train,Rural,train_internal,Train/Rural/images_png/892.png,Train/Rural/masks_png/892.png
Train/Rural/893,Train,Rural,val_internal,Train/Rural/images_png/893.png,Train/Rural/masks_png/893.png
Train/Rural/894,Train,Rural,train_internal,Train/Rural/images_png/894.png,Train/Rural/masks_png/894.png
Train/Rural/895,Train,Rural,train_internal,Train/Rural/images_png/895.png,Train/Rural/masks_png/895.png
Train/Rural/896,Train,Rural,train_internal,Train/Rural/images_png/896.png,Train/Rural/masks_png/896.png
Train/Rural/897,Train,Rural,train_internal,Train/Rural/images_png/897.png,Train/Rural/masks_png/897.png
Train/Rural/898,Train,Rural,val_internal,Train/Rural/images_png/898.png,Train/Rural/masks_png/898.png
Train/Rural/899,Train,Rural,val_internal,Train/Rural/images_png/899.png,Train/Rural/masks_png/899.png
Train/Rural/9,Train,Rural,train_internal,Train/Rural/images_png/9.png,Train/Rural/masks_png/9.png
Train/Rural/90,Train,Rural,train_internal,Train/Rural/images_png/90.png,Train/Rural/masks_png/90.png
Train/Rural/900,Train,Rural,val_internal,Train/Rural/images_png/900.png,Train/Rural/masks_png/900.png
Train/Rural/901,Train,Rural,train_internal,Train/Rural/images_png/901.png,Train/Rural/masks_png/901.png
Train/Rural/902,Train,Rural,val_internal,Train/Rural/images_png/902.png,Train/Rural/masks_png/902.png
Train/Rural/903,Train,Rural,train_internal,Train/Rural/images_png/903.png,Train/Rural/masks_png/903.png
Train/Rural/904,Train,Rural,train_internal,Train/Rural/images_png/904.png,Train/Rural/masks_png/904.png
Train/Rural/905,Train,Rural,val_internal,Train/Rural/images_png/905.png,Train/Rural/masks_png/905.png
Train/Rural/906,Train,Rural,train_internal,Train/Rural/images_png/906.png,Train/Rural/masks_png/906.png
Train/Rural/907,Train,Rural,train_internal,Train/Rural/images_png/907.png,Train/Rural/masks_png/907.png
Train/Rural/908,Train,Rural,train_internal,Train/Rural/images_png/908.png,Train/Rural/masks_png/908.png
Train/Rural/909,Train,Rural,train_internal,Train/Rural/images_png/909.png,Train/Rural/masks_png/909.png
Train/Rural/91,Train,Rural,val_internal,Train/Rural/images_png/91.png,Train/Rural/masks_png/91.png
Train/Rural/910,Train,Rural,val_internal,Train/Rural/images_png/910.png,Train/Rural/masks_png/910.png
Train/Rural/911,Train,Rural,train_internal,Train/Rural/images_png/911.png,Train/Rural/masks_png/911.png
Train/Rural/912,Train,Rural,train_internal,Train/Rural/images_png/912.png,Train/Rural/masks_png/912.png
Train/Rural/913,Train,Rural,train_internal,Train/Rural/images_png/913.png,Train/Rural/masks_png/913.png
Train/Rural/914,Train,Rural,train_internal,Train/Rural/images_png/914.png,Train/Rural/masks_png/914.png
Train/Rural/915,Train,Rural,train_internal,Train/Rural/images_png/915.png,Train/Rural/masks_png/915.png
Train/Rural/916,Train,Rural,train_internal,Train/Rural/images_png/916.png,Train/Rural/masks_png/916.png
Train/Rural/917,Train,Rural,train_internal,Train/Rural/images_png/917.png,Train/Rural/masks_png/917.png
Train/Rural/918,Train,Rural,train_internal,Train/Rural/images_png/918.png,Train/Rural/masks_png/918.png
Train/Rural/919,Train,Rural,train_internal,Train/Rural/images_png/919.png,Train/Rural/masks_png/919.png
Train/Rural/92,Train,Rural,val_internal,Train/Rural/images_png/92.png,Train/Rural/masks_png/92.png
Train/Rural/920,Train,Rural,train_internal,Train/Rural/images_png/920.png,Train/Rural/masks_png/920.png
Train/Rural/921,Train,Rural,train_internal,Train/Rural/images_png/921.png,Train/Rural/masks_png/921.png
Train/Rural/922,Train,Rural,train_internal,Train/Rural/images_png/922.png,Train/Rural/masks_png/922.png
Train/Rural/923,Train,Rural,train_internal,Train/Rural/images_png/923.png,Train/Rural/masks_png/923.png
Train/Rural/924,Train,Rural,val_internal,Train/Rural/images_png/924.png,Train/Rural/masks_png/924.png
Train/Rural/925,Train,Rural,train_internal,Train/Rural/images_png/925.png,Train/Rural/masks_png/925.png
Train/Rural/926,Train,Rural,train_internal,Train/Rural/images_png/926.png,Train/Rural/masks_png/926.png
Train/Rural/927,Train,Rural,train_internal,Train/Rural/images_png/927.png,Train/Rural/masks_png/927.png
Train/Rural/928,Train,Rural,train_internal,Train/Rural/images_png/928.png,Train/Rural/masks_png/928.png
Train/Rural/929,Train,Rural,train_internal,Train/Rural/images_png/929.png,Train/Rural/masks_png/929.png
Train/Rural/93,Train,Rural,train_internal,Train/Rural/images_png/93.png,Train/Rural/masks_png/93.png
Train/Rural/930,Train,Rural,train_internal,Train/Rural/images_png/930.png,Train/Rural/masks_png/930.png
Train/Rural/931,Train,Rural,train_internal,Train/Rural/images_png/931.png,Train/Rural/masks_png/931.png
Train/Rural/932,Train,Rural,train_internal,Train/Rural/images_png/932.png,Train/Rural/masks_png/932.png
Train/Rural/933,Train,Rural,train_internal,Train/Rural/images_png/933.png,Train/Rural/masks_png/933.png
Train/Rural/934,Train,Rural,train_internal,Train/Rural/images_png/934.png,Train/Rural/masks_png/934.png
Train/Rural/935,Train,Rural,train_internal,Train/Rural/images_png/935.png,Train/Rural/masks_png/935.png
Train/Rural/936,Train,Rural,train_internal,Train/Rural/images_png/936.png,Train/Rural/masks_png/936.png
Train/Rural/937,Train,Rural,train_internal,Train/Rural/images_png/937.png,Train/Rural/masks_png/937.png
Train/Rural/938,Train,Rural,train_internal,Train/Rural/images_png/938.png,Train/Rural/masks_png/938.png
Train/Rural/939,Train,Rural,train_internal,Train/Rural/images_png/939.png,Train/Rural/masks_png/939.png
Train/Rural/94,Train,Rural,train_internal,Train/Rural/images_png/94.png,Train/Rural/masks_png/94.png
Train/Rural/940,Train,Rural,train_internal,Train/Rural/images_png/940.png,Train/Rural/masks_png/940.png
Train/Rural/941,Train,Rural,val_internal,Train/Rural/images_png/941.png,Train/Rural/masks_png/941.png
Train/Rural/942,Train,Rural,train_internal,Train/Rural/images_png/942.png,Train/Rural/masks_png/942.png
Train/Rural/943,Train,Rural,train_internal,Train/Rural/images_png/943.png,Train/Rural/masks_png/943.png
Train/Rural/944,Train,Rural,val_internal,Train/Rural/images_png/944.png,Train/Rural/masks_png/944.png
Train/Rural/945,Train,Rural,train_internal,Train/Rural/images_png/945.png,Train/Rural/masks_png/945.png
Train/Rural/946,Train,Rural,train_internal,Train/Rural/images_png/946.png,Train/Rural/masks_png/946.png
Train/Rural/947,Train,Rural,train_internal,Train/Rural/images_png/947.png,Train/Rural/masks_png/947.png
Train/Rural/948,Train,Rural,train_internal,Train/Rural/images_png/948.png,Train/Rural/masks_png/948.png
Train/Rural/949,Train,Rural,train_internal,Train/Rural/images_png/949.png,Train/Rural/masks_png/949.png
Train/Rural/95,Train,Rural,train_internal,Train/Rural/images_png/95.png,Train/Rural/masks_png/95.png
Train/Rural/950,Train,Rural,train_internal,Train/Rural/images_png/950.png,Train/Rural/masks_png/950.png
Train/Rural/951,Train,Rural,train_internal,Train/Rural/images_png/951.png,Train/Rural/masks_png/951.png
Train/Rural/952,Train,Rural,train_internal,Train/Rural/images_png/952.png,Train/Rural/masks_png/952.png
Train/Rural/953,Train,Rural,train_internal,Train/Rural/images_png/953.png,Train/Rural/masks_png/953.png
Train/Rural/954,Train,Rural,train_internal,Train/Rural/images_png/954.png,Train/Rural/masks_png/954.png
Train/Rural/955,Train,Rural,val_internal,Train/Rural/images_png/955.png,Train/Rural/masks_png/955.png
Train/Rural/956,Train,Rural,train_internal,Train/Rural/images_png/956.png,Train/Rural/masks_png/956.png
Train/Rural/957,Train,Rural,train_internal,Train/Rural/images_png/957.png,Train/Rural/masks_png/957.png
Train/Rural/958,Train,Rural,train_internal,Train/Rural/images_png/958.png,Train/Rural/masks_png/958.png
Train/Rural/959,Train,Rural,train_internal,Train/Rural/images_png/959.png,Train/Rural/masks_png/959.png
Train/Rural/96,Train,Rural,train_internal,Train/Rural/images_png/96.png,Train/Rural/masks_png/96.png
Train/Rural/960,Train,Rural,train_internal,Train/Rural/images_png/960.png,Train/Rural/masks_png/960.png
Train/Rural/961,Train,Rural,train_internal,Train/Rural/images_png/961.png,Train/Rural/masks_png/961.png
Train/Rural/962,Train,Rural,train_internal,Train/Rural/images_png/962.png,Train/Rural/masks_png/962.png
Train/Rural/963,Train,Rural,train_internal,Train/Rural/images_png/963.png,Train/Rural/masks_png/963.png
Train/Rural/964,Train,Rural,val_internal,Train/Rural/images_png/964.png,Train/Rural/masks_png/964.png
Train/Rural/965,Train,Rural,train_internal,Train/Rural/images_png/965.png,Train/Rural/masks_png/965.png
Train/Rural/966,Train,Rural,val_internal,Train/Rural/images_png/966.png,Train/Rural/masks_png/966.png
Train/Rural/967,Train,Rural,train_internal,Train/Rural/images_png/967.png,Train/Rural/masks_png/967.png
Train/Rural/968,Train,Rural,train_internal,Train/Rural/images_png/968.png,Train/Rural/masks_png/968.png
Train/Rural/969,Train,Rural,train_internal,Train/Rural/images_png/969.png,Train/Rural/masks_png/969.png
Train/Rural/97,Train,Rural,val_internal,Train/Rural/images_png/97.png,Train/Rural/masks_png/97.png
Train/Rural/970,Train,Rural,train_internal,Train/Rural/images_png/970.png,Train/Rural/masks_png/970.png
Train/Rural/971,Train,Rural,train_internal,Train/Rural/images_png/971.png,Train/Rural/masks_png/971.png
Train/Rural/972,Train,Rural,train_internal,Train/Rural/images_png/972.png,Train/Rural/masks_png/972.png
Train/Rural/973,Train,Rural,train_internal,Train/Rural/images_png/973.png,Train/Rural/masks_png/973.png
Train/Rural/974,Train,Rural,val_internal,Train/Rural/images_png/974.png,Train/Rural/masks_png/974.png
Train/Rural/975,Train,Rural,val_internal,Train/Rural/images_png/975.png,Train/Rural/masks_png/975.png
Train/Rural/976,Train,Rural,train_internal,Train/Rural/images_png/976.png,Train/Rural/masks_png/976.png
Train/Rural/977,Train,Rural,val_internal,Train/Rural/images_png/977.png,Train/Rural/masks_png/977.png
Train/Rural/978,Train,Rural,val_internal,Train/Rural/images_png/978.png,Train/Rural/masks_png/978.png
Train/Rural/979,Train,Rural,train_internal,Train/Rural/images_png/979.png,Train/Rural/masks_png/979.png
Train/Rural/98,Train,Rural,train_internal,Train/Rural/images_png/98.png,Train/Rural/masks_png/98.png
Train/Rural/980,Train,Rural,train_internal,Train/Rural/images_png/980.png,Train/Rural/masks_png/980.png
Train/Rural/981,Train,Rural,train_internal,Train/Rural/images_png/981.png,Train/Rural/masks_png/981.png
Train/Rural/982,Train,Rural,train_internal,Train/Rural/images_png/982.png,Train/Rural/masks_png/982.png
Train/Rural/983,Train,Rural,train_internal,Train/Rural/images_png/983.png,Train/Rural/masks_png/983.png
Train/Rural/984,Train,Rural,val_internal,Train/Rural/images_png/984.png,Train/Rural/masks_png/984.png
Train/Rural/985,Train,Rural,train_internal,Train/Rural/images_png/985.png,Train/Rural/masks_png/985.png
Train/Rural/986,Train,Rural,val_internal,Train/Rural/images_png/986.png,Train/Rural/masks_png/986.png
Train/Rural/987,Train,Rural,train_internal,Train/Rural/images_png/987.png,Train/Rural/masks_png/987.png
Train/Rural/988,Train,Rural,train_internal,Train/Rural/images_png/988.png,Train/Rural/masks_png/988.png
Train/Rural/989,Train,Rural,train_internal,Train/Rural/images_png/989.png,Train/Rural/masks_png/989.png
Train/Rural/99,Train,Rural,train_internal,Train/Rural/images_png/99.png,Train/Rural/masks_png/99.png
Train/Rural/990,Train,Rural,train_internal,Train/Rural/images_png/990.png,Train/Rural/masks_png/990.png
Train/Rural/991,Train,Rural,train_internal,Train/Rural/images_png/991.png,Train/Rural/masks_png/991.png
Train/Rural/992,Train,Rural,train_internal,Train/Rural/images_png/992.png,Train/Rural/masks_png/992.png
Train/Rural/993,Train,Rural,train_internal,Train/Rural/images_png/993.png,Train/Rural/masks_png/993.png
Train/Rural/994,Train,Rural,train_internal,Train/Rural/images_png/994.png,Train/Rural/masks_png/994.png
Train/Rural/995,Train,Rural,train_internal,Train/Rural/images_png/995.png,Train/Rural/masks_png/995.png
Train/Rural/996,Train,Rural,train_internal,Train/Rural/images_png/996.png,Train/Rural/masks_png/996.png
Train/Rural/997,Train,Rural,val_internal,Train/Rural/images_png/997.png,Train/Rural/masks_png/997.png
Train/Rural/998,Train,Rural,val_internal,Train/Rural/images_png/998.png,Train/Rural/masks_png/998.png
Train/Rural/999,Train,Rural,train_internal,Train/Rural/images_png/999.png,Train/Rural/masks_png/999.png
Train/Urban/1366,Train,Urban,train_internal,Train/Urban/images_png/1366.png,Train/Urban/masks_png/1366.png
Train/Urban/1367,Train,Urban,train_internal,Train/Urban/images_png/1367.png,Train/Urban/masks_png/1367.png
Train/Urban/1368,Train,Urban,train_internal,Train/Urban/images_png/1368.png,Train/Urban/masks_png/1368.png
Train/Urban/1369,Train,Urban,train_internal,Train/Urban/images_png/1369.png,Train/Urban/masks_png/1369.png
Train/Urban/1370,Train,Urban,train_internal,Train/Urban/images_png/1370.png,Train/Urban/masks_png/1370.png
Train/Urban/1371,Train,Urban,train_internal,Train/Urban/images_png/1371.png,Train/Urban/masks_png/1371.png
Train/Urban/1372,Train,Urban,train_internal,Train/Urban/images_png/1372.png,Train/Urban/masks_png/1372.png
Train/Urban/1373,Train,Urban,val_internal,Train/Urban/images_png/1373.png,Train/Urban/masks_png/1373.png
Train/Urban/1374,Train,Urban,train_internal,Train/Urban/images_png/1374.png,Train/Urban/masks_png/1374.png
Train/Urban/1375,Train,Urban,train_internal,Train/Urban/images_png/1375.png,Train/Urban/masks_png/1375.png
Train/Urban/1376,Train,Urban,train_internal,Train/Urban/images_png/1376.png,Train/Urban/masks_png/1376.png
Train/Urban/1377,Train,Urban,train_internal,Train/Urban/images_png/1377.png,Train/Urban/masks_png/1377.png
Train/Urban/1378,Train,Urban,train_internal,Train/Urban/images_png/1378.png,Train/Urban/masks_png/1378.png
Train/Urban/1379,Train,Urban,val_internal,Train/Urban/images_png/1379.png,Train/Urban/masks_png/1379.png
Train/Urban/1380,Train,Urban,val_internal,Train/Urban/images_png/1380.png,Train/Urban/masks_png/1380.png
Train/Urban/1381,Train,Urban,train_internal,Train/Urban/images_png/1381.png,Train/Urban/masks_png/1381.png
Train/Urban/1382,Train,Urban,train_internal,Train/Urban/images_png/1382.png,Train/Urban/masks_png/1382.png
Train/Urban/1383,Train,Urban,val_internal,Train/Urban/images_png/1383.png,Train/Urban/masks_png/1383.png
Train/Urban/1384,Train,Urban,train_internal,Train/Urban/images_png/1384.png,Train/Urban/masks_png/1384.png
Train/Urban/1385,Train,Urban,train_internal,Train/Urban/images_png/1385.png,Train/Urban/masks_png/1385.png
Train/Urban/1386,Train,Urban,train_internal,Train/Urban/images_png/1386.png,Train/Urban/masks_png/1386.png
Train/Urban/1387,Train,Urban,train_internal,Train/Urban/images_png/1387.png,Train/Urban/masks_png/1387.png
Train/Urban/1388,Train,Urban,train_internal,Train/Urban/images_png/1388.png,Train/Urban/masks_png/1388.png
Train/Urban/1389,Train,Urban,train_internal,Train/Urban/images_png/1389.png,Train/Urban/masks_png/1389.png
Train/Urban/1390,Train,Urban,train_internal,Train/Urban/images_png/1390.png,Train/Urban/masks_png/1390.png
Train/Urban/1391,Train,Urban,train_internal,Train/Urban/images_png/1391.png,Train/Urban/masks_png/1391.png
Train/Urban/1392,Train,Urban,val_internal,Train/Urban/images_png/1392.png,Train/Urban/masks_png/1392.png
Train/Urban/1393,Train,Urban,train_internal,Train/Urban/images_png/1393.png,Train/Urban/masks_png/1393.png
Train/Urban/1394,Train,Urban,train_internal,Train/Urban/images_png/1394.png,Train/Urban/masks_png/1394.png
Train/Urban/1395,Train,Urban,train_internal,Train/Urban/images_png/1395.png,Train/Urban/masks_png/1395.png
Train/Urban/1396,Train,Urban,train_internal,Train/Urban/images_png/1396.png,Train/Urban/masks_png/1396.png
Train/Urban/1397,Train,Urban,train_internal,Train/Urban/images_png/1397.png,Train/Urban/masks_png/1397.png
Train/Urban/1398,Train,Urban,train_internal,Train/Urban/images_png/1398.png,Train/Urban/masks_png/1398.png
Train/Urban/1399,Train,Urban,train_internal,Train/Urban/images_png/1399.png,Train/Urban/masks_png/1399.png
Train/Urban/1400,Train,Urban,val_internal,Train/Urban/images_png/1400.png,Train/Urban/masks_png/1400.png
Train/Urban/1401,Train,Urban,val_internal,Train/Urban/images_png/1401.png,Train/Urban/masks_png/1401.png
Train/Urban/1402,Train,Urban,val_internal,Train/Urban/images_png/1402.png,Train/Urban/masks_png/1402.png
Train/Urban/1403,Train,Urban,train_internal,Train/Urban/images_png/1403.png,Train/Urban/masks_png/1403.png
Train/Urban/1404,Train,Urban,train_internal,Train/Urban/images_png/1404.png,Train/Urban/masks_png/1404.png
Train/Urban/1405,Train,Urban,train_internal,Train/Urban/images_png/1405.png,Train/Urban/masks_png/1405.png
Train/Urban/1406,Train,Urban,train_internal,Train/Urban/images_png/1406.png,Train/Urban/masks_png/1406.png
Train/Urban/1407,Train,Urban,train_internal,Train/Urban/images_png/1407.png,Train/Urban/masks_png/1407.png
Train/Urban/1408,Train,Urban,val_internal,Train/Urban/images_png/1408.png,Train/Urban/masks_png/1408.png
Train/Urban/1409,Train,Urban,train_internal,Train/Urban/images_png/1409.png,Train/Urban/masks_png/1409.png
Train/Urban/1410,Train,Urban,train_internal,Train/Urban/images_png/1410.png,Train/Urban/masks_png/1410.png
Train/Urban/1411,Train,Urban,train_internal,Train/Urban/images_png/1411.png,Train/Urban/masks_png/1411.png
Train/Urban/1412,Train,Urban,val_internal,Train/Urban/images_png/1412.png,Train/Urban/masks_png/1412.png
Train/Urban/1413,Train,Urban,val_internal,Train/Urban/images_png/1413.png,Train/Urban/masks_png/1413.png
Train/Urban/1414,Train,Urban,train_internal,Train/Urban/images_png/1414.png,Train/Urban/masks_png/1414.png
Train/Urban/1415,Train,Urban,val_internal,Train/Urban/images_png/1415.png,Train/Urban/masks_png/1415.png
Train/Urban/1416,Train,Urban,train_internal,Train/Urban/images_png/1416.png,Train/Urban/masks_png/1416.png
Train/Urban/1417,Train,Urban,train_internal,Train/Urban/images_png/1417.png,Train/Urban/masks_png/1417.png
Train/Urban/1418,Train,Urban,train_internal,Train/Urban/images_png/1418.png,Train/Urban/masks_png/1418.png
Train/Urban/1419,Train,Urban,train_internal,Train/Urban/images_png/1419.png,Train/Urban/masks_png/1419.png
Train/Urban/1420,Train,Urban,val_internal,Train/Urban/images_png/1420.png,Train/Urban/masks_png/1420.png
Train/Urban/1421,Train,Urban,train_internal,Train/Urban/images_png/1421.png,Train/Urban/masks_png/1421.png
Train/Urban/1422,Train,Urban,train_internal,Train/Urban/images_png/1422.png,Train/Urban/masks_png/1422.png
Train/Urban/1423,Train,Urban,train_internal,Train/Urban/images_png/1423.png,Train/Urban/masks_png/1423.png
Train/Urban/1424,Train,Urban,train_internal,Train/Urban/images_png/1424.png,Train/Urban/masks_png/1424.png
Train/Urban/1425,Train,Urban,train_internal,Train/Urban/images_png/1425.png,Train/Urban/masks_png/1425.png
Train/Urban/1426,Train,Urban,train_internal,Train/Urban/images_png/1426.png,Train/Urban/masks_png/1426.png
Train/Urban/1427,Train,Urban,train_internal,Train/Urban/images_png/1427.png,Train/Urban/masks_png/1427.png
Train/Urban/1428,Train,Urban,train_internal,Train/Urban/images_png/1428.png,Train/Urban/masks_png/1428.png
Train/Urban/1429,Train,Urban,train_internal,Train/Urban/images_png/1429.png,Train/Urban/masks_png/1429.png
Train/Urban/1430,Train,Urban,train_internal,Train/Urban/images_png/1430.png,Train/Urban/masks_png/1430.png
Train/Urban/1431,Train,Urban,val_internal,Train/Urban/images_png/1431.png,Train/Urban/masks_png/1431.png
Train/Urban/1432,Train,Urban,train_internal,Train/Urban/images_png/1432.png,Train/Urban/masks_png/1432.png
Train/Urban/1433,Train,Urban,train_internal,Train/Urban/images_png/1433.png,Train/Urban/masks_png/1433.png
Train/Urban/1434,Train,Urban,train_internal,Train/Urban/images_png/1434.png,Train/Urban/masks_png/1434.png
Train/Urban/1435,Train,Urban,val_internal,Train/Urban/images_png/1435.png,Train/Urban/masks_png/1435.png
Train/Urban/1436,Train,Urban,train_internal,Train/Urban/images_png/1436.png,Train/Urban/masks_png/1436.png
Train/Urban/1437,Train,Urban,val_internal,Train/Urban/images_png/1437.png,Train/Urban/masks_png/1437.png
Train/Urban/1438,Train,Urban,val_internal,Train/Urban/images_png/1438.png,Train/Urban/masks_png/1438.png
Train/Urban/1439,Train,Urban,train_internal,Train/Urban/images_png/1439.png,Train/Urban/masks_png/1439.png
Train/Urban/1440,Train,Urban,train_internal,Train/Urban/images_png/1440.png,Train/Urban/masks_png/1440.png
Train/Urban/1441,Train,Urban,train_internal,Train/Urban/images_png/1441.png,Train/Urban/masks_png/1441.png
Train/Urban/1442,Train,Urban,val_internal,Train/Urban/images_png/1442.png,Train/Urban/masks_png/1442.png
Train/Urban/1443,Train,Urban,train_internal,Train/Urban/images_png/1443.png,Train/Urban/masks_png/1443.png
Train/Urban/1444,Train,Urban,train_internal,Train/Urban/images_png/1444.png,Train/Urban/masks_png/1444.png
Train/Urban/1445,Train,Urban,train_internal,Train/Urban/images_png/1445.png,Train/Urban/masks_png/1445.png
Train/Urban/1446,Train,Urban,train_internal,Train/Urban/images_png/1446.png,Train/Urban/masks_png/1446.png
Train/Urban/1447,Train,Urban,val_internal,Train/Urban/images_png/1447.png,Train/Urban/masks_png/1447.png
Train/Urban/1448,Train,Urban,train_internal,Train/Urban/images_png/1448.png,Train/Urban/masks_png/1448.png
Train/Urban/1449,Train,Urban,train_internal,Train/Urban/images_png/1449.png,Train/Urban/masks_png/1449.png
Train/Urban/1450,Train,Urban,val_internal,Train/Urban/images_png/1450.png,Train/Urban/masks_png/1450.png
Train/Urban/1451,Train,Urban,train_internal,Train/Urban/images_png/1451.png,Train/Urban/masks_png/1451.png
Train/Urban/1452,Train,Urban,train_internal,Train/Urban/images_png/1452.png,Train/Urban/masks_png/1452.png
Train/Urban/1453,Train,Urban,val_internal,Train/Urban/images_png/1453.png,Train/Urban/masks_png/1453.png
Train/Urban/1454,Train,Urban,train_internal,Train/Urban/images_png/1454.png,Train/Urban/masks_png/1454.png
Train/Urban/1455,Train,Urban,train_internal,Train/Urban/images_png/1455.png,Train/Urban/masks_png/1455.png
Train/Urban/1456,Train,Urban,train_internal,Train/Urban/images_png/1456.png,Train/Urban/masks_png/1456.png
Train/Urban/1457,Train,Urban,train_internal,Train/Urban/images_png/1457.png,Train/Urban/masks_png/1457.png
Train/Urban/1458,Train,Urban,train_internal,Train/Urban/images_png/1458.png,Train/Urban/masks_png/1458.png
Train/Urban/1459,Train,Urban,train_internal,Train/Urban/images_png/1459.png,Train/Urban/masks_png/1459.png
Train/Urban/1460,Train,Urban,train_internal,Train/Urban/images_png/1460.png,Train/Urban/masks_png/1460.png
Train/Urban/1461,Train,Urban,train_internal,Train/Urban/images_png/1461.png,Train/Urban/masks_png/1461.png
Train/Urban/1462,Train,Urban,train_internal,Train/Urban/images_png/1462.png,Train/Urban/masks_png/1462.png
Train/Urban/1463,Train,Urban,train_internal,Train/Urban/images_png/1463.png,Train/Urban/masks_png/1463.png
Train/Urban/1464,Train,Urban,train_internal,Train/Urban/images_png/1464.png,Train/Urban/masks_png/1464.png
Train/Urban/1465,Train,Urban,train_internal,Train/Urban/images_png/1465.png,Train/Urban/masks_png/1465.png
Train/Urban/1466,Train,Urban,train_internal,Train/Urban/images_png/1466.png,Train/Urban/masks_png/1466.png
Train/Urban/1467,Train,Urban,train_internal,Train/Urban/images_png/1467.png,Train/Urban/masks_png/1467.png
Train/Urban/1468,Train,Urban,val_internal,Train/Urban/images_png/1468.png,Train/Urban/masks_png/1468.png
Train/Urban/1469,Train,Urban,train_internal,Train/Urban/images_png/1469.png,Train/Urban/masks_png/1469.png
Train/Urban/1470,Train,Urban,train_internal,Train/Urban/images_png/1470.png,Train/Urban/masks_png/1470.png
Train/Urban/1471,Train,Urban,train_internal,Train/Urban/images_png/1471.png,Train/Urban/masks_png/1471.png
Train/Urban/1472,Train,Urban,train_internal,Train/Urban/images_png/1472.png,Train/Urban/masks_png/1472.png
Train/Urban/1473,Train,Urban,train_internal,Train/Urban/images_png/1473.png,Train/Urban/masks_png/1473.png
Train/Urban/1474,Train,Urban,train_internal,Train/Urban/images_png/1474.png,Train/Urban/masks_png/1474.png
Train/Urban/1475,Train,Urban,train_internal,Train/Urban/images_png/1475.png,Train/Urban/masks_png/1475.png
Train/Urban/1476,Train,Urban,val_internal,Train/Urban/images_png/1476.png,Train/Urban/masks_png/1476.png
Train/Urban/1477,Train,Urban,train_internal,Train/Urban/images_png/1477.png,Train/Urban/masks_png/1477.png
Train/Urban/1478,Train,Urban,val_internal,Train/Urban/images_png/1478.png,Train/Urban/masks_png/1478.png
Train/Urban/1479,Train,Urban,train_internal,Train/Urban/images_png/1479.png,Train/Urban/masks_png/1479.png
Train/Urban/1480,Train,Urban,train_internal,Train/Urban/images_png/1480.png,Train/Urban/masks_png/1480.png
Train/Urban/1481,Train,Urban,val_internal,Train/Urban/images_png/1481.png,Train/Urban/masks_png/1481.png
Train/Urban/1482,Train,Urban,val_internal,Train/Urban/images_png/1482.png,Train/Urban/masks_png/1482.png
Train/Urban/1483,Train,Urban,train_internal,Train/Urban/images_png/1483.png,Train/Urban/masks_png/1483.png
Train/Urban/1484,Train,Urban,val_internal,Train/Urban/images_png/1484.png,Train/Urban/masks_png/1484.png
Train/Urban/1485,Train,Urban,train_internal,Train/Urban/images_png/1485.png,Train/Urban/masks_png/1485.png
Train/Urban/1486,Train,Urban,val_internal,Train/Urban/images_png/1486.png,Train/Urban/masks_png/1486.png
Train/Urban/1487,Train,Urban,train_internal,Train/Urban/images_png/1487.png,Train/Urban/masks_png/1487.png
Train/Urban/1488,Train,Urban,val_internal,Train/Urban/images_png/1488.png,Train/Urban/masks_png/1488.png
Train/Urban/1489,Train,Urban,train_internal,Train/Urban/images_png/1489.png,Train/Urban/masks_png/1489.png
Train/Urban/1490,Train,Urban,train_internal,Train/Urban/images_png/1490.png,Train/Urban/masks_png/1490.png
Train/Urban/1491,Train,Urban,train_internal,Train/Urban/images_png/1491.png,Train/Urban/masks_png/1491.png
Train/Urban/1492,Train,Urban,train_internal,Train/Urban/images_png/1492.png,Train/Urban/masks_png/1492.png
Train/Urban/1493,Train,Urban,train_internal,Train/Urban/images_png/1493.png,Train/Urban/masks_png/1493.png
Train/Urban/1494,Train,Urban,train_internal,Train/Urban/images_png/1494.png,Train/Urban/masks_png/1494.png
Train/Urban/1495,Train,Urban,train_internal,Train/Urban/images_png/1495.png,Train/Urban/masks_png/1495.png
Train/Urban/1496,Train,Urban,val_internal,Train/Urban/images_png/1496.png,Train/Urban/masks_png/1496.png
Train/Urban/1497,Train,Urban,val_internal,Train/Urban/images_png/1497.png,Train/Urban/masks_png/1497.png
Train/Urban/1498,Train,Urban,train_internal,Train/Urban/images_png/1498.png,Train/Urban/masks_png/1498.png
Train/Urban/1499,Train,Urban,train_internal,Train/Urban/images_png/1499.png,Train/Urban/masks_png/1499.png
Train/Urban/1500,Train,Urban,val_internal,Train/Urban/images_png/1500.png,Train/Urban/masks_png/1500.png
Train/Urban/1501,Train,Urban,train_internal,Train/Urban/images_png/1501.png,Train/Urban/masks_png/1501.png
Train/Urban/1502,Train,Urban,train_internal,Train/Urban/images_png/1502.png,Train/Urban/masks_png/1502.png
Train/Urban/1503,Train,Urban,train_internal,Train/Urban/images_png/1503.png,Train/Urban/masks_png/1503.png
Train/Urban/1504,Train,Urban,train_internal,Train/Urban/images_png/1504.png,Train/Urban/masks_png/1504.png
Train/Urban/1505,Train,Urban,train_internal,Train/Urban/images_png/1505.png,Train/Urban/masks_png/1505.png
Train/Urban/1506,Train,Urban,val_internal,Train/Urban/images_png/1506.png,Train/Urban/masks_png/1506.png
Train/Urban/1507,Train,Urban,val_internal,Train/Urban/images_png/1507.png,Train/Urban/masks_png/1507.png
Train/Urban/1508,Train,Urban,train_internal,Train/Urban/images_png/1508.png,Train/Urban/masks_png/1508.png
Train/Urban/1509,Train,Urban,train_internal,Train/Urban/images_png/1509.png,Train/Urban/masks_png/1509.png
Train/Urban/1510,Train,Urban,val_internal,Train/Urban/images_png/1510.png,Train/Urban/masks_png/1510.png
Train/Urban/1511,Train,Urban,val_internal,Train/Urban/images_png/1511.png,Train/Urban/masks_png/1511.png
Train/Urban/1512,Train,Urban,train_internal,Train/Urban/images_png/1512.png,Train/Urban/masks_png/1512.png
Train/Urban/1513,Train,Urban,train_internal,Train/Urban/images_png/1513.png,Train/Urban/masks_png/1513.png
Train/Urban/1514,Train,Urban,train_internal,Train/Urban/images_png/1514.png,Train/Urban/masks_png/1514.png
Train/Urban/1515,Train,Urban,train_internal,Train/Urban/images_png/1515.png,Train/Urban/masks_png/1515.png
Train/Urban/1516,Train,Urban,train_internal,Train/Urban/images_png/1516.png,Train/Urban/masks_png/1516.png
Train/Urban/1517,Train,Urban,val_internal,Train/Urban/images_png/1517.png,Train/Urban/masks_png/1517.png
Train/Urban/1518,Train,Urban,val_internal,Train/Urban/images_png/1518.png,Train/Urban/masks_png/1518.png
Train/Urban/1519,Train,Urban,train_internal,Train/Urban/images_png/1519.png,Train/Urban/masks_png/1519.png
Train/Urban/1520,Train,Urban,val_internal,Train/Urban/images_png/1520.png,Train/Urban/masks_png/1520.png
Train/Urban/1521,Train,Urban,train_internal,Train/Urban/images_png/1521.png,Train/Urban/masks_png/1521.png
Train/Urban/1522,Train,Urban,train_internal,Train/Urban/images_png/1522.png,Train/Urban/masks_png/1522.png
Train/Urban/1523,Train,Urban,train_internal,Train/Urban/images_png/1523.png,Train/Urban/masks_png/1523.png
Train/Urban/1524,Train,Urban,train_internal,Train/Urban/images_png/1524.png,Train/Urban/masks_png/1524.png
Train/Urban/1525,Train,Urban,train_internal,Train/Urban/images_png/1525.png,Train/Urban/masks_png/1525.png
Train/Urban/1526,Train,Urban,train_internal,Train/Urban/images_png/1526.png,Train/Urban/masks_png/1526.png
Train/Urban/1527,Train,Urban,train_internal,Train/Urban/images_png/1527.png,Train/Urban/masks_png/1527.png
Train/Urban/1528,Train,Urban,train_internal,Train/Urban/images_png/1528.png,Train/Urban/masks_png/1528.png
Train/Urban/1529,Train,Urban,train_internal,Train/Urban/images_png/1529.png,Train/Urban/masks_png/1529.png
Train/Urban/1530,Train,Urban,train_internal,Train/Urban/images_png/1530.png,Train/Urban/masks_png/1530.png
Train/Urban/1531,Train,Urban,train_internal,Train/Urban/images_png/1531.png,Train/Urban/masks_png/1531.png
Train/Urban/1532,Train,Urban,train_internal,Train/Urban/images_png/1532.png,Train/Urban/masks_png/1532.png
Train/Urban/1533,Train,Urban,train_internal,Train/Urban/images_png/1533.png,Train/Urban/masks_png/1533.png
Train/Urban/1534,Train,Urban,train_internal,Train/Urban/images_png/1534.png,Train/Urban/masks_png/1534.png
Train/Urban/1535,Train,Urban,train_internal,Train/Urban/images_png/1535.png,Train/Urban/masks_png/1535.png
Train/Urban/1536,Train,Urban,val_internal,Train/Urban/images_png/1536.png,Train/Urban/masks_png/1536.png
Train/Urban/1537,Train,Urban,train_internal,Train/Urban/images_png/1537.png,Train/Urban/masks_png/1537.png
Train/Urban/1538,Train,Urban,train_internal,Train/Urban/images_png/1538.png,Train/Urban/masks_png/1538.png
Train/Urban/1539,Train,Urban,train_internal,Train/Urban/images_png/1539.png,Train/Urban/masks_png/1539.png
Train/Urban/1540,Train,Urban,train_internal,Train/Urban/images_png/1540.png,Train/Urban/masks_png/1540.png
Train/Urban/1541,Train,Urban,train_internal,Train/Urban/images_png/1541.png,Train/Urban/masks_png/1541.png
Train/Urban/1542,Train,Urban,train_internal,Train/Urban/images_png/1542.png,Train/Urban/masks_png/1542.png
Train/Urban/1543,Train,Urban,val_internal,Train/Urban/images_png/1543.png,Train/Urban/masks_png/1543.png
Train/Urban/1544,Train,Urban,train_internal,Train/Urban/images_png/1544.png,Train/Urban/masks_png/1544.png
Train/Urban/1545,Train,Urban,train_internal,Train/Urban/images_png/1545.png,Train/Urban/masks_png/1545.png
Train/Urban/1546,Train,Urban,train_internal,Train/Urban/images_png/1546.png,Train/Urban/masks_png/1546.png
Train/Urban/1547,Train,Urban,train_internal,Train/Urban/images_png/1547.png,Train/Urban/masks_png/1547.png
Train/Urban/1548,Train,Urban,train_internal,Train/Urban/images_png/1548.png,Train/Urban/masks_png/1548.png
Train/Urban/1549,Train,Urban,train_internal,Train/Urban/images_png/1549.png,Train/Urban/masks_png/1549.png
Train/Urban/1550,Train,Urban,train_internal,Train/Urban/images_png/1550.png,Train/Urban/masks_png/1550.png
Train/Urban/1551,Train,Urban,train_internal,Train/Urban/images_png/1551.png,Train/Urban/masks_png/1551.png
Train/Urban/1552,Train,Urban,train_internal,Train/Urban/images_png/1552.png,Train/Urban/masks_png/1552.png
Train/Urban/1553,Train,Urban,train_internal,Train/Urban/images_png/1553.png,Train/Urban/masks_png/1553.png
Train/Urban/1554,Train,Urban,train_internal,Train/Urban/images_png/1554.png,Train/Urban/masks_png/1554.png
Train/Urban/1555,Train,Urban,train_internal,Train/Urban/images_png/1555.png,Train/Urban/masks_png/1555.png
Train/Urban/1556,Train,Urban,train_internal,Train/Urban/images_png/1556.png,Train/Urban/masks_png/1556.png
Train/Urban/1557,Train,Urban,train_internal,Train/Urban/images_png/1557.png,Train/Urban/masks_png/1557.png
Train/Urban/1558,Train,Urban,train_internal,Train/Urban/images_png/1558.png,Train/Urban/masks_png/1558.png
Train/Urban/1559,Train,Urban,train_internal,Train/Urban/images_png/1559.png,Train/Urban/masks_png/1559.png
Train/Urban/1560,Train,Urban,val_internal,Train/Urban/images_png/1560.png,Train/Urban/masks_png/1560.png
Train/Urban/1561,Train,Urban,val_internal,Train/Urban/images_png/1561.png,Train/Urban/masks_png/1561.png
Train/Urban/1562,Train,Urban,train_internal,Train/Urban/images_png/1562.png,Train/Urban/masks_png/1562.png
Train/Urban/1563,Train,Urban,train_internal,Train/Urban/images_png/1563.png,Train/Urban/masks_png/1563.png
Train/Urban/1564,Train,Urban,val_internal,Train/Urban/images_png/1564.png,Train/Urban/masks_png/1564.png
Train/Urban/1565,Train,Urban,train_internal,Train/Urban/images_png/1565.png,Train/Urban/masks_png/1565.png
Train/Urban/1566,Train,Urban,train_internal,Train/Urban/images_png/1566.png,Train/Urban/masks_png/1566.png
Train/Urban/1567,Train,Urban,train_internal,Train/Urban/images_png/1567.png,Train/Urban/masks_png/1567.png
Train/Urban/1568,Train,Urban,train_internal,Train/Urban/images_png/1568.png,Train/Urban/masks_png/1568.png
Train/Urban/1569,Train,Urban,train_internal,Train/Urban/images_png/1569.png,Train/Urban/masks_png/1569.png
Train/Urban/1570,Train,Urban,train_internal,Train/Urban/images_png/1570.png,Train/Urban/masks_png/1570.png
Train/Urban/1571,Train,Urban,train_internal,Train/Urban/images_png/1571.png,Train/Urban/masks_png/1571.png
Train/Urban/1572,Train,Urban,train_internal,Train/Urban/images_png/1572.png,Train/Urban/masks_png/1572.png
Train/Urban/1573,Train,Urban,val_internal,Train/Urban/images_png/1573.png,Train/Urban/masks_png/1573.png
Train/Urban/1574,Train,Urban,train_internal,Train/Urban/images_png/1574.png,Train/Urban/masks_png/1574.png
Train/Urban/1575,Train,Urban,train_internal,Train/Urban/images_png/1575.png,Train/Urban/masks_png/1575.png
Train/Urban/1576,Train,Urban,train_internal,Train/Urban/images_png/1576.png,Train/Urban/masks_png/1576.png
Train/Urban/1577,Train,Urban,train_internal,Train/Urban/images_png/1577.png,Train/Urban/masks_png/1577.png
Train/Urban/1578,Train,Urban,train_internal,Train/Urban/images_png/1578.png,Train/Urban/masks_png/1578.png
Train/Urban/1579,Train,Urban,val_internal,Train/Urban/images_png/1579.png,Train/Urban/masks_png/1579.png
Train/Urban/1580,Train,Urban,train_internal,Train/Urban/images_png/1580.png,Train/Urban/masks_png/1580.png
Train/Urban/1581,Train,Urban,train_internal,Train/Urban/images_png/1581.png,Train/Urban/masks_png/1581.png
Train/Urban/1582,Train,Urban,train_internal,Train/Urban/images_png/1582.png,Train/Urban/masks_png/1582.png
Train/Urban/1583,Train,Urban,train_internal,Train/Urban/images_png/1583.png,Train/Urban/masks_png/1583.png
Train/Urban/1584,Train,Urban,train_internal,Train/Urban/images_png/1584.png,Train/Urban/masks_png/1584.png
Train/Urban/1585,Train,Urban,train_internal,Train/Urban/images_png/1585.png,Train/Urban/masks_png/1585.png
Train/Urban/1586,Train,Urban,val_internal,Train/Urban/images_png/1586.png,Train/Urban/masks_png/1586.png
Train/Urban/1587,Train,Urban,train_internal,Train/Urban/images_png/1587.png,Train/Urban/masks_png/1587.png
Train/Urban/1588,Train,Urban,train_internal,Train/Urban/images_png/1588.png,Train/Urban/masks_png/1588.png
Train/Urban/1589,Train,Urban,train_internal,Train/Urban/images_png/1589.png,Train/Urban/masks_png/1589.png
Train/Urban/1590,Train,Urban,train_internal,Train/Urban/images_png/1590.png,Train/Urban/masks_png/1590.png
Train/Urban/1591,Train,Urban,train_internal,Train/Urban/images_png/1591.png,Train/Urban/masks_png/1591.png
Train/Urban/1592,Train,Urban,train_internal,Train/Urban/images_png/1592.png,Train/Urban/masks_png/1592.png
Train/Urban/1593,Train,Urban,train_internal,Train/Urban/images_png/1593.png,Train/Urban/masks_png/1593.png
Train/Urban/1594,Train,Urban,train_internal,Train/Urban/images_png/1594.png,Train/Urban/masks_png/1594.png
Train/Urban/1595,Train,Urban,train_internal,Train/Urban/images_png/1595.png,Train/Urban/masks_png/1595.png
Train/Urban/1596,Train,Urban,train_internal,Train/Urban/images_png/1596.png,Train/Urban/masks_png/1596.png
Train/Urban/1597,Train,Urban,train_internal,Train/Urban/images_png/1597.png,Train/Urban/masks_png/1597.png
Train/Urban/1598,Train,Urban,train_internal,Train/Urban/images_png/1598.png,Train/Urban/masks_png/1598.png
Train/Urban/1599,Train,Urban,train_internal,Train/Urban/images_png/1599.png,Train/Urban/masks_png/1599.png
Train/Urban/1600,Train,Urban,train_internal,Train/Urban/images_png/1600.png,Train/Urban/masks_png/1600.png
Train/Urban/1601,Train,Urban,train_internal,Train/Urban/images_png/1601.png,Train/Urban/masks_png/1601.png
Train/Urban/1602,Train,Urban,val_internal,Train/Urban/images_png/1602.png,Train/Urban/masks_png/1602.png
Train/Urban/1603,Train,Urban,val_internal,Train/Urban/images_png/1603.png,Train/Urban/masks_png/1603.png
Train/Urban/1604,Train,Urban,train_internal,Train/Urban/images_png/1604.png,Train/Urban/masks_png/1604.png
Train/Urban/1605,Train,Urban,train_internal,Train/Urban/images_png/1605.png,Train/Urban/masks_png/1605.png
Train/Urban/1606,Train,Urban,train_internal,Train/Urban/images_png/1606.png,Train/Urban/masks_png/1606.png
Train/Urban/1607,Train,Urban,train_internal,Train/Urban/images_png/1607.png,Train/Urban/masks_png/1607.png
Train/Urban/1608,Train,Urban,train_internal,Train/Urban/images_png/1608.png,Train/Urban/masks_png/1608.png
Train/Urban/1609,Train,Urban,val_internal,Train/Urban/images_png/1609.png,Train/Urban/masks_png/1609.png
Train/Urban/1610,Train,Urban,train_internal,Train/Urban/images_png/1610.png,Train/Urban/masks_png/1610.png
Train/Urban/1611,Train,Urban,train_internal,Train/Urban/images_png/1611.png,Train/Urban/masks_png/1611.png
Train/Urban/1612,Train,Urban,val_internal,Train/Urban/images_png/1612.png,Train/Urban/masks_png/1612.png
Train/Urban/1613,Train,Urban,train_internal,Train/Urban/images_png/1613.png,Train/Urban/masks_png/1613.png
Train/Urban/1614,Train,Urban,train_internal,Train/Urban/images_png/1614.png,Train/Urban/masks_png/1614.png
Train/Urban/1615,Train,Urban,train_internal,Train/Urban/images_png/1615.png,Train/Urban/masks_png/1615.png
Train/Urban/1616,Train,Urban,train_internal,Train/Urban/images_png/1616.png,Train/Urban/masks_png/1616.png
Train/Urban/1617,Train,Urban,val_internal,Train/Urban/images_png/1617.png,Train/Urban/masks_png/1617.png
Train/Urban/1618,Train,Urban,val_internal,Train/Urban/images_png/1618.png,Train/Urban/masks_png/1618.png
Train/Urban/1619,Train,Urban,train_internal,Train/Urban/images_png/1619.png,Train/Urban/masks_png/1619.png
Train/Urban/1620,Train,Urban,train_internal,Train/Urban/images_png/1620.png,Train/Urban/masks_png/1620.png
Train/Urban/1621,Train,Urban,train_internal,Train/Urban/images_png/1621.png,Train/Urban/masks_png/1621.png
Train/Urban/1622,Train,Urban,train_internal,Train/Urban/images_png/1622.png,Train/Urban/masks_png/1622.png
Train/Urban/1623,Train,Urban,train_internal,Train/Urban/images_png/1623.png,Train/Urban/masks_png/1623.png
Train/Urban/1624,Train,Urban,train_internal,Train/Urban/images_png/1624.png,Train/Urban/masks_png/1624.png
Train/Urban/1625,Train,Urban,val_internal,Train/Urban/images_png/1625.png,Train/Urban/masks_png/1625.png
Train/Urban/1626,Train,Urban,val_internal,Train/Urban/images_png/1626.png,Train/Urban/masks_png/1626.png
Train/Urban/1627,Train,Urban,val_internal,Train/Urban/images_png/1627.png,Train/Urban/masks_png/1627.png
Train/Urban/1628,Train,Urban,train_internal,Train/Urban/images_png/1628.png,Train/Urban/masks_png/1628.png
Train/Urban/1629,Train,Urban,train_internal,Train/Urban/images_png/1629.png,Train/Urban/masks_png/1629.png
Train/Urban/1630,Train,Urban,train_internal,Train/Urban/images_png/1630.png,Train/Urban/masks_png/1630.png
Train/Urban/1631,Train,Urban,val_internal,Train/Urban/images_png/1631.png,Train/Urban/masks_png/1631.png
Train/Urban/1632,Train,Urban,train_internal,Train/Urban/images_png/1632.png,Train/Urban/masks_png/1632.png
Train/Urban/1633,Train,Urban,train_internal,Train/Urban/images_png/1633.png,Train/Urban/masks_png/1633.png
Train/Urban/1634,Train,Urban,val_internal,Train/Urban/images_png/1634.png,Train/Urban/masks_png/1634.png
Train/Urban/1635,Train,Urban,train_internal,Train/Urban/images_png/1635.png,Train/Urban/masks_png/1635.png
Train/Urban/1636,Train,Urban,train_internal,Train/Urban/images_png/1636.png,Train/Urban/masks_png/1636.png
Train/Urban/1637,Train,Urban,train_internal,Train/Urban/images_png/1637.png,Train/Urban/masks_png/1637.png
Train/Urban/1638,Train,Urban,val_internal,Train/Urban/images_png/1638.png,Train/Urban/masks_png/1638.png
Train/Urban/1639,Train,Urban,val_internal,Train/Urban/images_png/1639.png,Train/Urban/masks_png/1639.png
Train/Urban/1640,Train,Urban,train_internal,Train/Urban/images_png/1640.png,Train/Urban/masks_png/1640.png
Train/Urban/1641,Train,Urban,train_internal,Train/Urban/images_png/1641.png,Train/Urban/masks_png/1641.png
Train/Urban/1642,Train,Urban,train_internal,Train/Urban/images_png/1642.png,Train/Urban/masks_png/1642.png
Train/Urban/1643,Train,Urban,train_internal,Train/Urban/images_png/1643.png,Train/Urban/masks_png/1643.png
Train/Urban/1644,Train,Urban,train_internal,Train/Urban/images_png/1644.png,Train/Urban/masks_png/1644.png
Train/Urban/1645,Train,Urban,train_internal,Train/Urban/images_png/1645.png,Train/Urban/masks_png/1645.png
Train/Urban/1646,Train,Urban,train_internal,Train/Urban/images_png/1646.png,Train/Urban/masks_png/1646.png
Train/Urban/1647,Train,Urban,val_internal,Train/Urban/images_png/1647.png,Train/Urban/masks_png/1647.png
Train/Urban/1648,Train,Urban,train_internal,Train/Urban/images_png/1648.png,Train/Urban/masks_png/1648.png
Train/Urban/1649,Train,Urban,train_internal,Train/Urban/images_png/1649.png,Train/Urban/masks_png/1649.png
Train/Urban/1650,Train,Urban,train_internal,Train/Urban/images_png/1650.png,Train/Urban/masks_png/1650.png
Train/Urban/1651,Train,Urban,train_internal,Train/Urban/images_png/1651.png,Train/Urban/masks_png/1651.png
Train/Urban/1652,Train,Urban,val_internal,Train/Urban/images_png/1652.png,Train/Urban/masks_png/1652.png
Train/Urban/1653,Train,Urban,train_internal,Train/Urban/images_png/1653.png,Train/Urban/masks_png/1653.png
Train/Urban/1654,Train,Urban,train_internal,Train/Urban/images_png/1654.png,Train/Urban/masks_png/1654.png
Train/Urban/1655,Train,Urban,train_internal,Train/Urban/images_png/1655.png,Train/Urban/masks_png/1655.png
Train/Urban/1656,Train,Urban,train_internal,Train/Urban/images_png/1656.png,Train/Urban/masks_png/1656.png
Train/Urban/1657,Train,Urban,train_internal,Train/Urban/images_png/1657.png,Train/Urban/masks_png/1657.png
Train/Urban/1658,Train,Urban,train_internal,Train/Urban/images_png/1658.png,Train/Urban/masks_png/1658.png
Train/Urban/1659,Train,Urban,train_internal,Train/Urban/images_png/1659.png,Train/Urban/masks_png/1659.png
Train/Urban/1660,Train,Urban,train_internal,Train/Urban/images_png/1660.png,Train/Urban/masks_png/1660.png
Train/Urban/1661,Train,Urban,train_internal,Train/Urban/images_png/1661.png,Train/Urban/masks_png/1661.png
Train/Urban/1662,Train,Urban,train_internal,Train/Urban/images_png/1662.png,Train/Urban/masks_png/1662.png
Train/Urban/1663,Train,Urban,val_internal,Train/Urban/images_png/1663.png,Train/Urban/masks_png/1663.png
Train/Urban/1664,Train,Urban,train_internal,Train/Urban/images_png/1664.png,Train/Urban/masks_png/1664.png
Train/Urban/1665,Train,Urban,val_internal,Train/Urban/images_png/1665.png,Train/Urban/masks_png/1665.png
Train/Urban/1666,Train,Urban,val_internal,Train/Urban/images_png/1666.png,Train/Urban/masks_png/1666.png
Train/Urban/1667,Train,Urban,train_internal,Train/Urban/images_png/1667.png,Train/Urban/masks_png/1667.png
Train/Urban/1668,Train,Urban,train_internal,Train/Urban/images_png/1668.png,Train/Urban/masks_png/1668.png
Train/Urban/1669,Train,Urban,train_internal,Train/Urban/images_png/1669.png,Train/Urban/masks_png/1669.png
Train/Urban/1670,Train,Urban,train_internal,Train/Urban/images_png/1670.png,Train/Urban/masks_png/1670.png
Train/Urban/1671,Train,Urban,train_internal,Train/Urban/images_png/1671.png,Train/Urban/masks_png/1671.png
Train/Urban/1672,Train,Urban,val_internal,Train/Urban/images_png/1672.png,Train/Urban/masks_png/1672.png
Train/Urban/1673,Train,Urban,train_internal,Train/Urban/images_png/1673.png,Train/Urban/masks_png/1673.png
Train/Urban/1674,Train,Urban,train_internal,Train/Urban/images_png/1674.png,Train/Urban/masks_png/1674.png
Train/Urban/1675,Train,Urban,val_internal,Train/Urban/images_png/1675.png,Train/Urban/masks_png/1675.png
Train/Urban/1676,Train,Urban,train_internal,Train/Urban/images_png/1676.png,Train/Urban/masks_png/1676.png
Train/Urban/1677,Train,Urban,train_internal,Train/Urban/images_png/1677.png,Train/Urban/masks_png/1677.png
Train/Urban/1678,Train,Urban,train_internal,Train/Urban/images_png/1678.png,Train/Urban/masks_png/1678.png
Train/Urban/1679,Train,Urban,train_internal,Train/Urban/images_png/1679.png,Train/Urban/masks_png/1679.png
Train/Urban/1680,Train,Urban,val_internal,Train/Urban/images_png/1680.png,Train/Urban/masks_png/1680.png
Train/Urban/1681,Train,Urban,train_internal,Train/Urban/images_png/1681.png,Train/Urban/masks_png/1681.png
Train/Urban/1682,Train,Urban,train_internal,Train/Urban/images_png/1682.png,Train/Urban/masks_png/1682.png
Train/Urban/1683,Train,Urban,train_internal,Train/Urban/images_png/1683.png,Train/Urban/masks_png/1683.png
Train/Urban/1684,Train,Urban,val_internal,Train/Urban/images_png/1684.png,Train/Urban/masks_png/1684.png
Train/Urban/1685,Train,Urban,train_internal,Train/Urban/images_png/1685.png,Train/Urban/masks_png/1685.png
Train/Urban/1686,Train,Urban,train_internal,Train/Urban/images_png/1686.png,Train/Urban/masks_png/1686.png
Train/Urban/1687,Train,Urban,val_internal,Train/Urban/images_png/1687.png,Train/Urban/masks_png/1687.png
Train/Urban/1688,Train,Urban,train_internal,Train/Urban/images_png/1688.png,Train/Urban/masks_png/1688.png
Train/Urban/1689,Train,Urban,val_internal,Train/Urban/images_png/1689.png,Train/Urban/masks_png/1689.png
Train/Urban/1690,Train,Urban,val_internal,Train/Urban/images_png/1690.png,Train/Urban/masks_png/1690.png
Train/Urban/1691,Train,Urban,train_internal,Train/Urban/images_png/1691.png,Train/Urban/masks_png/1691.png
Train/Urban/1692,Train,Urban,train_internal,Train/Urban/images_png/1692.png,Train/Urban/masks_png/1692.png
Train/Urban/1693,Train,Urban,train_internal,Train/Urban/images_png/1693.png,Train/Urban/masks_png/1693.png
Train/Urban/1694,Train,Urban,val_internal,Train/Urban/images_png/1694.png,Train/Urban/masks_png/1694.png
Train/Urban/1695,Train,Urban,val_internal,Train/Urban/images_png/1695.png,Train/Urban/masks_png/1695.png
Train/Urban/1696,Train,Urban,train_internal,Train/Urban/images_png/1696.png,Train/Urban/masks_png/1696.png
Train/Urban/1697,Train,Urban,train_internal,Train/Urban/images_png/1697.png,Train/Urban/masks_png/1697.png
Train/Urban/1698,Train,Urban,val_internal,Train/Urban/images_png/1698.png,Train/Urban/masks_png/1698.png
Train/Urban/1699,Train,Urban,train_internal,Train/Urban/images_png/1699.png,Train/Urban/masks_png/1699.png
Train/Urban/1700,Train,Urban,train_internal,Train/Urban/images_png/1700.png,Train/Urban/masks_png/1700.png
Train/Urban/1701,Train,Urban,val_internal,Train/Urban/images_png/1701.png,Train/Urban/masks_png/1701.png
Train/Urban/1702,Train,Urban,train_internal,Train/Urban/images_png/1702.png,Train/Urban/masks_png/1702.png
Train/Urban/1703,Train,Urban,val_internal,Train/Urban/images_png/1703.png,Train/Urban/masks_png/1703.png
Train/Urban/1704,Train,Urban,train_internal,Train/Urban/images_png/1704.png,Train/Urban/masks_png/1704.png
Train/Urban/1705,Train,Urban,val_internal,Train/Urban/images_png/1705.png,Train/Urban/masks_png/1705.png
Train/Urban/1706,Train,Urban,train_internal,Train/Urban/images_png/1706.png,Train/Urban/masks_png/1706.png
Train/Urban/1707,Train,Urban,train_internal,Train/Urban/images_png/1707.png,Train/Urban/masks_png/1707.png
Train/Urban/1708,Train,Urban,val_internal,Train/Urban/images_png/1708.png,Train/Urban/masks_png/1708.png
Train/Urban/1709,Train,Urban,train_internal,Train/Urban/images_png/1709.png,Train/Urban/masks_png/1709.png
Train/Urban/1710,Train,Urban,train_internal,Train/Urban/images_png/1710.png,Train/Urban/masks_png/1710.png
Train/Urban/1711,Train,Urban,train_internal,Train/Urban/images_png/1711.png,Train/Urban/masks_png/1711.png
Train/Urban/1712,Train,Urban,val_internal,Train/Urban/images_png/1712.png,Train/Urban/masks_png/1712.png
Train/Urban/1713,Train,Urban,train_internal,Train/Urban/images_png/1713.png,Train/Urban/masks_png/1713.png
Train/Urban/1714,Train,Urban,train_internal,Train/Urban/images_png/1714.png,Train/Urban/masks_png/1714.png
Train/Urban/1715,Train,Urban,train_internal,Train/Urban/images_png/1715.png,Train/Urban/masks_png/1715.png
Train/Urban/1716,Train,Urban,train_internal,Train/Urban/images_png/1716.png,Train/Urban/masks_png/1716.png
Train/Urban/1717,Train,Urban,val_internal,Train/Urban/images_png/1717.png,Train/Urban/masks_png/1717.png
Train/Urban/1718,Train,Urban,train_internal,Train/Urban/images_png/1718.png,Train/Urban/masks_png/1718.png
Train/Urban/1719,Train,Urban,train_internal,Train/Urban/images_png/1719.png,Train/Urban/masks_png/1719.png
Train/Urban/1720,Train,Urban,train_internal,Train/Urban/images_png/1720.png,Train/Urban/masks_png/1720.png
Train/Urban/1721,Train,Urban,train_internal,Train/Urban/images_png/1721.png,Train/Urban/masks_png/1721.png
Train/Urban/1722,Train,Urban,train_internal,Train/Urban/images_png/1722.png,Train/Urban/masks_png/1722.png
Train/Urban/1723,Train,Urban,train_internal,Train/Urban/images_png/1723.png,Train/Urban/masks_png/1723.png
Train/Urban/1724,Train,Urban,train_internal,Train/Urban/images_png/1724.png,Train/Urban/masks_png/1724.png
Train/Urban/1725,Train,Urban,val_internal,Train/Urban/images_png/1725.png,Train/Urban/masks_png/1725.png
Train/Urban/1726,Train,Urban,train_internal,Train/Urban/images_png/1726.png,Train/Urban/masks_png/1726.png
Train/Urban/1727,Train,Urban,train_internal,Train/Urban/images_png/1727.png,Train/Urban/masks_png/1727.png
Train/Urban/1728,Train,Urban,train_internal,Train/Urban/images_png/1728.png,Train/Urban/masks_png/1728.png
Train/Urban/1729,Train,Urban,val_internal,Train/Urban/images_png/1729.png,Train/Urban/masks_png/1729.png
Train/Urban/1730,Train,Urban,val_internal,Train/Urban/images_png/1730.png,Train/Urban/masks_png/1730.png
Train/Urban/1731,Train,Urban,train_internal,Train/Urban/images_png/1731.png,Train/Urban/masks_png/1731.png
Train/Urban/1732,Train,Urban,train_internal,Train/Urban/images_png/1732.png,Train/Urban/masks_png/1732.png
Train/Urban/1733,Train,Urban,train_internal,Train/Urban/images_png/1733.png,Train/Urban/masks_png/1733.png
Train/Urban/1734,Train,Urban,train_internal,Train/Urban/images_png/1734.png,Train/Urban/masks_png/1734.png
Train/Urban/1735,Train,Urban,train_internal,Train/Urban/images_png/1735.png,Train/Urban/masks_png/1735.png
Train/Urban/1736,Train,Urban,val_internal,Train/Urban/images_png/1736.png,Train/Urban/masks_png/1736.png
Train/Urban/1737,Train,Urban,train_internal,Train/Urban/images_png/1737.png,Train/Urban/masks_png/1737.png
Train/Urban/1738,Train,Urban,train_internal,Train/Urban/images_png/1738.png,Train/Urban/masks_png/1738.png
Train/Urban/1739,Train,Urban,train_internal,Train/Urban/images_png/1739.png,Train/Urban/masks_png/1739.png
Train/Urban/1740,Train,Urban,train_internal,Train/Urban/images_png/1740.png,Train/Urban/masks_png/1740.png
Train/Urban/1741,Train,Urban,train_internal,Train/Urban/images_png/1741.png,Train/Urban/masks_png/1741.png
Train/Urban/1742,Train,Urban,train_internal,Train/Urban/images_png/1742.png,Train/Urban/masks_png/1742.png
Train/Urban/1743,Train,Urban,val_internal,Train/Urban/images_png/1743.png,Train/Urban/masks_png/1743.png
Train/Urban/1744,Train,Urban,train_internal,Train/Urban/images_png/1744.png,Train/Urban/masks_png/1744.png
Train/Urban/1745,Train,Urban,val_internal,Train/Urban/images_png/1745.png,Train/Urban/masks_png/1745.png
Train/Urban/1746,Train,Urban,val_internal,Train/Urban/images_png/1746.png,Train/Urban/masks_png/1746.png
Train/Urban/1747,Train,Urban,train_internal,Train/Urban/images_png/1747.png,Train/Urban/masks_png/1747.png
Train/Urban/1748,Train,Urban,train_internal,Train/Urban/images_png/1748.png,Train/Urban/masks_png/1748.png
Train/Urban/1749,Train,Urban,train_internal,Train/Urban/images_png/1749.png,Train/Urban/masks_png/1749.png
Train/Urban/1750,Train,Urban,train_internal,Train/Urban/images_png/1750.png,Train/Urban/masks_png/1750.png
Train/Urban/1751,Train,Urban,train_internal,Train/Urban/images_png/1751.png,Train/Urban/masks_png/1751.png
Train/Urban/1752,Train,Urban,train_internal,Train/Urban/images_png/1752.png,Train/Urban/masks_png/1752.png
Train/Urban/1753,Train,Urban,train_internal,Train/Urban/images_png/1753.png,Train/Urban/masks_png/1753.png
Train/Urban/1754,Train,Urban,train_internal,Train/Urban/images_png/1754.png,Train/Urban/masks_png/1754.png
Train/Urban/1755,Train,Urban,train_internal,Train/Urban/images_png/1755.png,Train/Urban/masks_png/1755.png
Train/Urban/1756,Train,Urban,train_internal,Train/Urban/images_png/1756.png,Train/Urban/masks_png/1756.png
Train/Urban/1757,Train,Urban,val_internal,Train/Urban/images_png/1757.png,Train/Urban/masks_png/1757.png
Train/Urban/1758,Train,Urban,val_internal,Train/Urban/images_png/1758.png,Train/Urban/masks_png/1758.png
Train/Urban/1759,Train,Urban,val_internal,Train/Urban/images_png/1759.png,Train/Urban/masks_png/1759.png
Train/Urban/1760,Train,Urban,train_internal,Train/Urban/images_png/1760.png,Train/Urban/masks_png/1760.png
Train/Urban/1761,Train,Urban,train_internal,Train/Urban/images_png/1761.png,Train/Urban/masks_png/1761.png
Train/Urban/1762,Train,Urban,train_internal,Train/Urban/images_png/1762.png,Train/Urban/masks_png/1762.png
Train/Urban/1763,Train,Urban,train_internal,Train/Urban/images_png/1763.png,Train/Urban/masks_png/1763.png
Train/Urban/1764,Train,Urban,train_internal,Train/Urban/images_png/1764.png,Train/Urban/masks_png/1764.png
Train/Urban/1765,Train,Urban,train_internal,Train/Urban/images_png/1765.png,Train/Urban/masks_png/1765.png
Train/Urban/1766,Train,Urban,val_internal,Train/Urban/images_png/1766.png,Train/Urban/masks_png/1766.png
Train/Urban/1767,Train,Urban,train_internal,Train/Urban/images_png/1767.png,Train/Urban/masks_png/1767.png
Train/Urban/1768,Train,Urban,train_internal,Train/Urban/images_png/1768.png,Train/Urban/masks_png/1768.png
Train/Urban/1769,Train,Urban,val_internal,Train/Urban/images_png/1769.png,Train/Urban/masks_png/1769.png
Train/Urban/1770,Train,Urban,val_internal,Train/Urban/images_png/1770.png,Train/Urban/masks_png/1770.png
Train/Urban/1771,Train,Urban,val_internal,Train/Urban/images_png/1771.png,Train/Urban/masks_png/1771.png
Train/Urban/1772,Train,Urban,train_internal,Train/Urban/images_png/1772.png,Train/Urban/masks_png/1772.png
Train/Urban/1773,Train,Urban,train_internal,Train/Urban/images_png/1773.png,Train/Urban/masks_png/1773.png
Train/Urban/1774,Train,Urban,val_internal,Train/Urban/images_png/1774.png,Train/Urban/masks_png/1774.png
Train/Urban/1775,Train,Urban,train_internal,Train/Urban/images_png/1775.png,Train/Urban/masks_png/1775.png
Train/Urban/1776,Train,Urban,val_internal,Train/Urban/images_png/1776.png,Train/Urban/masks_png/1776.png
Train/Urban/1777,Train,Urban,train_internal,Train/Urban/images_png/1777.png,Train/Urban/masks_png/1777.png
Train/Urban/1778,Train,Urban,train_internal,Train/Urban/images_png/1778.png,Train/Urban/masks_png/1778.png
Train/Urban/1779,Train,Urban,train_internal,Train/Urban/images_png/1779.png,Train/Urban/masks_png/1779.png
Train/Urban/1780,Train,Urban,train_internal,Train/Urban/images_png/1780.png,Train/Urban/masks_png/1780.png
Train/Urban/1781,Train,Urban,train_internal,Train/Urban/images_png/1781.png,Train/Urban/masks_png/1781.png
Train/Urban/1782,Train,Urban,train_internal,Train/Urban/images_png/1782.png,Train/Urban/masks_png/1782.png
Train/Urban/1783,Train,Urban,train_internal,Train/Urban/images_png/1783.png,Train/Urban/masks_png/1783.png
Train/Urban/1784,Train,Urban,train_internal,Train/Urban/images_png/1784.png,Train/Urban/masks_png/1784.png
Train/Urban/1785,Train,Urban,train_internal,Train/Urban/images_png/1785.png,Train/Urban/masks_png/1785.png
Train/Urban/1786,Train,Urban,train_internal,Train/Urban/images_png/1786.png,Train/Urban/masks_png/1786.png
Train/Urban/1787,Train,Urban,val_internal,Train/Urban/images_png/1787.png,Train/Urban/masks_png/1787.png
Train/Urban/1788,Train,Urban,train_internal,Train/Urban/images_png/1788.png,Train/Urban/masks_png/1788.png
Train/Urban/1789,Train,Urban,train_internal,Train/Urban/images_png/1789.png,Train/Urban/masks_png/1789.png
Train/Urban/1790,Train,Urban,val_internal,Train/Urban/images_png/1790.png,Train/Urban/masks_png/1790.png
Train/Urban/1791,Train,Urban,val_internal,Train/Urban/images_png/1791.png,Train/Urban/masks_png/1791.png
Train/Urban/1792,Train,Urban,train_internal,Train/Urban/images_png/1792.png,Train/Urban/masks_png/1792.png
Train/Urban/1793,Train,Urban,val_internal,Train/Urban/images_png/1793.png,Train/Urban/masks_png/1793.png
Train/Urban/1794,Train,Urban,val_internal,Train/Urban/images_png/1794.png,Train/Urban/masks_png/1794.png
Train/Urban/1795,Train,Urban,train_internal,Train/Urban/images_png/1795.png,Train/Urban/masks_png/1795.png
Train/Urban/1796,Train,Urban,train_internal,Train/Urban/images_png/1796.png,Train/Urban/masks_png/1796.png
Train/Urban/1797,Train,Urban,train_internal,Train/Urban/images_png/1797.png,Train/Urban/masks_png/1797.png
Train/Urban/1798,Train,Urban,train_internal,Train/Urban/images_png/1798.png,Train/Urban/masks_png/1798.png
Train/Urban/1799,Train,Urban,train_internal,Train/Urban/images_png/1799.png,Train/Urban/masks_png/1799.png
Train/Urban/1800,Train,Urban,train_internal,Train/Urban/images_png/1800.png,Train/Urban/masks_png/1800.png
Train/Urban/1801,Train,Urban,train_internal,Train/Urban/images_png/1801.png,Train/Urban/masks_png/1801.png
Train/Urban/1802,Train,Urban,train_internal,Train/Urban/images_png/1802.png,Train/Urban/masks_png/1802.png
Train/Urban/1803,Train,Urban,train_internal,Train/Urban/images_png/1803.png,Train/Urban/masks_png/1803.png
Train/Urban/1804,Train,Urban,train_internal,Train/Urban/images_png/1804.png,Train/Urban/masks_png/1804.png
Train/Urban/1805,Train,Urban,val_internal,Train/Urban/images_png/1805.png,Train/Urban/masks_png/1805.png
Train/Urban/1806,Train,Urban,train_internal,Train/Urban/images_png/1806.png,Train/Urban/masks_png/1806.png
Train/Urban/1807,Train,Urban,train_internal,Train/Urban/images_png/1807.png,Train/Urban/masks_png/1807.png
Train/Urban/1808,Train,Urban,train_internal,Train/Urban/images_png/1808.png,Train/Urban/masks_png/1808.png
Train/Urban/1809,Train,Urban,train_internal,Train/Urban/images_png/1809.png,Train/Urban/masks_png/1809.png
Train/Urban/1810,Train,Urban,train_internal,Train/Urban/images_png/1810.png,Train/Urban/masks_png/1810.png
Train/Urban/1811,Train,Urban,train_internal,Train/Urban/images_png/1811.png,Train/Urban/masks_png/1811.png
Train/Urban/1812,Train,Urban,train_internal,Train/Urban/images_png/1812.png,Train/Urban/masks_png/1812.png
Train/Urban/1813,Train,Urban,train_internal,Train/Urban/images_png/1813.png,Train/Urban/masks_png/1813.png
Train/Urban/1814,Train,Urban,train_internal,Train/Urban/images_png/1814.png,Train/Urban/masks_png/1814.png
Train/Urban/1815,Train,Urban,train_internal,Train/Urban/images_png/1815.png,Train/Urban/masks_png/1815.png
Train/Urban/1816,Train,Urban,train_internal,Train/Urban/images_png/1816.png,Train/Urban/masks_png/1816.png
Train/Urban/1817,Train,Urban,train_internal,Train/Urban/images_png/1817.png,Train/Urban/masks_png/1817.png
Train/Urban/1818,Train,Urban,train_internal,Train/Urban/images_png/1818.png,Train/Urban/masks_png/1818.png
Train/Urban/1819,Train,Urban,val_internal,Train/Urban/images_png/1819.png,Train/Urban/masks_png/1819.png
Train/Urban/1820,Train,Urban,train_internal,Train/Urban/images_png/1820.png,Train/Urban/masks_png/1820.png
Train/Urban/1821,Train,Urban,train_internal,Train/Urban/images_png/1821.png,Train/Urban/masks_png/1821.png
Train/Urban/1822,Train,Urban,train_internal,Train/Urban/images_png/1822.png,Train/Urban/masks_png/1822.png
Train/Urban/1823,Train,Urban,val_internal,Train/Urban/images_png/1823.png,Train/Urban/masks_png/1823.png
Train/Urban/1824,Train,Urban,train_internal,Train/Urban/images_png/1824.png,Train/Urban/masks_png/1824.png
Train/Urban/1825,Train,Urban,train_internal,Train/Urban/images_png/1825.png,Train/Urban/masks_png/1825.png
Train/Urban/1826,Train,Urban,val_internal,Train/Urban/images_png/1826.png,Train/Urban/masks_png/1826.png
Train/Urban/1827,Train,Urban,train_internal,Train/Urban/images_png/1827.png,Train/Urban/masks_png/1827.png
Train/Urban/1828,Train,Urban,train_internal,Train/Urban/images_png/1828.png,Train/Urban/masks_png/1828.png
Train/Urban/1829,Train,Urban,train_internal,Train/Urban/images_png/1829.png,Train/Urban/masks_png/1829.png
Train/Urban/1830,Train,Urban,train_internal,Train/Urban/images_png/1830.png,Train/Urban/masks_png/1830.png
Train/Urban/1831,Train,Urban,train_internal,Train/Urban/images_png/1831.png,Train/Urban/masks_png/1831.png
Train/Urban/1832,Train,Urban,train_internal,Train/Urban/images_png/1832.png,Train/Urban/masks_png/1832.png
Train/Urban/1833,Train,Urban,train_internal,Train/Urban/images_png/1833.png,Train/Urban/masks_png/1833.png
Train/Urban/1834,Train,Urban,train_internal,Train/Urban/images_png/1834.png,Train/Urban/masks_png/1834.png
Train/Urban/1835,Train,Urban,train_internal,Train/Urban/images_png/1835.png,Train/Urban/masks_png/1835.png
Train/Urban/1836,Train,Urban,train_internal,Train/Urban/images_png/1836.png,Train/Urban/masks_png/1836.png
Train/Urban/1837,Train,Urban,train_internal,Train/Urban/images_png/1837.png,Train/Urban/masks_png/1837.png
Train/Urban/1838,Train,Urban,train_internal,Train/Urban/images_png/1838.png,Train/Urban/masks_png/1838.png
Train/Urban/1839,Train,Urban,train_internal,Train/Urban/images_png/1839.png,Train/Urban/masks_png/1839.png
Train/Urban/1840,Train,Urban,train_internal,Train/Urban/images_png/1840.png,Train/Urban/masks_png/1840.png
Train/Urban/1841,Train,Urban,val_internal,Train/Urban/images_png/1841.png,Train/Urban/masks_png/1841.png
Train/Urban/1842,Train,Urban,train_internal,Train/Urban/images_png/1842.png,Train/Urban/masks_png/1842.png
Train/Urban/1843,Train,Urban,train_internal,Train/Urban/images_png/1843.png,Train/Urban/masks_png/1843.png
Train/Urban/1844,Train,Urban,val_internal,Train/Urban/images_png/1844.png,Train/Urban/masks_png/1844.png
Train/Urban/1845,Train,Urban,train_internal,Train/Urban/images_png/1845.png,Train/Urban/masks_png/1845.png
Train/Urban/1846,Train,Urban,train_internal,Train/Urban/images_png/1846.png,Train/Urban/masks_png/1846.png
Train/Urban/1847,Train,Urban,train_internal,Train/Urban/images_png/1847.png,Train/Urban/masks_png/1847.png
Train/Urban/1848,Train,Urban,train_internal,Train/Urban/images_png/1848.png,Train/Urban/masks_png/1848.png
Train/Urban/1849,Train,Urban,train_internal,Train/Urban/images_png/1849.png,Train/Urban/masks_png/1849.png
Train/Urban/1850,Train,Urban,train_internal,Train/Urban/images_png/1850.png,Train/Urban/masks_png/1850.png
Train/Urban/1851,Train,Urban,train_internal,Train/Urban/images_png/1851.png,Train/Urban/masks_png/1851.png
Train/Urban/1852,Train,Urban,train_internal,Train/Urban/images_png/1852.png,Train/Urban/masks_png/1852.png
Train/Urban/1853,Train,Urban,train_internal,Train/Urban/images_png/1853.png,Train/Urban/masks_png/1853.png
Train/Urban/1854,Train,Urban,train_internal,Train/Urban/images_png/1854.png,Train/Urban/masks_png/1854.png
Train/Urban/1855,Train,Urban,train_internal,Train/Urban/images_png/1855.png,Train/Urban/masks_png/1855.png
Train/Urban/1856,Train,Urban,train_internal,Train/Urban/images_png/1856.png,Train/Urban/masks_png/1856.png
Train/Urban/1857,Train,Urban,val_internal,Train/Urban/images_png/1857.png,Train/Urban/masks_png/1857.png
Train/Urban/1858,Train,Urban,train_internal,Train/Urban/images_png/1858.png,Train/Urban/masks_png/1858.png
Train/Urban/1859,Train,Urban,train_internal,Train/Urban/images_png/1859.png,Train/Urban/masks_png/1859.png
Train/Urban/1860,Train,Urban,val_internal,Train/Urban/images_png/1860.png,Train/Urban/masks_png/1860.png
Train/Urban/1861,Train,Urban,train_internal,Train/Urban/images_png/1861.png,Train/Urban/masks_png/1861.png
Train/Urban/1862,Train,Urban,val_internal,Train/Urban/images_png/1862.png,Train/Urban/masks_png/1862.png
Train/Urban/1863,Train,Urban,train_internal,Train/Urban/images_png/1863.png,Train/Urban/masks_png/1863.png
Train/Urban/1864,Train,Urban,val_internal,Train/Urban/images_png/1864.png,Train/Urban/masks_png/1864.png
Train/Urban/1865,Train,Urban,train_internal,Train/Urban/images_png/1865.png,Train/Urban/masks_png/1865.png
Train/Urban/1866,Train,Urban,train_internal,Train/Urban/images_png/1866.png,Train/Urban/masks_png/1866.png
Train/Urban/1867,Train,Urban,train_internal,Train/Urban/images_png/1867.png,Train/Urban/masks_png/1867.png
Train/Urban/1868,Train,Urban,train_internal,Train/Urban/images_png/1868.png,Train/Urban/masks_png/1868.png
Train/Urban/1869,Train,Urban,train_internal,Train/Urban/images_png/1869.png,Train/Urban/masks_png/1869.png
Train/Urban/1870,Train,Urban,train_internal,Train/Urban/images_png/1870.png,Train/Urban/masks_png/1870.png
Train/Urban/1871,Train,Urban,train_internal,Train/Urban/images_png/1871.png,Train/Urban/masks_png/1871.png
Train/Urban/1872,Train,Urban,train_internal,Train/Urban/images_png/1872.png,Train/Urban/masks_png/1872.png
Train/Urban/1873,Train,Urban,val_internal,Train/Urban/images_png/1873.png,Train/Urban/masks_png/1873.png
Train/Urban/1874,Train,Urban,val_internal,Train/Urban/images_png/1874.png,Train/Urban/masks_png/1874.png
Train/Urban/1875,Train,Urban,train_internal,Train/Urban/images_png/1875.png,Train/Urban/masks_png/1875.png
Train/Urban/1876,Train,Urban,train_internal,Train/Urban/images_png/1876.png,Train/Urban/masks_png/1876.png
Train/Urban/1877,Train,Urban,train_internal,Train/Urban/images_png/1877.png,Train/Urban/masks_png/1877.png
Train/Urban/1878,Train,Urban,train_internal,Train/Urban/images_png/1878.png,Train/Urban/masks_png/1878.png
Train/Urban/1879,Train,Urban,train_internal,Train/Urban/images_png/1879.png,Train/Urban/masks_png/1879.png
Train/Urban/1880,Train,Urban,train_internal,Train/Urban/images_png/1880.png,Train/Urban/masks_png/1880.png
Train/Urban/1881,Train,Urban,train_internal,Train/Urban/images_png/1881.png,Train/Urban/masks_png/1881.png
Train/Urban/1882,Train,Urban,train_internal,Train/Urban/images_png/1882.png,Train/Urban/masks_png/1882.png
Train/Urban/1883,Train,Urban,val_internal,Train/Urban/images_png/1883.png,Train/Urban/masks_png/1883.png
Train/Urban/1884,Train,Urban,train_internal,Train/Urban/images_png/1884.png,Train/Urban/masks_png/1884.png
Train/Urban/1885,Train,Urban,train_internal,Train/Urban/images_png/1885.png,Train/Urban/masks_png/1885.png
Train/Urban/1886,Train,Urban,train_internal,Train/Urban/images_png/1886.png,Train/Urban/masks_png/1886.png
Train/Urban/1887,Train,Urban,val_internal,Train/Urban/images_png/1887.png,Train/Urban/masks_png/1887.png
Train/Urban/1888,Train,Urban,val_internal,Train/Urban/images_png/1888.png,Train/Urban/masks_png/1888.png
Train/Urban/1889,Train,Urban,train_internal,Train/Urban/images_png/1889.png,Train/Urban/masks_png/1889.png
Train/Urban/1890,Train,Urban,val_internal,Train/Urban/images_png/1890.png,Train/Urban/masks_png/1890.png
Train/Urban/1891,Train,Urban,train_internal,Train/Urban/images_png/1891.png,Train/Urban/masks_png/1891.png
Train/Urban/1892,Train,Urban,train_internal,Train/Urban/images_png/1892.png,Train/Urban/masks_png/1892.png
Train/Urban/1893,Train,Urban,train_internal,Train/Urban/images_png/1893.png,Train/Urban/masks_png/1893.png
Train/Urban/1894,Train,Urban,train_internal,Train/Urban/images_png/1894.png,Train/Urban/masks_png/1894.png
Train/Urban/1895,Train,Urban,val_internal,Train/Urban/images_png/1895.png,Train/Urban/masks_png/1895.png
Train/Urban/1896,Train,Urban,train_internal,Train/Urban/images_png/1896.png,Train/Urban/masks_png/1896.png
Train/Urban/1897,Train,Urban,train_internal,Train/Urban/images_png/1897.png,Train/Urban/masks_png/1897.png
Train/Urban/1898,Train,Urban,train_internal,Train/Urban/images_png/1898.png,Train/Urban/masks_png/1898.png
Train/Urban/1899,Train,Urban,train_internal,Train/Urban/images_png/1899.png,Train/Urban/masks_png/1899.png
Train/Urban/1900,Train,Urban,train_internal,Train/Urban/images_png/1900.png,Train/Urban/masks_png/1900.png
Train/Urban/1901,Train,Urban,val_internal,Train/Urban/images_png/1901.png,Train/Urban/masks_png/1901.png
Train/Urban/1902,Train,Urban,train_internal,Train/Urban/images_png/1902.png,Train/Urban/masks_png/1902.png
Train/Urban/1903,Train,Urban,train_internal,Train/Urban/images_png/1903.png,Train/Urban/masks_png/1903.png
Train/Urban/1904,Train,Urban,train_internal,Train/Urban/images_png/1904.png,Train/Urban/masks_png/1904.png
Train/Urban/1905,Train,Urban,train_internal,Train/Urban/images_png/1905.png,Train/Urban/masks_png/1905.png
Train/Urban/1906,Train,Urban,train_internal,Train/Urban/images_png/1906.png,Train/Urban/masks_png/1906.png
Train/Urban/1907,Train,Urban,train_internal,Train/Urban/images_png/1907.png,Train/Urban/masks_png/1907.png
Train/Urban/1908,Train,Urban,train_internal,Train/Urban/images_png/1908.png,Train/Urban/masks_png/1908.png
Train/Urban/1909,Train,Urban,val_internal,Train/Urban/images_png/1909.png,Train/Urban/masks_png/1909.png
Train/Urban/1910,Train,Urban,val_internal,Train/Urban/images_png/1910.png,Train/Urban/masks_png/1910.png
Train/Urban/1911,Train,Urban,train_internal,Train/Urban/images_png/1911.png,Train/Urban/masks_png/1911.png
Train/Urban/1912,Train,Urban,train_internal,Train/Urban/images_png/1912.png,Train/Urban/masks_png/1912.png
Train/Urban/1913,Train,Urban,train_internal,Train/Urban/images_png/1913.png,Train/Urban/masks_png/1913.png
Train/Urban/1914,Train,Urban,train_internal,Train/Urban/images_png/1914.png,Train/Urban/masks_png/1914.png
Train/Urban/1915,Train,Urban,train_internal,Train/Urban/images_png/1915.png,Train/Urban/masks_png/1915.png
Train/Urban/1916,Train,Urban,train_internal,Train/Urban/images_png/1916.png,Train/Urban/masks_png/1916.png
Train/Urban/1917,Train,Urban,train_internal,Train/Urban/images_png/1917.png,Train/Urban/masks_png/1917.png
Train/Urban/1918,Train,Urban,val_internal,Train/Urban/images_png/1918.png,Train/Urban/masks_png/1918.png
Train/Urban/1919,Train,Urban,train_internal,Train/Urban/images_png/1919.png,Train/Urban/masks_png/1919.png
Train/Urban/1920,Train,Urban,train_internal,Train/Urban/images_png/1920.png,Train/Urban/masks_png/1920.png
Train/Urban/1921,Train,Urban,train_internal,Train/Urban/images_png/1921.png,Train/Urban/masks_png/1921.png
Train/Urban/1922,Train,Urban,train_internal,Train/Urban/images_png/1922.png,Train/Urban/masks_png/1922.png
Train/Urban/1923,Train,Urban,train_internal,Train/Urban/images_png/1923.png,Train/Urban/masks_png/1923.png
Train/Urban/1924,Train,Urban,train_internal,Train/Urban/images_png/1924.png,Train/Urban/masks_png/1924.png
Train/Urban/1925,Train,Urban,train_internal,Train/Urban/images_png/1925.png,Train/Urban/masks_png/1925.png
Train/Urban/1926,Train,Urban,train_internal,Train/Urban/images_png/1926.png,Train/Urban/masks_png/1926.png
Train/Urban/1927,Train,Urban,train_internal,Train/Urban/images_png/1927.png,Train/Urban/masks_png/1927.png
Train/Urban/1928,Train,Urban,train_internal,Train/Urban/images_png/1928.png,Train/Urban/masks_png/1928.png
Train/Urban/1929,Train,Urban,train_internal,Train/Urban/images_png/1929.png,Train/Urban/masks_png/1929.png
Train/Urban/1930,Train,Urban,train_internal,Train/Urban/images_png/1930.png,Train/Urban/masks_png/1930.png
Train/Urban/1931,Train,Urban,train_internal,Train/Urban/images_png/1931.png,Train/Urban/masks_png/1931.png
Train/Urban/1932,Train,Urban,train_internal,Train/Urban/images_png/1932.png,Train/Urban/masks_png/1932.png
Train/Urban/1933,Train,Urban,train_internal,Train/Urban/images_png/1933.png,Train/Urban/masks_png/1933.png
Train/Urban/1934,Train,Urban,train_internal,Train/Urban/images_png/1934.png,Train/Urban/masks_png/1934.png
Train/Urban/1935,Train,Urban,train_internal,Train/Urban/images_png/1935.png,Train/Urban/masks_png/1935.png
Train/Urban/1936,Train,Urban,train_internal,Train/Urban/images_png/1936.png,Train/Urban/masks_png/1936.png
Train/Urban/1937,Train,Urban,train_internal,Train/Urban/images_png/1937.png,Train/Urban/masks_png/1937.png
Train/Urban/1938,Train,Urban,train_internal,Train/Urban/images_png/1938.png,Train/Urban/masks_png/1938.png
Train/Urban/1939,Train,Urban,train_internal,Train/Urban/images_png/1939.png,Train/Urban/masks_png/1939.png
Train/Urban/1940,Train,Urban,train_internal,Train/Urban/images_png/1940.png,Train/Urban/masks_png/1940.png
Train/Urban/1941,Train,Urban,train_internal,Train/Urban/images_png/1941.png,Train/Urban/masks_png/1941.png
Train/Urban/1942,Train,Urban,val_internal,Train/Urban/images_png/1942.png,Train/Urban/masks_png/1942.png
Train/Urban/1943,Train,Urban,val_internal,Train/Urban/images_png/1943.png,Train/Urban/masks_png/1943.png
Train/Urban/1944,Train,Urban,val_internal,Train/Urban/images_png/1944.png,Train/Urban/masks_png/1944.png
Train/Urban/1945,Train,Urban,val_internal,Train/Urban/images_png/1945.png,Train/Urban/masks_png/1945.png
Train/Urban/1946,Train,Urban,train_internal,Train/Urban/images_png/1946.png,Train/Urban/masks_png/1946.png
Train/Urban/1947,Train,Urban,train_internal,Train/Urban/images_png/1947.png,Train/Urban/masks_png/1947.png
Train/Urban/1948,Train,Urban,train_internal,Train/Urban/images_png/1948.png,Train/Urban/masks_png/1948.png
Train/Urban/1949,Train,Urban,train_internal,Train/Urban/images_png/1949.png,Train/Urban/masks_png/1949.png
Train/Urban/1950,Train,Urban,train_internal,Train/Urban/images_png/1950.png,Train/Urban/masks_png/1950.png
Train/Urban/1951,Train,Urban,train_internal,Train/Urban/images_png/1951.png,Train/Urban/masks_png/1951.png
Train/Urban/1952,Train,Urban,train_internal,Train/Urban/images_png/1952.png,Train/Urban/masks_png/1952.png
Train/Urban/1953,Train,Urban,train_internal,Train/Urban/images_png/1953.png,Train/Urban/masks_png/1953.png
Train/Urban/1954,Train,Urban,val_internal,Train/Urban/images_png/1954.png,Train/Urban/masks_png/1954.png
Train/Urban/1955,Train,Urban,train_internal,Train/Urban/images_png/1955.png,Train/Urban/masks_png/1955.png
Train/Urban/1956,Train,Urban,train_internal,Train/Urban/images_png/1956.png,Train/Urban/masks_png/1956.png
Train/Urban/1957,Train,Urban,val_internal,Train/Urban/images_png/1957.png,Train/Urban/masks_png/1957.png
Train/Urban/1958,Train,Urban,train_internal,Train/Urban/images_png/1958.png,Train/Urban/masks_png/1958.png
Train/Urban/1959,Train,Urban,train_internal,Train/Urban/images_png/1959.png,Train/Urban/masks_png/1959.png
Train/Urban/1960,Train,Urban,train_internal,Train/Urban/images_png/1960.png,Train/Urban/masks_png/1960.png
Train/Urban/1961,Train,Urban,train_internal,Train/Urban/images_png/1961.png,Train/Urban/masks_png/1961.png
Train/Urban/1962,Train,Urban,val_internal,Train/Urban/images_png/1962.png,Train/Urban/masks_png/1962.png
Train/Urban/1963,Train,Urban,train_internal,Train/Urban/images_png/1963.png,Train/Urban/masks_png/1963.png
Train/Urban/1964,Train,Urban,train_internal,Train/Urban/images_png/1964.png,Train/Urban/masks_png/1964.png
Train/Urban/1965,Train,Urban,val_internal,Train/Urban/images_png/1965.png,Train/Urban/masks_png/1965.png
Train/Urban/1966,Train,Urban,train_internal,Train/Urban/images_png/1966.png,Train/Urban/masks_png/1966.png
Train/Urban/1967,Train,Urban,val_internal,Train/Urban/images_png/1967.png,Train/Urban/masks_png/1967.png
Train/Urban/1968,Train,Urban,val_internal,Train/Urban/images_png/1968.png,Train/Urban/masks_png/1968.png
Train/Urban/1969,Train,Urban,train_internal,Train/Urban/images_png/1969.png,Train/Urban/masks_png/1969.png
Train/Urban/1970,Train,Urban,val_internal,Train/Urban/images_png/1970.png,Train/Urban/masks_png/1970.png
Train/Urban/1971,Train,Urban,train_internal,Train/Urban/images_png/1971.png,Train/Urban/masks_png/1971.png
Train/Urban/1972,Train,Urban,val_internal,Train/Urban/images_png/1972.png,Train/Urban/masks_png/1972.png
Train/Urban/1973,Train,Urban,train_internal,Train/Urban/images_png/1973.png,Train/Urban/masks_png/1973.png
Train/Urban/1974,Train,Urban,train_internal,Train/Urban/images_png/1974.png,Train/Urban/masks_png/1974.png
Train/Urban/1975,Train,Urban,train_internal,Train/Urban/images_png/1975.png,Train/Urban/masks_png/1975.png
Train/Urban/1976,Train,Urban,val_internal,Train/Urban/images_png/1976.png,Train/Urban/masks_png/1976.png
Train/Urban/1977,Train,Urban,train_internal,Train/Urban/images_png/1977.png,Train/Urban/masks_png/1977.png
Train/Urban/1978,Train,Urban,val_internal,Train/Urban/images_png/1978.png,Train/Urban/masks_png/1978.png
Train/Urban/1979,Train,Urban,train_internal,Train/Urban/images_png/1979.png,Train/Urban/masks_png/1979.png
Train/Urban/1980,Train,Urban,train_internal,Train/Urban/images_png/1980.png,Train/Urban/masks_png/1980.png
Train/Urban/1981,Train,Urban,val_internal,Train/Urban/images_png/1981.png,Train/Urban/masks_png/1981.png
Train/Urban/1982,Train,Urban,train_internal,Train/Urban/images_png/1982.png,Train/Urban/masks_png/1982.png
Train/Urban/1983,Train,Urban,train_internal,Train/Urban/images_png/1983.png,Train/Urban/masks_png/1983.png
Train/Urban/1984,Train,Urban,train_internal,Train/Urban/images_png/1984.png,Train/Urban/masks_png/1984.png
Train/Urban/1985,Train,Urban,train_internal,Train/Urban/images_png/1985.png,Train/Urban/masks_png/1985.png
Train/Urban/1986,Train,Urban,train_internal,Train/Urban/images_png/1986.png,Train/Urban/masks_png/1986.png
Train/Urban/1987,Train,Urban,train_internal,Train/Urban/images_png/1987.png,Train/Urban/masks_png/1987.png
Train/Urban/1988,Train,Urban,val_internal,Train/Urban/images_png/1988.png,Train/Urban/masks_png/1988.png
Train/Urban/1989,Train,Urban,train_internal,Train/Urban/images_png/1989.png,Train/Urban/masks_png/1989.png
Train/Urban/1990,Train,Urban,train_internal,Train/Urban/images_png/1990.png,Train/Urban/masks_png/1990.png
Train/Urban/1991,Train,Urban,train_internal,Train/Urban/images_png/1991.png,Train/Urban/masks_png/1991.png
Train/Urban/1992,Train,Urban,train_internal,Train/Urban/images_png/1992.png,Train/Urban/masks_png/1992.png
Train/Urban/1993,Train,Urban,train_internal,Train/Urban/images_png/1993.png,Train/Urban/masks_png/1993.png
Train/Urban/1994,Train,Urban,train_internal,Train/Urban/images_png/1994.png,Train/Urban/masks_png/1994.png
Train/Urban/1995,Train,Urban,train_internal,Train/Urban/images_png/1995.png,Train/Urban/masks_png/1995.png
Train/Urban/1996,Train,Urban,train_internal,Train/Urban/images_png/1996.png,Train/Urban/masks_png/1996.png
Train/Urban/1997,Train,Urban,train_internal,Train/Urban/images_png/1997.png,Train/Urban/masks_png/1997.png
Train/Urban/1998,Train,Urban,val_internal,Train/Urban/images_png/1998.png,Train/Urban/masks_png/1998.png
Train/Urban/1999,Train,Urban,train_internal,Train/Urban/images_png/1999.png,Train/Urban/masks_png/1999.png
Train/Urban/2000,Train,Urban,train_internal,Train/Urban/images_png/2000.png,Train/Urban/masks_png/2000.png
Train/Urban/2001,Train,Urban,train_internal,Train/Urban/images_png/2001.png,Train/Urban/masks_png/2001.png
Train/Urban/2002,Train,Urban,train_internal,Train/Urban/images_png/2002.png,Train/Urban/masks_png/2002.png
Train/Urban/2003,Train,Urban,train_internal,Train/Urban/images_png/2003.png,Train/Urban/masks_png/2003.png
Train/Urban/2004,Train,Urban,train_internal,Train/Urban/images_png/2004.png,Train/Urban/masks_png/2004.png
Train/Urban/2005,Train,Urban,train_internal,Train/Urban/images_png/2005.png,Train/Urban/masks_png/2005.png
Train/Urban/2006,Train,Urban,train_internal,Train/Urban/images_png/2006.png,Train/Urban/masks_png/2006.png
Train/Urban/2007,Train,Urban,train_internal,Train/Urban/images_png/2007.png,Train/Urban/masks_png/2007.png
Train/Urban/2008,Train,Urban,train_internal,Train/Urban/images_png/2008.png,Train/Urban/masks_png/2008.png
Train/Urban/2009,Train,Urban,train_internal,Train/Urban/images_png/2009.png,Train/Urban/masks_png/2009.png
Train/Urban/2010,Train,Urban,train_internal,Train/Urban/images_png/2010.png,Train/Urban/masks_png/2010.png
Train/Urban/2011,Train,Urban,train_internal,Train/Urban/images_png/2011.png,Train/Urban/masks_png/2011.png
Train/Urban/2012,Train,Urban,train_internal,Train/Urban/images_png/2012.png,Train/Urban/masks_png/2012.png
Train/Urban/2013,Train,Urban,train_internal,Train/Urban/images_png/2013.png,Train/Urban/masks_png/2013.png
Train/Urban/2014,Train,Urban,train_internal,Train/Urban/images_png/2014.png,Train/Urban/masks_png/2014.png
Train/Urban/2015,Train,Urban,train_internal,Train/Urban/images_png/2015.png,Train/Urban/masks_png/2015.png
Train/Urban/2016,Train,Urban,train_internal,Train/Urban/images_png/2016.png,Train/Urban/masks_png/2016.png
Train/Urban/2017,Train,Urban,train_internal,Train/Urban/images_png/2017.png,Train/Urban/masks_png/2017.png
Train/Urban/2018,Train,Urban,val_internal,Train/Urban/images_png/2018.png,Train/Urban/masks_png/2018.png
Train/Urban/2019,Train,Urban,train_internal,Train/Urban/images_png/2019.png,Train/Urban/masks_png/2019.png
Train/Urban/2020,Train,Urban,train_internal,Train/Urban/images_png/2020.png,Train/Urban/masks_png/2020.png
Train/Urban/2021,Train,Urban,train_internal,Train/Urban/images_png/2021.png,Train/Urban/masks_png/2021.png
Train/Urban/2022,Train,Urban,train_internal,Train/Urban/images_png/2022.png,Train/Urban/masks_png/2022.png
Train/Urban/2023,Train,Urban,train_internal,Train/Urban/images_png/2023.png,Train/Urban/masks_png/2023.png
Train/Urban/2024,Train,Urban,val_internal,Train/Urban/images_png/2024.png,Train/Urban/masks_png/2024.png
Train/Urban/2025,Train,Urban,val_internal,Train/Urban/images_png/2025.png,Train/Urban/masks_png/2025.png
Train/Urban/2026,Train,Urban,train_internal,Train/Urban/images_png/2026.png,Train/Urban/masks_png/2026.png
Train/Urban/2027,Train,Urban,train_internal,Train/Urban/images_png/2027.png,Train/Urban/masks_png/2027.png
Train/Urban/2028,Train,Urban,train_internal,Train/Urban/images_png/2028.png,Train/Urban/masks_png/2028.png
Train/Urban/2029,Train,Urban,train_internal,Train/Urban/images_png/2029.png,Train/Urban/masks_png/2029.png
Train/Urban/2030,Train,Urban,train_internal,Train/Urban/images_png/2030.png,Train/Urban/masks_png/2030.png
Train/Urban/2031,Train,Urban,train_internal,Train/Urban/images_png/2031.png,Train/Urban/masks_png/2031.png
Train/Urban/2032,Train,Urban,val_internal,Train/Urban/images_png/2032.png,Train/Urban/masks_png/2032.png
Train/Urban/2033,Train,Urban,train_internal,Train/Urban/images_png/2033.png,Train/Urban/masks_png/2033.png
Train/Urban/2034,Train,Urban,train_internal,Train/Urban/images_png/2034.png,Train/Urban/masks_png/2034.png
Train/Urban/2035,Train,Urban,train_internal,Train/Urban/images_png/2035.png,Train/Urban/masks_png/2035.png
Train/Urban/2036,Train,Urban,train_internal,Train/Urban/images_png/2036.png,Train/Urban/masks_png/2036.png
Train/Urban/2037,Train,Urban,train_internal,Train/Urban/images_png/2037.png,Train/Urban/masks_png/2037.png
Train/Urban/2038,Train,Urban,train_internal,Train/Urban/images_png/2038.png,Train/Urban/masks_png/2038.png
Train/Urban/2039,Train,Urban,train_internal,Train/Urban/images_png/2039.png,Train/Urban/masks_png/2039.png
Train/Urban/2040,Train,Urban,train_internal,Train/Urban/images_png/2040.png,Train/Urban/masks_png/2040.png
Train/Urban/2041,Train,Urban,train_internal,Train/Urban/images_png/2041.png,Train/Urban/masks_png/2041.png
Train/Urban/2042,Train,Urban,val_internal,Train/Urban/images_png/2042.png,Train/Urban/masks_png/2042.png
Train/Urban/2043,Train,Urban,train_internal,Train/Urban/images_png/2043.png,Train/Urban/masks_png/2043.png
Train/Urban/2044,Train,Urban,val_internal,Train/Urban/images_png/2044.png,Train/Urban/masks_png/2044.png
Train/Urban/2045,Train,Urban,train_internal,Train/Urban/images_png/2045.png,Train/Urban/masks_png/2045.png
Train/Urban/2046,Train,Urban,train_internal,Train/Urban/images_png/2046.png,Train/Urban/masks_png/2046.png
Train/Urban/2047,Train,Urban,train_internal,Train/Urban/images_png/2047.png,Train/Urban/masks_png/2047.png
Train/Urban/2048,Train,Urban,train_internal,Train/Urban/images_png/2048.png,Train/Urban/masks_png/2048.png
Train/Urban/2049,Train,Urban,train_internal,Train/Urban/images_png/2049.png,Train/Urban/masks_png/2049.png
Train/Urban/2050,Train,Urban,train_internal,Train/Urban/images_png/2050.png,Train/Urban/masks_png/2050.png
Train/Urban/2051,Train,Urban,train_internal,Train/Urban/images_png/2051.png,Train/Urban/masks_png/2051.png
Train/Urban/2052,Train,Urban,train_internal,Train/Urban/images_png/2052.png,Train/Urban/masks_png/2052.png
Train/Urban/2053,Train,Urban,train_internal,Train/Urban/images_png/2053.png,Train/Urban/masks_png/2053.png
Train/Urban/2054,Train,Urban,train_internal,Train/Urban/images_png/2054.png,Train/Urban/masks_png/2054.png
Train/Urban/2055,Train,Urban,train_internal,Train/Urban/images_png/2055.png,Train/Urban/masks_png/2055.png
Train/Urban/2056,Train,Urban,train_internal,Train/Urban/images_png/2056.png,Train/Urban/masks_png/2056.png
Train/Urban/2057,Train,Urban,train_internal,Train/Urban/images_png/2057.png,Train/Urban/masks_png/2057.png
Train/Urban/2058,Train,Urban,train_internal,Train/Urban/images_png/2058.png,Train/Urban/masks_png/2058.png
Train/Urban/2059,Train,Urban,train_internal,Train/Urban/images_png/2059.png,Train/Urban/masks_png/2059.png
Train/Urban/2060,Train,Urban,val_internal,Train/Urban/images_png/2060.png,Train/Urban/masks_png/2060.png
Train/Urban/2061,Train,Urban,train_internal,Train/Urban/images_png/2061.png,Train/Urban/masks_png/2061.png
Train/Urban/2062,Train,Urban,val_internal,Train/Urban/images_png/2062.png,Train/Urban/masks_png/2062.png
Train/Urban/2063,Train,Urban,train_internal,Train/Urban/images_png/2063.png,Train/Urban/masks_png/2063.png
Train/Urban/2064,Train,Urban,train_internal,Train/Urban/images_png/2064.png,Train/Urban/masks_png/2064.png
Train/Urban/2065,Train,Urban,train_internal,Train/Urban/images_png/2065.png,Train/Urban/masks_png/2065.png
Train/Urban/2066,Train,Urban,train_internal,Train/Urban/images_png/2066.png,Train/Urban/masks_png/2066.png
Train/Urban/2067,Train,Urban,val_internal,Train/Urban/images_png/2067.png,Train/Urban/masks_png/2067.png
Train/Urban/2068,Train,Urban,val_internal,Train/Urban/images_png/2068.png,Train/Urban/masks_png/2068.png
Train/Urban/2069,Train,Urban,train_internal,Train/Urban/images_png/2069.png,Train/Urban/masks_png/2069.png
Train/Urban/2070,Train,Urban,val_internal,Train/Urban/images_png/2070.png,Train/Urban/masks_png/2070.png
Train/Urban/2071,Train,Urban,train_internal,Train/Urban/images_png/2071.png,Train/Urban/masks_png/2071.png
Train/Urban/2072,Train,Urban,train_internal,Train/Urban/images_png/2072.png,Train/Urban/masks_png/2072.png
Train/Urban/2073,Train,Urban,val_internal,Train/Urban/images_png/2073.png,Train/Urban/masks_png/2073.png
Train/Urban/2074,Train,Urban,train_internal,Train/Urban/images_png/2074.png,Train/Urban/masks_png/2074.png
Train/Urban/2075,Train,Urban,train_internal,Train/Urban/images_png/2075.png,Train/Urban/masks_png/2075.png
Train/Urban/2076,Train,Urban,train_internal,Train/Urban/images_png/2076.png,Train/Urban/masks_png/2076.png
Train/Urban/2077,Train,Urban,train_internal,Train/Urban/images_png/2077.png,Train/Urban/masks_png/2077.png
Train/Urban/2078,Train,Urban,val_internal,Train/Urban/images_png/2078.png,Train/Urban/masks_png/2078.png
Train/Urban/2079,Train,Urban,train_internal,Train/Urban/images_png/2079.png,Train/Urban/masks_png/2079.png
Train/Urban/2080,Train,Urban,val_internal,Train/Urban/images_png/2080.png,Train/Urban/masks_png/2080.png
Train/Urban/2081,Train,Urban,train_internal,Train/Urban/images_png/2081.png,Train/Urban/masks_png/2081.png
Train/Urban/2082,Train,Urban,val_internal,Train/Urban/images_png/2082.png,Train/Urban/masks_png/2082.png
Train/Urban/2083,Train,Urban,train_internal,Train/Urban/images_png/2083.png,Train/Urban/masks_png/2083.png
Train/Urban/2084,Train,Urban,val_internal,Train/Urban/images_png/2084.png,Train/Urban/masks_png/2084.png
Train/Urban/2085,Train,Urban,train_internal,Train/Urban/images_png/2085.png,Train/Urban/masks_png/2085.png
Train/Urban/2086,Train,Urban,train_internal,Train/Urban/images_png/2086.png,Train/Urban/masks_png/2086.png
Train/Urban/2087,Train,Urban,train_internal,Train/Urban/images_png/2087.png,Train/Urban/masks_png/2087.png
Train/Urban/2088,Train,Urban,train_internal,Train/Urban/images_png/2088.png,Train/Urban/masks_png/2088.png
Train/Urban/2089,Train,Urban,train_internal,Train/Urban/images_png/2089.png,Train/Urban/masks_png/2089.png
Train/Urban/2090,Train,Urban,train_internal,Train/Urban/images_png/2090.png,Train/Urban/masks_png/2090.png
Train/Urban/2091,Train,Urban,train_internal,Train/Urban/images_png/2091.png,Train/Urban/masks_png/2091.png
Train/Urban/2092,Train,Urban,val_internal,Train/Urban/images_png/2092.png,Train/Urban/masks_png/2092.png
Train/Urban/2093,Train,Urban,val_internal,Train/Urban/images_png/2093.png,Train/Urban/masks_png/2093.png
Train/Urban/2094,Train,Urban,train_internal,Train/Urban/images_png/2094.png,Train/Urban/masks_png/2094.png
Train/Urban/2095,Train,Urban,train_internal,Train/Urban/images_png/2095.png,Train/Urban/masks_png/2095.png
Train/Urban/2096,Train,Urban,train_internal,Train/Urban/images_png/2096.png,Train/Urban/masks_png/2096.png
Train/Urban/2097,Train,Urban,train_internal,Train/Urban/images_png/2097.png,Train/Urban/masks_png/2097.png
Train/Urban/2098,Train,Urban,train_internal,Train/Urban/images_png/2098.png,Train/Urban/masks_png/2098.png
Train/Urban/2099,Train,Urban,train_internal,Train/Urban/images_png/2099.png,Train/Urban/masks_png/2099.png
Train/Urban/2100,Train,Urban,train_internal,Train/Urban/images_png/2100.png,Train/Urban/masks_png/2100.png
Train/Urban/2101,Train,Urban,train_internal,Train/Urban/images_png/2101.png,Train/Urban/masks_png/2101.png
Train/Urban/2102,Train,Urban,train_internal,Train/Urban/images_png/2102.png,Train/Urban/masks_png/2102.png
Train/Urban/2103,Train,Urban,train_internal,Train/Urban/images_png/2103.png,Train/Urban/masks_png/2103.png
Train/Urban/2104,Train,Urban,train_internal,Train/Urban/images_png/2104.png,Train/Urban/masks_png/2104.png
Train/Urban/2105,Train,Urban,train_internal,Train/Urban/images_png/2105.png,Train/Urban/masks_png/2105.png
Train/Urban/2106,Train,Urban,train_internal,Train/Urban/images_png/2106.png,Train/Urban/masks_png/2106.png
Train/Urban/2107,Train,Urban,train_internal,Train/Urban/images_png/2107.png,Train/Urban/masks_png/2107.png
Train/Urban/2108,Train,Urban,val_internal,Train/Urban/images_png/2108.png,Train/Urban/masks_png/2108.png
Train/Urban/2109,Train,Urban,train_internal,Train/Urban/images_png/2109.png,Train/Urban/masks_png/2109.png
Train/Urban/2110,Train,Urban,train_internal,Train/Urban/images_png/2110.png,Train/Urban/masks_png/2110.png
Train/Urban/2111,Train,Urban,train_internal,Train/Urban/images_png/2111.png,Train/Urban/masks_png/2111.png
Train/Urban/2112,Train,Urban,train_internal,Train/Urban/images_png/2112.png,Train/Urban/masks_png/2112.png
Train/Urban/2113,Train,Urban,train_internal,Train/Urban/images_png/2113.png,Train/Urban/masks_png/2113.png
Train/Urban/2114,Train,Urban,train_internal,Train/Urban/images_png/2114.png,Train/Urban/masks_png/2114.png
Train/Urban/2115,Train,Urban,train_internal,Train/Urban/images_png/2115.png,Train/Urban/masks_png/2115.png
Train/Urban/2116,Train,Urban,train_internal,Train/Urban/images_png/2116.png,Train/Urban/masks_png/2116.png
Train/Urban/2117,Train,Urban,train_internal,Train/Urban/images_png/2117.png,Train/Urban/masks_png/2117.png
Train/Urban/2118,Train,Urban,train_internal,Train/Urban/images_png/2118.png,Train/Urban/masks_png/2118.png
Train/Urban/2119,Train,Urban,train_internal,Train/Urban/images_png/2119.png,Train/Urban/masks_png/2119.png
Train/Urban/2120,Train,Urban,train_internal,Train/Urban/images_png/2120.png,Train/Urban/masks_png/2120.png
Train/Urban/2121,Train,Urban,val_internal,Train/Urban/images_png/2121.png,Train/Urban/masks_png/2121.png
Train/Urban/2122,Train,Urban,val_internal,Train/Urban/images_png/2122.png,Train/Urban/masks_png/2122.png
Train/Urban/2123,Train,Urban,val_internal,Train/Urban/images_png/2123.png,Train/Urban/masks_png/2123.png
Train/Urban/2124,Train,Urban,train_internal,Train/Urban/images_png/2124.png,Train/Urban/masks_png/2124.png
Train/Urban/2125,Train,Urban,train_internal,Train/Urban/images_png/2125.png,Train/Urban/masks_png/2125.png
Train/Urban/2126,Train,Urban,train_internal,Train/Urban/images_png/2126.png,Train/Urban/masks_png/2126.png
Train/Urban/2127,Train,Urban,train_internal,Train/Urban/images_png/2127.png,Train/Urban/masks_png/2127.png
Train/Urban/2128,Train,Urban,train_internal,Train/Urban/images_png/2128.png,Train/Urban/masks_png/2128.png
Train/Urban/2129,Train,Urban,train_internal,Train/Urban/images_png/2129.png,Train/Urban/masks_png/2129.png
Train/Urban/2130,Train,Urban,train_internal,Train/Urban/images_png/2130.png,Train/Urban/masks_png/2130.png
Train/Urban/2131,Train,Urban,train_internal,Train/Urban/images_png/2131.png,Train/Urban/masks_png/2131.png
Train/Urban/2132,Train,Urban,train_internal,Train/Urban/images_png/2132.png,Train/Urban/masks_png/2132.png
Train/Urban/2133,Train,Urban,val_internal,Train/Urban/images_png/2133.png,Train/Urban/masks_png/2133.png
Train/Urban/2134,Train,Urban,train_internal,Train/Urban/images_png/2134.png,Train/Urban/masks_png/2134.png
Train/Urban/2135,Train,Urban,train_internal,Train/Urban/images_png/2135.png,Train/Urban/masks_png/2135.png
Train/Urban/2136,Train,Urban,train_internal,Train/Urban/images_png/2136.png,Train/Urban/masks_png/2136.png
Train/Urban/2137,Train,Urban,train_internal,Train/Urban/images_png/2137.png,Train/Urban/masks_png/2137.png
Train/Urban/2138,Train,Urban,val_internal,Train/Urban/images_png/2138.png,Train/Urban/masks_png/2138.png
Train/Urban/2139,Train,Urban,train_internal,Train/Urban/images_png/2139.png,Train/Urban/masks_png/2139.png
Train/Urban/2140,Train,Urban,train_internal,Train/Urban/images_png/2140.png,Train/Urban/masks_png/2140.png
Train/Urban/2141,Train,Urban,train_internal,Train/Urban/images_png/2141.png,Train/Urban/masks_png/2141.png
Train/Urban/2142,Train,Urban,val_internal,Train/Urban/images_png/2142.png,Train/Urban/masks_png/2142.png
Train/Urban/2143,Train,Urban,train_internal,Train/Urban/images_png/2143.png,Train/Urban/masks_png/2143.png
Train/Urban/2144,Train,Urban,train_internal,Train/Urban/images_png/2144.png,Train/Urban/masks_png/2144.png
Train/Urban/2145,Train,Urban,val_internal,Train/Urban/images_png/2145.png,Train/Urban/masks_png/2145.png
Train/Urban/2146,Train,Urban,train_internal,Train/Urban/images_png/2146.png,Train/Urban/masks_png/2146.png
Train/Urban/2147,Train,Urban,val_internal,Train/Urban/images_png/2147.png,Train/Urban/masks_png/2147.png
Train/Urban/2148,Train,Urban,train_internal,Train/Urban/images_png/2148.png,Train/Urban/masks_png/2148.png
Train/Urban/2149,Train,Urban,train_internal,Train/Urban/images_png/2149.png,Train/Urban/masks_png/2149.png
Train/Urban/2150,Train,Urban,train_internal,Train/Urban/images_png/2150.png,Train/Urban/masks_png/2150.png
Train/Urban/2151,Train,Urban,train_internal,Train/Urban/images_png/2151.png,Train/Urban/masks_png/2151.png
Train/Urban/2152,Train,Urban,train_internal,Train/Urban/images_png/2152.png,Train/Urban/masks_png/2152.png
Train/Urban/2153,Train,Urban,val_internal,Train/Urban/images_png/2153.png,Train/Urban/masks_png/2153.png
Train/Urban/2154,Train,Urban,train_internal,Train/Urban/images_png/2154.png,Train/Urban/masks_png/2154.png
Train/Urban/2155,Train,Urban,val_internal,Train/Urban/images_png/2155.png,Train/Urban/masks_png/2155.png
Train/Urban/2156,Train,Urban,train_internal,Train/Urban/images_png/2156.png,Train/Urban/masks_png/2156.png
Train/Urban/2157,Train,Urban,train_internal,Train/Urban/images_png/2157.png,Train/Urban/masks_png/2157.png
Train/Urban/2158,Train,Urban,val_internal,Train/Urban/images_png/2158.png,Train/Urban/masks_png/2158.png
Train/Urban/2159,Train,Urban,train_internal,Train/Urban/images_png/2159.png,Train/Urban/masks_png/2159.png
Train/Urban/2160,Train,Urban,train_internal,Train/Urban/images_png/2160.png,Train/Urban/masks_png/2160.png
Train/Urban/2161,Train,Urban,train_internal,Train/Urban/images_png/2161.png,Train/Urban/masks_png/2161.png
Train/Urban/2162,Train,Urban,train_internal,Train/Urban/images_png/2162.png,Train/Urban/masks_png/2162.png
Train/Urban/2163,Train,Urban,train_internal,Train/Urban/images_png/2163.png,Train/Urban/masks_png/2163.png
Train/Urban/2164,Train,Urban,train_internal,Train/Urban/images_png/2164.png,Train/Urban/masks_png/2164.png
Train/Urban/2165,Train,Urban,train_internal,Train/Urban/images_png/2165.png,Train/Urban/masks_png/2165.png
Train/Urban/2166,Train,Urban,val_internal,Train/Urban/images_png/2166.png,Train/Urban/masks_png/2166.png
Train/Urban/2167,Train,Urban,train_internal,Train/Urban/images_png/2167.png,Train/Urban/masks_png/2167.png
Train/Urban/2168,Train,Urban,train_internal,Train/Urban/images_png/2168.png,Train/Urban/masks_png/2168.png
Train/Urban/2169,Train,Urban,train_internal,Train/Urban/images_png/2169.png,Train/Urban/masks_png/2169.png
Train/Urban/2170,Train,Urban,val_internal,Train/Urban/images_png/2170.png,Train/Urban/masks_png/2170.png
Train/Urban/2171,Train,Urban,train_internal,Train/Urban/images_png/2171.png,Train/Urban/masks_png/2171.png
Train/Urban/2172,Train,Urban,train_internal,Train/Urban/images_png/2172.png,Train/Urban/masks_png/2172.png
Train/Urban/2173,Train,Urban,val_internal,Train/Urban/images_png/2173.png,Train/Urban/masks_png/2173.png
Train/Urban/2174,Train,Urban,train_internal,Train/Urban/images_png/2174.png,Train/Urban/masks_png/2174.png
Train/Urban/2175,Train,Urban,train_internal,Train/Urban/images_png/2175.png,Train/Urban/masks_png/2175.png
Train/Urban/2176,Train,Urban,val_internal,Train/Urban/images_png/2176.png,Train/Urban/masks_png/2176.png
Train/Urban/2177,Train,Urban,train_internal,Train/Urban/images_png/2177.png,Train/Urban/masks_png/2177.png
Train/Urban/2178,Train,Urban,train_internal,Train/Urban/images_png/2178.png,Train/Urban/masks_png/2178.png
Train/Urban/2179,Train,Urban,val_internal,Train/Urban/images_png/2179.png,Train/Urban/masks_png/2179.png
Train/Urban/2180,Train,Urban,val_internal,Train/Urban/images_png/2180.png,Train/Urban/masks_png/2180.png
Train/Urban/2181,Train,Urban,train_internal,Train/Urban/images_png/2181.png,Train/Urban/masks_png/2181.png
Train/Urban/2182,Train,Urban,train_internal,Train/Urban/images_png/2182.png,Train/Urban/masks_png/2182.png
Train/Urban/2183,Train,Urban,train_internal,Train/Urban/images_png/2183.png,Train/Urban/masks_png/2183.png
Train/Urban/2184,Train,Urban,val_internal,Train/Urban/images_png/2184.png,Train/Urban/masks_png/2184.png
Train/Urban/2185,Train,Urban,train_internal,Train/Urban/images_png/2185.png,Train/Urban/masks_png/2185.png
Train/Urban/2186,Train,Urban,train_internal,Train/Urban/images_png/2186.png,Train/Urban/masks_png/2186.png
Train/Urban/2187,Train,Urban,train_internal,Train/Urban/images_png/2187.png,Train/Urban/masks_png/2187.png
Train/Urban/2188,Train,Urban,train_internal,Train/Urban/images_png/2188.png,Train/Urban/masks_png/2188.png
Train/Urban/2189,Train,Urban,train_internal,Train/Urban/images_png/2189.png,Train/Urban/masks_png/2189.png
Train/Urban/2190,Train,Urban,train_internal,Train/Urban/images_png/2190.png,Train/Urban/masks_png/2190.png
Train/Urban/2191,Train,Urban,train_internal,Train/Urban/images_png/2191.png,Train/Urban/masks_png/2191.png
Train/Urban/2192,Train,Urban,train_internal,Train/Urban/images_png/2192.png,Train/Urban/masks_png/2192.png
Train/Urban/2193,Train,Urban,train_internal,Train/Urban/images_png/2193.png,Train/Urban/masks_png/2193.png
Train/Urban/2194,Train,Urban,val_internal,Train/Urban/images_png/2194.png,Train/Urban/masks_png/2194.png
Train/Urban/2195,Train,Urban,val_internal,Train/Urban/images_png/2195.png,Train/Urban/masks_png/2195.png
Train/Urban/2196,Train,Urban,train_internal,Train/Urban/images_png/2196.png,Train/Urban/masks_png/2196.png
Train/Urban/2197,Train,Urban,train_internal,Train/Urban/images_png/2197.png,Train/Urban/masks_png/2197.png
Train/Urban/2198,Train,Urban,train_internal,Train/Urban/images_png/2198.png,Train/Urban/masks_png/2198.png
Train/Urban/2199,Train,Urban,train_internal,Train/Urban/images_png/2199.png,Train/Urban/masks_png/2199.png
Train/Urban/2200,Train,Urban,val_internal,Train/Urban/images_png/2200.png,Train/Urban/masks_png/2200.png
Train/Urban/2201,Train,Urban,val_internal,Train/Urban/images_png/2201.png,Train/Urban/masks_png/2201.png
Train/Urban/2202,Train,Urban,train_internal,Train/Urban/images_png/2202.png,Train/Urban/masks_png/2202.png
Train/Urban/2203,Train,Urban,train_internal,Train/Urban/images_png/2203.png,Train/Urban/masks_png/2203.png
Train/Urban/2204,Train,Urban,val_internal,Train/Urban/images_png/2204.png,Train/Urban/masks_png/2204.png
Train/Urban/2205,Train,Urban,val_internal,Train/Urban/images_png/2205.png,Train/Urban/masks_png/2205.png
Train/Urban/2206,Train,Urban,train_internal,Train/Urban/images_png/2206.png,Train/Urban/masks_png/2206.png
Train/Urban/2207,Train,Urban,val_internal,Train/Urban/images_png/2207.png,Train/Urban/masks_png/2207.png
Train/Urban/2208,Train,Urban,train_internal,Train/Urban/images_png/2208.png,Train/Urban/masks_png/2208.png
Train/Urban/2209,Train,Urban,train_internal,Train/Urban/images_png/2209.png,Train/Urban/masks_png/2209.png
Train/Urban/2210,Train,Urban,val_internal,Train/Urban/images_png/2210.png,Train/Urban/masks_png/2210.png
Train/Urban/2211,Train,Urban,train_internal,Train/Urban/images_png/2211.png,Train/Urban/masks_png/2211.png
Train/Urban/2212,Train,Urban,train_internal,Train/Urban/images_png/2212.png,Train/Urban/masks_png/2212.png
Train/Urban/2213,Train,Urban,train_internal,Train/Urban/images_png/2213.png,Train/Urban/masks_png/2213.png
Train/Urban/2214,Train,Urban,train_internal,Train/Urban/images_png/2214.png,Train/Urban/masks_png/2214.png
Train/Urban/2215,Train,Urban,train_internal,Train/Urban/images_png/2215.png,Train/Urban/masks_png/2215.png
Train/Urban/2216,Train,Urban,train_internal,Train/Urban/images_png/2216.png,Train/Urban/masks_png/2216.png
Train/Urban/2217,Train,Urban,val_internal,Train/Urban/images_png/2217.png,Train/Urban/masks_png/2217.png
Train/Urban/2218,Train,Urban,train_internal,Train/Urban/images_png/2218.png,Train/Urban/masks_png/2218.png
Train/Urban/2219,Train,Urban,val_internal,Train/Urban/images_png/2219.png,Train/Urban/masks_png/2219.png
Train/Urban/2220,Train,Urban,train_internal,Train/Urban/images_png/2220.png,Train/Urban/masks_png/2220.png
Train/Urban/2221,Train,Urban,train_internal,Train/Urban/images_png/2221.png,Train/Urban/masks_png/2221.png
Train/Urban/2222,Train,Urban,train_internal,Train/Urban/images_png/2222.png,Train/Urban/masks_png/2222.png
Train/Urban/2223,Train,Urban,val_internal,Train/Urban/images_png/2223.png,Train/Urban/masks_png/2223.png
Train/Urban/2224,Train,Urban,train_internal,Train/Urban/images_png/2224.png,Train/Urban/masks_png/2224.png
Train/Urban/2225,Train,Urban,train_internal,Train/Urban/images_png/2225.png,Train/Urban/masks_png/2225.png
Train/Urban/2226,Train,Urban,train_internal,Train/Urban/images_png/2226.png,Train/Urban/masks_png/2226.png
Train/Urban/2227,Train,Urban,train_internal,Train/Urban/images_png/2227.png,Train/Urban/masks_png/2227.png
Train/Urban/2228,Train,Urban,train_internal,Train/Urban/images_png/2228.png,Train/Urban/masks_png/2228.png
Train/Urban/2229,Train,Urban,train_internal,Train/Urban/images_png/2229.png,Train/Urban/masks_png/2229.png
Train/Urban/2230,Train,Urban,train_internal,Train/Urban/images_png/2230.png,Train/Urban/masks_png/2230.png
Train/Urban/2231,Train,Urban,train_internal,Train/Urban/images_png/2231.png,Train/Urban/masks_png/2231.png
Train/Urban/2232,Train,Urban,train_internal,Train/Urban/images_png/2232.png,Train/Urban/masks_png/2232.png
Train/Urban/2233,Train,Urban,train_internal,Train/Urban/images_png/2233.png,Train/Urban/masks_png/2233.png
Train/Urban/2234,Train,Urban,val_internal,Train/Urban/images_png/2234.png,Train/Urban/masks_png/2234.png
Train/Urban/2235,Train,Urban,train_internal,Train/Urban/images_png/2235.png,Train/Urban/masks_png/2235.png
Train/Urban/2236,Train,Urban,train_internal,Train/Urban/images_png/2236.png,Train/Urban/masks_png/2236.png
Train/Urban/2237,Train,Urban,train_internal,Train/Urban/images_png/2237.png,Train/Urban/masks_png/2237.png
Train/Urban/2238,Train,Urban,train_internal,Train/Urban/images_png/2238.png,Train/Urban/masks_png/2238.png
Train/Urban/2239,Train,Urban,val_internal,Train/Urban/images_png/2239.png,Train/Urban/masks_png/2239.png
Train/Urban/2240,Train,Urban,train_internal,Train/Urban/images_png/2240.png,Train/Urban/masks_png/2240.png
Train/Urban/2241,Train,Urban,val_internal,Train/Urban/images_png/2241.png,Train/Urban/masks_png/2241.png
Train/Urban/2242,Train,Urban,train_internal,Train/Urban/images_png/2242.png,Train/Urban/masks_png/2242.png
Train/Urban/2243,Train,Urban,train_internal,Train/Urban/images_png/2243.png,Train/Urban/masks_png/2243.png
Train/Urban/2244,Train,Urban,val_internal,Train/Urban/images_png/2244.png,Train/Urban/masks_png/2244.png
Train/Urban/2245,Train,Urban,train_internal,Train/Urban/images_png/2245.png,Train/Urban/masks_png/2245.png
Train/Urban/2246,Train,Urban,train_internal,Train/Urban/images_png/2246.png,Train/Urban/masks_png/2246.png
Train/Urban/2247,Train,Urban,train_internal,Train/Urban/images_png/2247.png,Train/Urban/masks_png/2247.png
Train/Urban/2248,Train,Urban,train_internal,Train/Urban/images_png/2248.png,Train/Urban/masks_png/2248.png
Train/Urban/2249,Train,Urban,train_internal,Train/Urban/images_png/2249.png,Train/Urban/masks_png/2249.png
Train/Urban/2250,Train,Urban,val_internal,Train/Urban/images_png/2250.png,Train/Urban/masks_png/2250.png
Train/Urban/2251,Train,Urban,train_internal,Train/Urban/images_png/2251.png,Train/Urban/masks_png/2251.png
Train/Urban/2252,Train,Urban,train_internal,Train/Urban/images_png/2252.png,Train/Urban/masks_png/2252.png
Train/Urban/2253,Train,Urban,train_internal,Train/Urban/images_png/2253.png,Train/Urban/masks_png/2253.png
Train/Urban/2254,Train,Urban,train_internal,Train/Urban/images_png/2254.png,Train/Urban/masks_png/2254.png
Train/Urban/2255,Train,Urban,train_internal,Train/Urban/images_png/2255.png,Train/Urban/masks_png/2255.png
Train/Urban/2256,Train,Urban,train_internal,Train/Urban/images_png/2256.png,Train/Urban/masks_png/2256.png
Train/Urban/2257,Train,Urban,train_internal,Train/Urban/images_png/2257.png,Train/Urban/masks_png/2257.png
Train/Urban/2258,Train,Urban,train_internal,Train/Urban/images_png/2258.png,Train/Urban/masks_png/2258.png
Train/Urban/2259,Train,Urban,train_internal,Train/Urban/images_png/2259.png,Train/Urban/masks_png/2259.png
Train/Urban/2260,Train,Urban,train_internal,Train/Urban/images_png/2260.png,Train/Urban/masks_png/2260.png
Train/Urban/2261,Train,Urban,val_internal,Train/Urban/images_png/2261.png,Train/Urban/masks_png/2261.png
Train/Urban/2262,Train,Urban,train_internal,Train/Urban/images_png/2262.png,Train/Urban/masks_png/2262.png
Train/Urban/2263,Train,Urban,train_internal,Train/Urban/images_png/2263.png,Train/Urban/masks_png/2263.png
Train/Urban/2264,Train,Urban,train_internal,Train/Urban/images_png/2264.png,Train/Urban/masks_png/2264.png
Train/Urban/2265,Train,Urban,train_internal,Train/Urban/images_png/2265.png,Train/Urban/masks_png/2265.png
Train/Urban/2266,Train,Urban,train_internal,Train/Urban/images_png/2266.png,Train/Urban/masks_png/2266.png
Train/Urban/2267,Train,Urban,train_internal,Train/Urban/images_png/2267.png,Train/Urban/masks_png/2267.png
Train/Urban/2268,Train,Urban,train_internal,Train/Urban/images_png/2268.png,Train/Urban/masks_png/2268.png
Train/Urban/2269,Train,Urban,val_internal,Train/Urban/images_png/2269.png,Train/Urban/masks_png/2269.png
Train/Urban/2270,Train,Urban,train_internal,Train/Urban/images_png/2270.png,Train/Urban/masks_png/2270.png
Train/Urban/2271,Train,Urban,val_internal,Train/Urban/images_png/2271.png,Train/Urban/masks_png/2271.png
Train/Urban/2272,Train,Urban,train_internal,Train/Urban/images_png/2272.png,Train/Urban/masks_png/2272.png
Train/Urban/2273,Train,Urban,train_internal,Train/Urban/images_png/2273.png,Train/Urban/masks_png/2273.png
Train/Urban/2274,Train,Urban,train_internal,Train/Urban/images_png/2274.png,Train/Urban/masks_png/2274.png
Train/Urban/2275,Train,Urban,train_internal,Train/Urban/images_png/2275.png,Train/Urban/masks_png/2275.png
Train/Urban/2276,Train,Urban,train_internal,Train/Urban/images_png/2276.png,Train/Urban/masks_png/2276.png
Train/Urban/2277,Train,Urban,train_internal,Train/Urban/images_png/2277.png,Train/Urban/masks_png/2277.png
Train/Urban/2278,Train,Urban,val_internal,Train/Urban/images_png/2278.png,Train/Urban/masks_png/2278.png
Train/Urban/2279,Train,Urban,train_internal,Train/Urban/images_png/2279.png,Train/Urban/masks_png/2279.png
Train/Urban/2280,Train,Urban,train_internal,Train/Urban/images_png/2280.png,Train/Urban/masks_png/2280.png
Train/Urban/2281,Train,Urban,train_internal,Train/Urban/images_png/2281.png,Train/Urban/masks_png/2281.png
Train/Urban/2282,Train,Urban,train_internal,Train/Urban/images_png/2282.png,Train/Urban/masks_png/2282.png
Train/Urban/2283,Train,Urban,train_internal,Train/Urban/images_png/2283.png,Train/Urban/masks_png/2283.png
Train/Urban/2284,Train,Urban,train_internal,Train/Urban/images_png/2284.png,Train/Urban/masks_png/2284.png
Train/Urban/2285,Train,Urban,val_internal,Train/Urban/images_png/2285.png,Train/Urban/masks_png/2285.png
Train/Urban/2286,Train,Urban,val_internal,Train/Urban/images_png/2286.png,Train/Urban/masks_png/2286.png
Train/Urban/2287,Train,Urban,train_internal,Train/Urban/images_png/2287.png,Train/Urban/masks_png/2287.png
Train/Urban/2288,Train,Urban,train_internal,Train/Urban/images_png/2288.png,Train/Urban/masks_png/2288.png
Train/Urban/2289,Train,Urban,train_internal,Train/Urban/images_png/2289.png,Train/Urban/masks_png/2289.png
Train/Urban/2290,Train,Urban,val_internal,Train/Urban/images_png/2290.png,Train/Urban/masks_png/2290.png
Train/Urban/2291,Train,Urban,train_internal,Train/Urban/images_png/2291.png,Train/Urban/masks_png/2291.png
Train/Urban/2292,Train,Urban,val_internal,Train/Urban/images_png/2292.png,Train/Urban/masks_png/2292.png
Train/Urban/2293,Train,Urban,train_internal,Train/Urban/images_png/2293.png,Train/Urban/masks_png/2293.png
Train/Urban/2294,Train,Urban,train_internal,Train/Urban/images_png/2294.png,Train/Urban/masks_png/2294.png
Train/Urban/2295,Train,Urban,train_internal,Train/Urban/images_png/2295.png,Train/Urban/masks_png/2295.png
Train/Urban/2296,Train,Urban,train_internal,Train/Urban/images_png/2296.png,Train/Urban/masks_png/2296.png
Train/Urban/2297,Train,Urban,val_internal,Train/Urban/images_png/2297.png,Train/Urban/masks_png/2297.png
Train/Urban/2298,Train,Urban,train_internal,Train/Urban/images_png/2298.png,Train/Urban/masks_png/2298.png
Train/Urban/2299,Train,Urban,train_internal,Train/Urban/images_png/2299.png,Train/Urban/masks_png/2299.png
Train/Urban/2300,Train,Urban,val_internal,Train/Urban/images_png/2300.png,Train/Urban/masks_png/2300.png
Train/Urban/2301,Train,Urban,train_internal,Train/Urban/images_png/2301.png,Train/Urban/masks_png/2301.png
Train/Urban/2302,Train,Urban,train_internal,Train/Urban/images_png/2302.png,Train/Urban/masks_png/2302.png
Train/Urban/2303,Train,Urban,train_internal,Train/Urban/images_png/2303.png,Train/Urban/masks_png/2303.png
Train/Urban/2304,Train,Urban,train_internal,Train/Urban/images_png/2304.png,Train/Urban/masks_png/2304.png
Train/Urban/2305,Train,Urban,train_internal,Train/Urban/images_png/2305.png,Train/Urban/masks_png/2305.png
Train/Urban/2306,Train,Urban,train_internal,Train/Urban/images_png/2306.png,Train/Urban/masks_png/2306.png
Train/Urban/2307,Train,Urban,val_internal,Train/Urban/images_png/2307.png,Train/Urban/masks_png/2307.png
Train/Urban/2308,Train,Urban,val_internal,Train/Urban/images_png/2308.png,Train/Urban/masks_png/2308.png
Train/Urban/2309,Train,Urban,train_internal,Train/Urban/images_png/2309.png,Train/Urban/masks_png/2309.png
Train/Urban/2310,Train,Urban,train_internal,Train/Urban/images_png/2310.png,Train/Urban/masks_png/2310.png
Train/Urban/2311,Train,Urban,val_internal,Train/Urban/images_png/2311.png,Train/Urban/masks_png/2311.png
Train/Urban/2312,Train,Urban,train_internal,Train/Urban/images_png/2312.png,Train/Urban/masks_png/2312.png
Train/Urban/2313,Train,Urban,val_internal,Train/Urban/images_png/2313.png,Train/Urban/masks_png/2313.png
Train/Urban/2314,Train,Urban,train_internal,Train/Urban/images_png/2314.png,Train/Urban/masks_png/2314.png
Train/Urban/2315,Train,Urban,train_internal,Train/Urban/images_png/2315.png,Train/Urban/masks_png/2315.png
Train/Urban/2316,Train,Urban,train_internal,Train/Urban/images_png/2316.png,Train/Urban/masks_png/2316.png
Train/Urban/2317,Train,Urban,train_internal,Train/Urban/images_png/2317.png,Train/Urban/masks_png/2317.png
Train/Urban/2318,Train,Urban,val_internal,Train/Urban/images_png/2318.png,Train/Urban/masks_png/2318.png
Train/Urban/2319,Train,Urban,train_internal,Train/Urban/images_png/2319.png,Train/Urban/masks_png/2319.png
Train/Urban/2320,Train,Urban,train_internal,Train/Urban/images_png/2320.png,Train/Urban/masks_png/2320.png
Train/Urban/2321,Train,Urban,train_internal,Train/Urban/images_png/2321.png,Train/Urban/masks_png/2321.png
Train/Urban/2322,Train,Urban,train_internal,Train/Urban/images_png/2322.png,Train/Urban/masks_png/2322.png
Train/Urban/2323,Train,Urban,train_internal,Train/Urban/images_png/2323.png,Train/Urban/masks_png/2323.png
Train/Urban/2324,Train,Urban,train_internal,Train/Urban/images_png/2324.png,Train/Urban/masks_png/2324.png
Train/Urban/2325,Train,Urban,train_internal,Train/Urban/images_png/2325.png,Train/Urban/masks_png/2325.png
Train/Urban/2326,Train,Urban,val_internal,Train/Urban/images_png/2326.png,Train/Urban/masks_png/2326.png
Train/Urban/2327,Train,Urban,train_internal,Train/Urban/images_png/2327.png,Train/Urban/masks_png/2327.png
Train/Urban/2328,Train,Urban,train_internal,Train/Urban/images_png/2328.png,Train/Urban/masks_png/2328.png
Train/Urban/2329,Train,Urban,train_internal,Train/Urban/images_png/2329.png,Train/Urban/masks_png/2329.png
Train/Urban/2330,Train,Urban,train_internal,Train/Urban/images_png/2330.png,Train/Urban/masks_png/2330.png
Train/Urban/2331,Train,Urban,train_internal,Train/Urban/images_png/2331.png,Train/Urban/masks_png/2331.png
Train/Urban/2332,Train,Urban,val_internal,Train/Urban/images_png/2332.png,Train/Urban/masks_png/2332.png
Train/Urban/2333,Train,Urban,train_internal,Train/Urban/images_png/2333.png,Train/Urban/masks_png/2333.png
Train/Urban/2334,Train,Urban,train_internal,Train/Urban/images_png/2334.png,Train/Urban/masks_png/2334.png
Train/Urban/2335,Train,Urban,train_internal,Train/Urban/images_png/2335.png,Train/Urban/masks_png/2335.png
Train/Urban/2336,Train,Urban,train_internal,Train/Urban/images_png/2336.png,Train/Urban/masks_png/2336.png
Train/Urban/2337,Train,Urban,train_internal,Train/Urban/images_png/2337.png,Train/Urban/masks_png/2337.png
Train/Urban/2338,Train,Urban,train_internal,Train/Urban/images_png/2338.png,Train/Urban/masks_png/2338.png
Train/Urban/2339,Train,Urban,train_internal,Train/Urban/images_png/2339.png,Train/Urban/masks_png/2339.png
Train/Urban/2340,Train,Urban,train_internal,Train/Urban/images_png/2340.png,Train/Urban/masks_png/2340.png
Train/Urban/2341,Train,Urban,train_internal,Train/Urban/images_png/2341.png,Train/Urban/masks_png/2341.png
Train/Urban/2342,Train,Urban,train_internal,Train/Urban/images_png/2342.png,Train/Urban/masks_png/2342.png
Train/Urban/2343,Train,Urban,train_internal,Train/Urban/images_png/2343.png,Train/Urban/masks_png/2343.png
Train/Urban/2344,Train,Urban,train_internal,Train/Urban/images_png/2344.png,Train/Urban/masks_png/2344.png
Train/Urban/2345,Train,Urban,train_internal,Train/Urban/images_png/2345.png,Train/Urban/masks_png/2345.png
Train/Urban/2346,Train,Urban,train_internal,Train/Urban/images_png/2346.png,Train/Urban/masks_png/2346.png
Train/Urban/2347,Train,Urban,train_internal,Train/Urban/images_png/2347.png,Train/Urban/masks_png/2347.png
Train/Urban/2348,Train,Urban,train_internal,Train/Urban/images_png/2348.png,Train/Urban/masks_png/2348.png
Train/Urban/2349,Train,Urban,train_internal,Train/Urban/images_png/2349.png,Train/Urban/masks_png/2349.png
Train/Urban/2350,Train,Urban,train_internal,Train/Urban/images_png/2350.png,Train/Urban/masks_png/2350.png
Train/Urban/2351,Train,Urban,train_internal,Train/Urban/images_png/2351.png,Train/Urban/masks_png/2351.png
Train/Urban/2352,Train,Urban,train_internal,Train/Urban/images_png/2352.png,Train/Urban/masks_png/2352.png
Train/Urban/2353,Train,Urban,train_internal,Train/Urban/images_png/2353.png,Train/Urban/masks_png/2353.png
Train/Urban/2354,Train,Urban,train_internal,Train/Urban/images_png/2354.png,Train/Urban/masks_png/2354.png
Train/Urban/2355,Train,Urban,train_internal,Train/Urban/images_png/2355.png,Train/Urban/masks_png/2355.png
Train/Urban/2356,Train,Urban,val_internal,Train/Urban/images_png/2356.png,Train/Urban/masks_png/2356.png
Train/Urban/2357,Train,Urban,train_internal,Train/Urban/images_png/2357.png,Train/Urban/masks_png/2357.png
Train/Urban/2358,Train,Urban,val_internal,Train/Urban/images_png/2358.png,Train/Urban/masks_png/2358.png
Train/Urban/2359,Train,Urban,train_internal,Train/Urban/images_png/2359.png,Train/Urban/masks_png/2359.png
Train/Urban/2360,Train,Urban,train_internal,Train/Urban/images_png/2360.png,Train/Urban/masks_png/2360.png
Train/Urban/2361,Train,Urban,train_internal,Train/Urban/images_png/2361.png,Train/Urban/masks_png/2361.png
Train/Urban/2362,Train,Urban,train_internal,Train/Urban/images_png/2362.png,Train/Urban/masks_png/2362.png
Train/Urban/2363,Train,Urban,val_internal,Train/Urban/images_png/2363.png,Train/Urban/masks_png/2363.png
Train/Urban/2364,Train,Urban,train_internal,Train/Urban/images_png/2364.png,Train/Urban/masks_png/2364.png
Train/Urban/2365,Train,Urban,train_internal,Train/Urban/images_png/2365.png,Train/Urban/masks_png/2365.png
Train/Urban/2366,Train,Urban,val_internal,Train/Urban/images_png/2366.png,Train/Urban/masks_png/2366.png
Train/Urban/2367,Train,Urban,val_internal,Train/Urban/images_png/2367.png,Train/Urban/masks_png/2367.png
Train/Urban/2368,Train,Urban,train_internal,Train/Urban/images_png/2368.png,Train/Urban/masks_png/2368.png
Train/Urban/2369,Train,Urban,train_internal,Train/Urban/images_png/2369.png,Train/Urban/masks_png/2369.png
Train/Urban/2370,Train,Urban,train_internal,Train/Urban/images_png/2370.png,Train/Urban/masks_png/2370.png
Train/Urban/2371,Train,Urban,train_internal,Train/Urban/images_png/2371.png,Train/Urban/masks_png/2371.png
Train/Urban/2372,Train,Urban,train_internal,Train/Urban/images_png/2372.png,Train/Urban/masks_png/2372.png
Train/Urban/2373,Train,Urban,train_internal,Train/Urban/images_png/2373.png,Train/Urban/masks_png/2373.png
Train/Urban/2374,Train,Urban,val_internal,Train/Urban/images_png/2374.png,Train/Urban/masks_png/2374.png
Train/Urban/2375,Train,Urban,train_internal,Train/Urban/images_png/2375.png,Train/Urban/masks_png/2375.png
Train/Urban/2376,Train,Urban,train_internal,Train/Urban/images_png/2376.png,Train/Urban/masks_png/2376.png
Train/Urban/2377,Train,Urban,train_internal,Train/Urban/images_png/2377.png,Train/Urban/masks_png/2377.png
Train/Urban/2378,Train,Urban,train_internal,Train/Urban/images_png/2378.png,Train/Urban/masks_png/2378.png
Train/Urban/2379,Train,Urban,train_internal,Train/Urban/images_png/2379.png,Train/Urban/masks_png/2379.png
Train/Urban/2380,Train,Urban,train_internal,Train/Urban/images_png/2380.png,Train/Urban/masks_png/2380.png
Train/Urban/2381,Train,Urban,train_internal,Train/Urban/images_png/2381.png,Train/Urban/masks_png/2381.png
Train/Urban/2382,Train,Urban,train_internal,Train/Urban/images_png/2382.png,Train/Urban/masks_png/2382.png
Train/Urban/2383,Train,Urban,train_internal,Train/Urban/images_png/2383.png,Train/Urban/masks_png/2383.png
Train/Urban/2384,Train,Urban,train_internal,Train/Urban/images_png/2384.png,Train/Urban/masks_png/2384.png
Train/Urban/2385,Train,Urban,train_internal,Train/Urban/images_png/2385.png,Train/Urban/masks_png/2385.png
Train/Urban/2386,Train,Urban,val_internal,Train/Urban/images_png/2386.png,Train/Urban/masks_png/2386.png
Train/Urban/2387,Train,Urban,train_internal,Train/Urban/images_png/2387.png,Train/Urban/masks_png/2387.png
Train/Urban/2388,Train,Urban,train_internal,Train/Urban/images_png/2388.png,Train/Urban/masks_png/2388.png
Train/Urban/2389,Train,Urban,train_internal,Train/Urban/images_png/2389.png,Train/Urban/masks_png/2389.png
Train/Urban/2390,Train,Urban,train_internal,Train/Urban/images_png/2390.png,Train/Urban/masks_png/2390.png
Train/Urban/2391,Train,Urban,val_internal,Train/Urban/images_png/2391.png,Train/Urban/masks_png/2391.png
Train/Urban/2392,Train,Urban,train_internal,Train/Urban/images_png/2392.png,Train/Urban/masks_png/2392.png
Train/Urban/2393,Train,Urban,train_internal,Train/Urban/images_png/2393.png,Train/Urban/masks_png/2393.png
Train/Urban/2394,Train,Urban,val_internal,Train/Urban/images_png/2394.png,Train/Urban/masks_png/2394.png
Train/Urban/2395,Train,Urban,val_internal,Train/Urban/images_png/2395.png,Train/Urban/masks_png/2395.png
Train/Urban/2396,Train,Urban,train_internal,Train/Urban/images_png/2396.png,Train/Urban/masks_png/2396.png
Train/Urban/2397,Train,Urban,train_internal,Train/Urban/images_png/2397.png,Train/Urban/masks_png/2397.png
Train/Urban/2398,Train,Urban,train_internal,Train/Urban/images_png/2398.png,Train/Urban/masks_png/2398.png
Train/Urban/2399,Train,Urban,train_internal,Train/Urban/images_png/2399.png,Train/Urban/masks_png/2399.png
Train/Urban/2400,Train,Urban,train_internal,Train/Urban/images_png/2400.png,Train/Urban/masks_png/2400.png
Train/Urban/2401,Train,Urban,train_internal,Train/Urban/images_png/2401.png,Train/Urban/masks_png/2401.png
Train/Urban/2402,Train,Urban,train_internal,Train/Urban/images_png/2402.png,Train/Urban/masks_png/2402.png
Train/Urban/2403,Train,Urban,train_internal,Train/Urban/images_png/2403.png,Train/Urban/masks_png/2403.png
Train/Urban/2404,Train,Urban,train_internal,Train/Urban/images_png/2404.png,Train/Urban/masks_png/2404.png
Train/Urban/2405,Train,Urban,train_internal,Train/Urban/images_png/2405.png,Train/Urban/masks_png/2405.png
Train/Urban/2406,Train,Urban,train_internal,Train/Urban/images_png/2406.png,Train/Urban/masks_png/2406.png
Train/Urban/2407,Train,Urban,train_internal,Train/Urban/images_png/2407.png,Train/Urban/masks_png/2407.png
Train/Urban/2408,Train,Urban,train_internal,Train/Urban/images_png/2408.png,Train/Urban/masks_png/2408.png
Train/Urban/2409,Train,Urban,val_internal,Train/Urban/images_png/2409.png,Train/Urban/masks_png/2409.png
Train/Urban/2410,Train,Urban,train_internal,Train/Urban/images_png/2410.png,Train/Urban/masks_png/2410.png
Train/Urban/2411,Train,Urban,val_internal,Train/Urban/images_png/2411.png,Train/Urban/masks_png/2411.png
Train/Urban/2412,Train,Urban,train_internal,Train/Urban/images_png/2412.png,Train/Urban/masks_png/2412.png
Train/Urban/2413,Train,Urban,train_internal,Train/Urban/images_png/2413.png,Train/Urban/masks_png/2413.png
Train/Urban/2414,Train,Urban,train_internal,Train/Urban/images_png/2414.png,Train/Urban/masks_png/2414.png
Train/Urban/2415,Train,Urban,train_internal,Train/Urban/images_png/2415.png,Train/Urban/masks_png/2415.png
Train/Urban/2416,Train,Urban,val_internal,Train/Urban/images_png/2416.png,Train/Urban/masks_png/2416.png
Train/Urban/2417,Train,Urban,train_internal,Train/Urban/images_png/2417.png,Train/Urban/masks_png/2417.png
Train/Urban/2418,Train,Urban,train_internal,Train/Urban/images_png/2418.png,Train/Urban/masks_png/2418.png
Train/Urban/2419,Train,Urban,val_internal,Train/Urban/images_png/2419.png,Train/Urban/masks_png/2419.png
Train/Urban/2420,Train,Urban,train_internal,Train/Urban/images_png/2420.png,Train/Urban/masks_png/2420.png
Train/Urban/2421,Train,Urban,val_internal,Train/Urban/images_png/2421.png,Train/Urban/masks_png/2421.png
Train/Urban/2422,Train,Urban,train_internal,Train/Urban/images_png/2422.png,Train/Urban/masks_png/2422.png
Train/Urban/2423,Train,Urban,train_internal,Train/Urban/images_png/2423.png,Train/Urban/masks_png/2423.png
Train/Urban/2424,Train,Urban,train_internal,Train/Urban/images_png/2424.png,Train/Urban/masks_png/2424.png
Train/Urban/2425,Train,Urban,val_internal,Train/Urban/images_png/2425.png,Train/Urban/masks_png/2425.png
Train/Urban/2426,Train,Urban,train_internal,Train/Urban/images_png/2426.png,Train/Urban/masks_png/2426.png
Train/Urban/2427,Train,Urban,train_internal,Train/Urban/images_png/2427.png,Train/Urban/masks_png/2427.png
Train/Urban/2428,Train,Urban,val_internal,Train/Urban/images_png/2428.png,Train/Urban/masks_png/2428.png
Train/Urban/2429,Train,Urban,train_internal,Train/Urban/images_png/2429.png,Train/Urban/masks_png/2429.png
Train/Urban/2430,Train,Urban,train_internal,Train/Urban/images_png/2430.png,Train/Urban/masks_png/2430.png
Train/Urban/2431,Train,Urban,train_internal,Train/Urban/images_png/2431.png,Train/Urban/masks_png/2431.png
Train/Urban/2432,Train,Urban,train_internal,Train/Urban/images_png/2432.png,Train/Urban/masks_png/2432.png
Train/Urban/2433,Train,Urban,val_internal,Train/Urban/images_png/2433.png,Train/Urban/masks_png/2433.png
Train/Urban/2434,Train,Urban,train_internal,Train/Urban/images_png/2434.png,Train/Urban/masks_png/2434.png
Train/Urban/2435,Train,Urban,train_internal,Train/Urban/images_png/2435.png,Train/Urban/masks_png/2435.png
Train/Urban/2436,Train,Urban,train_internal,Train/Urban/images_png/2436.png,Train/Urban/masks_png/2436.png
Train/Urban/2437,Train,Urban,train_internal,Train/Urban/images_png/2437.png,Train/Urban/masks_png/2437.png
Train/Urban/2438,Train,Urban,train_internal,Train/Urban/images_png/2438.png,Train/Urban/masks_png/2438.png
Train/Urban/2439,Train,Urban,val_internal,Train/Urban/images_png/2439.png,Train/Urban/masks_png/2439.png
Train/Urban/2440,Train,Urban,val_internal,Train/Urban/images_png/2440.png,Train/Urban/masks_png/2440.png
Train/Urban/2441,Train,Urban,val_internal,Train/Urban/images_png/2441.png,Train/Urban/masks_png/2441.png
Train/Urban/2442,Train,Urban,train_internal,Train/Urban/images_png/2442.png,Train/Urban/masks_png/2442.png
Train/Urban/2443,Train,Urban,train_internal,Train/Urban/images_png/2443.png,Train/Urban/masks_png/2443.png
Train/Urban/2444,Train,Urban,train_internal,Train/Urban/images_png/2444.png,Train/Urban/masks_png/2444.png
Train/Urban/2445,Train,Urban,val_internal,Train/Urban/images_png/2445.png,Train/Urban/masks_png/2445.png
Train/Urban/2446,Train,Urban,train_internal,Train/Urban/images_png/2446.png,Train/Urban/masks_png/2446.png
Train/Urban/2447,Train,Urban,val_internal,Train/Urban/images_png/2447.png,Train/Urban/masks_png/2447.png
Train/Urban/2448,Train,Urban,train_internal,Train/Urban/images_png/2448.png,Train/Urban/masks_png/2448.png
Train/Urban/2449,Train,Urban,val_internal,Train/Urban/images_png/2449.png,Train/Urban/masks_png/2449.png
Train/Urban/2450,Train,Urban,train_internal,Train/Urban/images_png/2450.png,Train/Urban/masks_png/2450.png
Train/Urban/2451,Train,Urban,train_internal,Train/Urban/images_png/2451.png,Train/Urban/masks_png/2451.png
Train/Urban/2452,Train,Urban,train_internal,Train/Urban/images_png/2452.png,Train/Urban/masks_png/2452.png
Train/Urban/2453,Train,Urban,train_internal,Train/Urban/images_png/2453.png,Train/Urban/masks_png/2453.png
Train/Urban/2454,Train,Urban,train_internal,Train/Urban/images_png/2454.png,Train/Urban/masks_png/2454.png
Train/Urban/2455,Train,Urban,val_internal,Train/Urban/images_png/2455.png,Train/Urban/masks_png/2455.png
Train/Urban/2456,Train,Urban,train_internal,Train/Urban/images_png/2456.png,Train/Urban/masks_png/2456.png
Train/Urban/2457,Train,Urban,train_internal,Train/Urban/images_png/2457.png,Train/Urban/masks_png/2457.png
Train/Urban/2458,Train,Urban,train_internal,Train/Urban/images_png/2458.png,Train/Urban/masks_png/2458.png
Train/Urban/2459,Train,Urban,train_internal,Train/Urban/images_png/2459.png,Train/Urban/masks_png/2459.png
Train/Urban/2460,Train,Urban,train_internal,Train/Urban/images_png/2460.png,Train/Urban/masks_png/2460.png
Train/Urban/2461,Train,Urban,val_internal,Train/Urban/images_png/2461.png,Train/Urban/masks_png/2461.png
Train/Urban/2462,Train,Urban,train_internal,Train/Urban/images_png/2462.png,Train/Urban/masks_png/2462.png
Train/Urban/2463,Train,Urban,train_internal,Train/Urban/images_png/2463.png,Train/Urban/masks_png/2463.png
Train/Urban/2464,Train,Urban,train_internal,Train/Urban/images_png/2464.png,Train/Urban/masks_png/2464.png
Train/Urban/2465,Train,Urban,val_internal,Train/Urban/images_png/2465.png,Train/Urban/masks_png/2465.png
Train/Urban/2466,Train,Urban,val_internal,Train/Urban/images_png/2466.png,Train/Urban/masks_png/2466.png
Train/Urban/2467,Train,Urban,train_internal,Train/Urban/images_png/2467.png,Train/Urban/masks_png/2467.png
Train/Urban/2468,Train,Urban,train_internal,Train/Urban/images_png/2468.png,Train/Urban/masks_png/2468.png
Train/Urban/2469,Train,Urban,train_internal,Train/Urban/images_png/2469.png,Train/Urban/masks_png/2469.png
Train/Urban/2470,Train,Urban,train_internal,Train/Urban/images_png/2470.png,Train/Urban/masks_png/2470.png
Train/Urban/2471,Train,Urban,train_internal,Train/Urban/images_png/2471.png,Train/Urban/masks_png/2471.png
Train/Urban/2472,Train,Urban,train_internal,Train/Urban/images_png/2472.png,Train/Urban/masks_png/2472.png
Train/Urban/2473,Train,Urban,train_internal,Train/Urban/images_png/2473.png,Train/Urban/masks_png/2473.png
Train/Urban/2474,Train,Urban,train_internal,Train/Urban/images_png/2474.png,Train/Urban/masks_png/2474.png
Train/Urban/2475,Train,Urban,train_internal,Train/Urban/images_png/2475.png,Train/Urban/masks_png/2475.png
Train/Urban/2476,Train,Urban,train_internal,Train/Urban/images_png/2476.png,Train/Urban/masks_png/2476.png
Train/Urban/2477,Train,Urban,train_internal,Train/Urban/images_png/2477.png,Train/Urban/masks_png/2477.png
Train/Urban/2478,Train,Urban,val_internal,Train/Urban/images_png/2478.png,Train/Urban/masks_png/2478.png
Train/Urban/2479,Train,Urban,train_internal,Train/Urban/images_png/2479.png,Train/Urban/masks_png/2479.png
Train/Urban/2480,Train,Urban,train_internal,Train/Urban/images_png/2480.png,Train/Urban/masks_png/2480.png
Train/Urban/2481,Train,Urban,train_internal,Train/Urban/images_png/2481.png,Train/Urban/masks_png/2481.png
Train/Urban/2482,Train,Urban,train_internal,Train/Urban/images_png/2482.png,Train/Urban/masks_png/2482.png
Train/Urban/2483,Train,Urban,train_internal,Train/Urban/images_png/2483.png,Train/Urban/masks_png/2483.png
Train/Urban/2484,Train,Urban,train_internal,Train/Urban/images_png/2484.png,Train/Urban/masks_png/2484.png
Train/Urban/2485,Train,Urban,train_internal,Train/Urban/images_png/2485.png,Train/Urban/masks_png/2485.png
Train/Urban/2486,Train,Urban,train_internal,Train/Urban/images_png/2486.png,Train/Urban/masks_png/2486.png
Train/Urban/2487,Train,Urban,train_internal,Train/Urban/images_png/2487.png,Train/Urban/masks_png/2487.png
Train/Urban/2488,Train,Urban,train_internal,Train/Urban/images_png/2488.png,Train/Urban/masks_png/2488.png
Train/Urban/2489,Train,Urban,train_internal,Train/Urban/images_png/2489.png,Train/Urban/masks_png/2489.png
Train/Urban/2490,Train,Urban,train_internal,Train/Urban/images_png/2490.png,Train/Urban/masks_png/2490.png
Train/Urban/2491,Train,Urban,train_internal,Train/Urban/images_png/2491.png,Train/Urban/masks_png/2491.png
Train/Urban/2492,Train,Urban,train_internal,Train/Urban/images_png/2492.png,Train/Urban/masks_png/2492.png
Train/Urban/2493,Train,Urban,train_internal,Train/Urban/images_png/2493.png,Train/Urban/masks_png/2493.png
Train/Urban/2494,Train,Urban,train_internal,Train/Urban/images_png/2494.png,Train/Urban/masks_png/2494.png
Train/Urban/2495,Train,Urban,train_internal,Train/Urban/images_png/2495.png,Train/Urban/masks_png/2495.png
Train/Urban/2496,Train,Urban,train_internal,Train/Urban/images_png/2496.png,Train/Urban/masks_png/2496.png
Train/Urban/2497,Train,Urban,train_internal,Train/Urban/images_png/2497.png,Train/Urban/masks_png/2497.png
Train/Urban/2498,Train,Urban,train_internal,Train/Urban/images_png/2498.png,Train/Urban/masks_png/2498.png
Train/Urban/2499,Train,Urban,train_internal,Train/Urban/images_png/2499.png,Train/Urban/masks_png/2499.png
Train/Urban/2500,Train,Urban,train_internal,Train/Urban/images_png/2500.png,Train/Urban/masks_png/2500.png
Train/Urban/2501,Train,Urban,train_internal,Train/Urban/images_png/2501.png,Train/Urban/masks_png/2501.png
Train/Urban/2502,Train,Urban,val_internal,Train/Urban/images_png/2502.png,Train/Urban/masks_png/2502.png
Train/Urban/2503,Train,Urban,val_internal,Train/Urban/images_png/2503.png,Train/Urban/masks_png/2503.png
Train/Urban/2504,Train,Urban,train_internal,Train/Urban/images_png/2504.png,Train/Urban/masks_png/2504.png
Train/Urban/2505,Train,Urban,train_internal,Train/Urban/images_png/2505.png,Train/Urban/masks_png/2505.png
Train/Urban/2506,Train,Urban,train_internal,Train/Urban/images_png/2506.png,Train/Urban/masks_png/2506.png
Train/Urban/2507,Train,Urban,train_internal,Train/Urban/images_png/2507.png,Train/Urban/masks_png/2507.png
Train/Urban/2508,Train,Urban,train_internal,Train/Urban/images_png/2508.png,Train/Urban/masks_png/2508.png
Train/Urban/2509,Train,Urban,val_internal,Train/Urban/images_png/2509.png,Train/Urban/masks_png/2509.png
Train/Urban/2510,Train,Urban,train_internal,Train/Urban/images_png/2510.png,Train/Urban/masks_png/2510.png
Train/Urban/2511,Train,Urban,train_internal,Train/Urban/images_png/2511.png,Train/Urban/masks_png/2511.png
Train/Urban/2512,Train,Urban,val_internal,Train/Urban/images_png/2512.png,Train/Urban/masks_png/2512.png
Train/Urban/2513,Train,Urban,train_internal,Train/Urban/images_png/2513.png,Train/Urban/masks_png/2513.png
Train/Urban/2514,Train,Urban,train_internal,Train/Urban/images_png/2514.png,Train/Urban/masks_png/2514.png
Train/Urban/2515,Train,Urban,train_internal,Train/Urban/images_png/2515.png,Train/Urban/masks_png/2515.png
Train/Urban/2516,Train,Urban,train_internal,Train/Urban/images_png/2516.png,Train/Urban/masks_png/2516.png
Train/Urban/2517,Train,Urban,train_internal,Train/Urban/images_png/2517.png,Train/Urban/masks_png/2517.png
Train/Urban/2518,Train,Urban,train_internal,Train/Urban/images_png/2518.png,Train/Urban/masks_png/2518.png
Train/Urban/2519,Train,Urban,train_internal,Train/Urban/images_png/2519.png,Train/Urban/masks_png/2519.png
Train/Urban/2520,Train,Urban,train_internal,Train/Urban/images_png/2520.png,Train/Urban/masks_png/2520.png
Train/Urban/2521,Train,Urban,val_internal,Train/Urban/images_png/2521.png,Train/Urban/masks_png/2521.png
Val/Rural/2522,Val,Rural,official_val,Val/Rural/images_png/2522.png,Val/Rural/masks_png/2522.png
Val/Rural/2523,Val,Rural,official_val,Val/Rural/images_png/2523.png,Val/Rural/masks_png/2523.png
Val/Rural/2524,Val,Rural,official_val,Val/Rural/images_png/2524.png,Val/Rural/masks_png/2524.png
Val/Rural/2525,Val,Rural,official_val,Val/Rural/images_png/2525.png,Val/Rural/masks_png/2525.png
Val/Rural/2526,Val,Rural,official_val,Val/Rural/images_png/2526.png,Val/Rural/masks_png/2526.png
Val/Rural/2527,Val,Rural,official_val,Val/Rural/images_png/2527.png,Val/Rural/masks_png/2527.png
Val/Rural/2528,Val,Rural,official_val,Val/Rural/images_png/2528.png,Val/Rural/masks_png/2528.png
Val/Rural/2529,Val,Rural,official_val,Val/Rural/images_png/2529.png,Val/Rural/masks_png/2529.png
Val/Rural/2530,Val,Rural,official_val,Val/Rural/images_png/2530.png,Val/Rural/masks_png/2530.png
Val/Rural/2531,Val,Rural,official_val,Val/Rural/images_png/2531.png,Val/Rural/masks_png/2531.png
Val/Rural/2532,Val,Rural,official_val,Val/Rural/images_png/2532.png,Val/Rural/masks_png/2532.png
Val/Rural/2533,Val,Rural,official_val,Val/Rural/images_png/2533.png,Val/Rural/masks_png/2533.png
Val/Rural/2534,Val,Rural,official_val,Val/Rural/images_png/2534.png,Val/Rural/masks_png/2534.png
Val/Rural/2535,Val,Rural,official_val,Val/Rural/images_png/2535.png,Val/Rural/masks_png/2535.png
Val/Rural/2536,Val,Rural,official_val,Val/Rural/images_png/2536.png,Val/Rural/masks_png/2536.png
Val/Rural/2537,Val,Rural,official_val,Val/Rural/images_png/2537.png,Val/Rural/masks_png/2537.png
Val/Rural/2538,Val,Rural,official_val,Val/Rural/images_png/2538.png,Val/Rural/masks_png/2538.png
Val/Rural/2539,Val,Rural,official_val,Val/Rural/images_png/2539.png,Val/Rural/masks_png/2539.png
Val/Rural/2540,Val,Rural,official_val,Val/Rural/images_png/2540.png,Val/Rural/masks_png/2540.png
Val/Rural/2541,Val,Rural,official_val,Val/Rural/images_png/2541.png,Val/Rural/masks_png/2541.png
Val/Rural/2542,Val,Rural,official_val,Val/Rural/images_png/2542.png,Val/Rural/masks_png/2542.png
Val/Rural/2543,Val,Rural,official_val,Val/Rural/images_png/2543.png,Val/Rural/masks_png/2543.png
Val/Rural/2544,Val,Rural,official_val,Val/Rural/images_png/2544.png,Val/Rural/masks_png/2544.png
Val/Rural/2545,Val,Rural,official_val,Val/Rural/images_png/2545.png,Val/Rural/masks_png/2545.png
Val/Rural/2546,Val,Rural,official_val,Val/Rural/images_png/2546.png,Val/Rural/masks_png/2546.png
Val/Rural/2547,Val,Rural,official_val,Val/Rural/images_png/2547.png,Val/Rural/masks_png/2547.png
Val/Rural/2548,Val,Rural,official_val,Val/Rural/images_png/2548.png,Val/Rural/masks_png/2548.png
Val/Rural/2549,Val,Rural,official_val,Val/Rural/images_png/2549.png,Val/Rural/masks_png/2549.png
Val/Rural/2550,Val,Rural,official_val,Val/Rural/images_png/2550.png,Val/Rural/masks_png/2550.png
Val/Rural/2551,Val,Rural,official_val,Val/Rural/images_png/2551.png,Val/Rural/masks_png/2551.png
Val/Rural/2552,Val,Rural,official_val,Val/Rural/images_png/2552.png,Val/Rural/masks_png/2552.png
Val/Rural/2553,Val,Rural,official_val,Val/Rural/images_png/2553.png,Val/Rural/masks_png/2553.png
Val/Rural/2554,Val,Rural,official_val,Val/Rural/images_png/2554.png,Val/Rural/masks_png/2554.png
Val/Rural/2555,Val,Rural,official_val,Val/Rural/images_png/2555.png,Val/Rural/masks_png/2555.png
Val/Rural/2556,Val,Rural,official_val,Val/Rural/images_png/2556.png,Val/Rural/masks_png/2556.png
Val/Rural/2557,Val,Rural,official_val,Val/Rural/images_png/2557.png,Val/Rural/masks_png/2557.png
Val/Rural/2558,Val,Rural,official_val,Val/Rural/images_png/2558.png,Val/Rural/masks_png/2558.png
Val/Rural/2559,Val,Rural,official_val,Val/Rural/images_png/2559.png,Val/Rural/masks_png/2559.png
Val/Rural/2560,Val,Rural,official_val,Val/Rural/images_png/2560.png,Val/Rural/masks_png/2560.png
Val/Rural/2561,Val,Rural,official_val,Val/Rural/images_png/2561.png,Val/Rural/masks_png/2561.png
Val/Rural/2562,Val,Rural,official_val,Val/Rural/images_png/2562.png,Val/Rural/masks_png/2562.png
Val/Rural/2563,Val,Rural,official_val,Val/Rural/images_png/2563.png,Val/Rural/masks_png/2563.png
Val/Rural/2564,Val,Rural,official_val,Val/Rural/images_png/2564.png,Val/Rural/masks_png/2564.png
Val/Rural/2565,Val,Rural,official_val,Val/Rural/images_png/2565.png,Val/Rural/masks_png/2565.png
Val/Rural/2566,Val,Rural,official_val,Val/Rural/images_png/2566.png,Val/Rural/masks_png/2566.png
Val/Rural/2567,Val,Rural,official_val,Val/Rural/images_png/2567.png,Val/Rural/masks_png/2567.png
Val/Rural/2568,Val,Rural,official_val,Val/Rural/images_png/2568.png,Val/Rural/masks_png/2568.png
Val/Rural/2569,Val,Rural,official_val,Val/Rural/images_png/2569.png,Val/Rural/masks_png/2569.png
Val/Rural/2570,Val,Rural,official_val,Val/Rural/images_png/2570.png,Val/Rural/masks_png/2570.png
Val/Rural/2571,Val,Rural,official_val,Val/Rural/images_png/2571.png,Val/Rural/masks_png/2571.png
Val/Rural/2572,Val,Rural,official_val,Val/Rural/images_png/2572.png,Val/Rural/masks_png/2572.png
Val/Rural/2573,Val,Rural,official_val,Val/Rural/images_png/2573.png,Val/Rural/masks_png/2573.png
Val/Rural/2574,Val,Rural,official_val,Val/Rural/images_png/2574.png,Val/Rural/masks_png/2574.png
Val/Rural/2575,Val,Rural,official_val,Val/Rural/images_png/2575.png,Val/Rural/masks_png/2575.png
Val/Rural/2576,Val,Rural,official_val,Val/Rural/images_png/2576.png,Val/Rural/masks_png/2576.png
Val/Rural/2577,Val,Rural,official_val,Val/Rural/images_png/2577.png,Val/Rural/masks_png/2577.png
Val/Rural/2578,Val,Rural,official_val,Val/Rural/images_png/2578.png,Val/Rural/masks_png/2578.png
Val/Rural/2579,Val,Rural,official_val,Val/Rural/images_png/2579.png,Val/Rural/masks_png/2579.png
Val/Rural/2580,Val,Rural,official_val,Val/Rural/images_png/2580.png,Val/Rural/masks_png/2580.png
Val/Rural/2581,Val,Rural,official_val,Val/Rural/images_png/2581.png,Val/Rural/masks_png/2581.png
Val/Rural/2582,Val,Rural,official_val,Val/Rural/images_png/2582.png,Val/Rural/masks_png/2582.png
Val/Rural/2583,Val,Rural,official_val,Val/Rural/images_png/2583.png,Val/Rural/masks_png/2583.png
Val/Rural/2584,Val,Rural,official_val,Val/Rural/images_png/2584.png,Val/Rural/masks_png/2584.png
Val/Rural/2585,Val,Rural,official_val,Val/Rural/images_png/2585.png,Val/Rural/masks_png/2585.png
Val/Rural/2586,Val,Rural,official_val,Val/Rural/images_png/2586.png,Val/Rural/masks_png/2586.png
Val/Rural/2587,Val,Rural,official_val,Val/Rural/images_png/2587.png,Val/Rural/masks_png/2587.png
Val/Rural/2588,Val,Rural,official_val,Val/Rural/images_png/2588.png,Val/Rural/masks_png/2588.png
Val/Rural/2589,Val,Rural,official_val,Val/Rural/images_png/2589.png,Val/Rural/masks_png/2589.png
Val/Rural/2590,Val,Rural,official_val,Val/Rural/images_png/2590.png,Val/Rural/masks_png/2590.png
Val/Rural/2591,Val,Rural,official_val,Val/Rural/images_png/2591.png,Val/Rural/masks_png/2591.png
Val/Rural/2592,Val,Rural,official_val,Val/Rural/images_png/2592.png,Val/Rural/masks_png/2592.png
Val/Rural/2593,Val,Rural,official_val,Val/Rural/images_png/2593.png,Val/Rural/masks_png/2593.png
Val/Rural/2594,Val,Rural,official_val,Val/Rural/images_png/2594.png,Val/Rural/masks_png/2594.png
Val/Rural/2595,Val,Rural,official_val,Val/Rural/images_png/2595.png,Val/Rural/masks_png/2595.png
Val/Rural/2596,Val,Rural,official_val,Val/Rural/images_png/2596.png,Val/Rural/masks_png/2596.png
Val/Rural/2597,Val,Rural,official_val,Val/Rural/images_png/2597.png,Val/Rural/masks_png/2597.png
Val/Rural/2598,Val,Rural,official_val,Val/Rural/images_png/2598.png,Val/Rural/masks_png/2598.png
Val/Rural/2599,Val,Rural,official_val,Val/Rural/images_png/2599.png,Val/Rural/masks_png/2599.png
Val/Rural/2600,Val,Rural,official_val,Val/Rural/images_png/2600.png,Val/Rural/masks_png/2600.png
Val/Rural/2601,Val,Rural,official_val,Val/Rural/images_png/2601.png,Val/Rural/masks_png/2601.png
Val/Rural/2602,Val,Rural,official_val,Val/Rural/images_png/2602.png,Val/Rural/masks_png/2602.png
Val/Rural/2603,Val,Rural,official_val,Val/Rural/images_png/2603.png,Val/Rural/masks_png/2603.png
Val/Rural/2604,Val,Rural,official_val,Val/Rural/images_png/2604.png,Val/Rural/masks_png/2604.png
Val/Rural/2605,Val,Rural,official_val,Val/Rural/images_png/2605.png,Val/Rural/masks_png/2605.png
Val/Rural/2606,Val,Rural,official_val,Val/Rural/images_png/2606.png,Val/Rural/masks_png/2606.png
Val/Rural/2607,Val,Rural,official_val,Val/Rural/images_png/2607.png,Val/Rural/masks_png/2607.png
Val/Rural/2608,Val,Rural,official_val,Val/Rural/images_png/2608.png,Val/Rural/masks_png/2608.png
Val/Rural/2609,Val,Rural,official_val,Val/Rural/images_png/2609.png,Val/Rural/masks_png/2609.png
Val/Rural/2610,Val,Rural,official_val,Val/Rural/images_png/2610.png,Val/Rural/masks_png/2610.png
Val/Rural/2611,Val,Rural,official_val,Val/Rural/images_png/2611.png,Val/Rural/masks_png/2611.png
Val/Rural/2612,Val,Rural,official_val,Val/Rural/images_png/2612.png,Val/Rural/masks_png/2612.png
Val/Rural/2613,Val,Rural,official_val,Val/Rural/images_png/2613.png,Val/Rural/masks_png/2613.png
Val/Rural/2614,Val,Rural,official_val,Val/Rural/images_png/2614.png,Val/Rural/masks_png/2614.png
Val/Rural/2615,Val,Rural,official_val,Val/Rural/images_png/2615.png,Val/Rural/masks_png/2615.png
Val/Rural/2616,Val,Rural,official_val,Val/Rural/images_png/2616.png,Val/Rural/masks_png/2616.png
Val/Rural/2617,Val,Rural,official_val,Val/Rural/images_png/2617.png,Val/Rural/masks_png/2617.png
Val/Rural/2618,Val,Rural,official_val,Val/Rural/images_png/2618.png,Val/Rural/masks_png/2618.png
Val/Rural/2619,Val,Rural,official_val,Val/Rural/images_png/2619.png,Val/Rural/masks_png/2619.png
Val/Rural/2620,Val,Rural,official_val,Val/Rural/images_png/2620.png,Val/Rural/masks_png/2620.png
Val/Rural/2621,Val,Rural,official_val,Val/Rural/images_png/2621.png,Val/Rural/masks_png/2621.png
Val/Rural/2622,Val,Rural,official_val,Val/Rural/images_png/2622.png,Val/Rural/masks_png/2622.png
Val/Rural/2623,Val,Rural,official_val,Val/Rural/images_png/2623.png,Val/Rural/masks_png/2623.png
Val/Rural/2624,Val,Rural,official_val,Val/Rural/images_png/2624.png,Val/Rural/masks_png/2624.png
Val/Rural/2625,Val,Rural,official_val,Val/Rural/images_png/2625.png,Val/Rural/masks_png/2625.png
Val/Rural/2626,Val,Rural,official_val,Val/Rural/images_png/2626.png,Val/Rural/masks_png/2626.png
Val/Rural/2627,Val,Rural,official_val,Val/Rural/images_png/2627.png,Val/Rural/masks_png/2627.png
Val/Rural/2628,Val,Rural,official_val,Val/Rural/images_png/2628.png,Val/Rural/masks_png/2628.png
Val/Rural/2629,Val,Rural,official_val,Val/Rural/images_png/2629.png,Val/Rural/masks_png/2629.png
Val/Rural/2630,Val,Rural,official_val,Val/Rural/images_png/2630.png,Val/Rural/masks_png/2630.png
Val/Rural/2631,Val,Rural,official_val,Val/Rural/images_png/2631.png,Val/Rural/masks_png/2631.png
Val/Rural/2632,Val,Rural,official_val,Val/Rural/images_png/2632.png,Val/Rural/masks_png/2632.png
Val/Rural/2633,Val,Rural,official_val,Val/Rural/images_png/2633.png,Val/Rural/masks_png/2633.png
Val/Rural/2634,Val,Rural,official_val,Val/Rural/images_png/2634.png,Val/Rural/masks_png/2634.png
Val/Rural/2635,Val,Rural,official_val,Val/Rural/images_png/2635.png,Val/Rural/masks_png/2635.png
Val/Rural/2636,Val,Rural,official_val,Val/Rural/images_png/2636.png,Val/Rural/masks_png/2636.png
Val/Rural/2637,Val,Rural,official_val,Val/Rural/images_png/2637.png,Val/Rural/masks_png/2637.png
Val/Rural/2638,Val,Rural,official_val,Val/Rural/images_png/2638.png,Val/Rural/masks_png/2638.png
Val/Rural/2639,Val,Rural,official_val,Val/Rural/images_png/2639.png,Val/Rural/masks_png/2639.png
Val/Rural/2640,Val,Rural,official_val,Val/Rural/images_png/2640.png,Val/Rural/masks_png/2640.png
Val/Rural/2641,Val,Rural,official_val,Val/Rural/images_png/2641.png,Val/Rural/masks_png/2641.png
Val/Rural/2642,Val,Rural,official_val,Val/Rural/images_png/2642.png,Val/Rural/masks_png/2642.png
Val/Rural/2643,Val,Rural,official_val,Val/Rural/images_png/2643.png,Val/Rural/masks_png/2643.png
Val/Rural/2644,Val,Rural,official_val,Val/Rural/images_png/2644.png,Val/Rural/masks_png/2644.png
Val/Rural/2645,Val,Rural,official_val,Val/Rural/images_png/2645.png,Val/Rural/masks_png/2645.png
Val/Rural/2646,Val,Rural,official_val,Val/Rural/images_png/2646.png,Val/Rural/masks_png/2646.png
Val/Rural/2647,Val,Rural,official_val,Val/Rural/images_png/2647.png,Val/Rural/masks_png/2647.png
Val/Rural/2648,Val,Rural,official_val,Val/Rural/images_png/2648.png,Val/Rural/masks_png/2648.png
Val/Rural/2649,Val,Rural,official_val,Val/Rural/images_png/2649.png,Val/Rural/masks_png/2649.png
Val/Rural/2650,Val,Rural,official_val,Val/Rural/images_png/2650.png,Val/Rural/masks_png/2650.png
Val/Rural/2651,Val,Rural,official_val,Val/Rural/images_png/2651.png,Val/Rural/masks_png/2651.png
Val/Rural/2652,Val,Rural,official_val,Val/Rural/images_png/2652.png,Val/Rural/masks_png/2652.png
Val/Rural/2653,Val,Rural,official_val,Val/Rural/images_png/2653.png,Val/Rural/masks_png/2653.png
Val/Rural/2654,Val,Rural,official_val,Val/Rural/images_png/2654.png,Val/Rural/masks_png/2654.png
Val/Rural/2655,Val,Rural,official_val,Val/Rural/images_png/2655.png,Val/Rural/masks_png/2655.png
Val/Rural/2656,Val,Rural,official_val,Val/Rural/images_png/2656.png,Val/Rural/masks_png/2656.png
Val/Rural/2657,Val,Rural,official_val,Val/Rural/images_png/2657.png,Val/Rural/masks_png/2657.png
Val/Rural/2658,Val,Rural,official_val,Val/Rural/images_png/2658.png,Val/Rural/masks_png/2658.png
Val/Rural/2659,Val,Rural,official_val,Val/Rural/images_png/2659.png,Val/Rural/masks_png/2659.png
Val/Rural/2660,Val,Rural,official_val,Val/Rural/images_png/2660.png,Val/Rural/masks_png/2660.png
Val/Rural/2661,Val,Rural,official_val,Val/Rural/images_png/2661.png,Val/Rural/masks_png/2661.png
Val/Rural/2662,Val,Rural,official_val,Val/Rural/images_png/2662.png,Val/Rural/masks_png/2662.png
Val/Rural/2663,Val,Rural,official_val,Val/Rural/images_png/2663.png,Val/Rural/masks_png/2663.png
Val/Rural/2664,Val,Rural,official_val,Val/Rural/images_png/2664.png,Val/Rural/masks_png/2664.png
Val/Rural/2665,Val,Rural,official_val,Val/Rural/images_png/2665.png,Val/Rural/masks_png/2665.png
Val/Rural/2666,Val,Rural,official_val,Val/Rural/images_png/2666.png,Val/Rural/masks_png/2666.png
Val/Rural/2667,Val,Rural,official_val,Val/Rural/images_png/2667.png,Val/Rural/masks_png/2667.png
Val/Rural/2668,Val,Rural,official_val,Val/Rural/images_png/2668.png,Val/Rural/masks_png/2668.png
Val/Rural/2669,Val,Rural,official_val,Val/Rural/images_png/2669.png,Val/Rural/masks_png/2669.png
Val/Rural/2670,Val,Rural,official_val,Val/Rural/images_png/2670.png,Val/Rural/masks_png/2670.png
Val/Rural/2671,Val,Rural,official_val,Val/Rural/images_png/2671.png,Val/Rural/masks_png/2671.png
Val/Rural/2672,Val,Rural,official_val,Val/Rural/images_png/2672.png,Val/Rural/masks_png/2672.png
Val/Rural/2673,Val,Rural,official_val,Val/Rural/images_png/2673.png,Val/Rural/masks_png/2673.png
Val/Rural/2674,Val,Rural,official_val,Val/Rural/images_png/2674.png,Val/Rural/masks_png/2674.png
Val/Rural/2675,Val,Rural,official_val,Val/Rural/images_png/2675.png,Val/Rural/masks_png/2675.png
Val/Rural/2676,Val,Rural,official_val,Val/Rural/images_png/2676.png,Val/Rural/masks_png/2676.png
Val/Rural/2677,Val,Rural,official_val,Val/Rural/images_png/2677.png,Val/Rural/masks_png/2677.png
Val/Rural/2678,Val,Rural,official_val,Val/Rural/images_png/2678.png,Val/Rural/masks_png/2678.png
Val/Rural/2679,Val,Rural,official_val,Val/Rural/images_png/2679.png,Val/Rural/masks_png/2679.png
Val/Rural/2680,Val,Rural,official_val,Val/Rural/images_png/2680.png,Val/Rural/masks_png/2680.png
Val/Rural/2681,Val,Rural,official_val,Val/Rural/images_png/2681.png,Val/Rural/masks_png/2681.png
Val/Rural/2682,Val,Rural,official_val,Val/Rural/images_png/2682.png,Val/Rural/masks_png/2682.png
Val/Rural/2683,Val,Rural,official_val,Val/Rural/images_png/2683.png,Val/Rural/masks_png/2683.png
Val/Rural/2684,Val,Rural,official_val,Val/Rural/images_png/2684.png,Val/Rural/masks_png/2684.png
Val/Rural/2685,Val,Rural,official_val,Val/Rural/images_png/2685.png,Val/Rural/masks_png/2685.png
Val/Rural/2686,Val,Rural,official_val,Val/Rural/images_png/2686.png,Val/Rural/masks_png/2686.png
Val/Rural/2687,Val,Rural,official_val,Val/Rural/images_png/2687.png,Val/Rural/masks_png/2687.png
Val/Rural/2688,Val,Rural,official_val,Val/Rural/images_png/2688.png,Val/Rural/masks_png/2688.png
Val/Rural/2689,Val,Rural,official_val,Val/Rural/images_png/2689.png,Val/Rural/masks_png/2689.png
Val/Rural/2690,Val,Rural,official_val,Val/Rural/images_png/2690.png,Val/Rural/masks_png/2690.png
Val/Rural/2691,Val,Rural,official_val,Val/Rural/images_png/2691.png,Val/Rural/masks_png/2691.png
Val/Rural/2692,Val,Rural,official_val,Val/Rural/images_png/2692.png,Val/Rural/masks_png/2692.png
Val/Rural/2693,Val,Rural,official_val,Val/Rural/images_png/2693.png,Val/Rural/masks_png/2693.png
Val/Rural/2694,Val,Rural,official_val,Val/Rural/images_png/2694.png,Val/Rural/masks_png/2694.png
Val/Rural/2695,Val,Rural,official_val,Val/Rural/images_png/2695.png,Val/Rural/masks_png/2695.png
Val/Rural/2696,Val,Rural,official_val,Val/Rural/images_png/2696.png,Val/Rural/masks_png/2696.png
Val/Rural/2697,Val,Rural,official_val,Val/Rural/images_png/2697.png,Val/Rural/masks_png/2697.png
Val/Rural/2698,Val,Rural,official_val,Val/Rural/images_png/2698.png,Val/Rural/masks_png/2698.png
Val/Rural/2699,Val,Rural,official_val,Val/Rural/images_png/2699.png,Val/Rural/masks_png/2699.png
Val/Rural/2700,Val,Rural,official_val,Val/Rural/images_png/2700.png,Val/Rural/masks_png/2700.png
Val/Rural/2701,Val,Rural,official_val,Val/Rural/images_png/2701.png,Val/Rural/masks_png/2701.png
Val/Rural/2702,Val,Rural,official_val,Val/Rural/images_png/2702.png,Val/Rural/masks_png/2702.png
Val/Rural/2703,Val,Rural,official_val,Val/Rural/images_png/2703.png,Val/Rural/masks_png/2703.png
Val/Rural/2704,Val,Rural,official_val,Val/Rural/images_png/2704.png,Val/Rural/masks_png/2704.png
Val/Rural/2705,Val,Rural,official_val,Val/Rural/images_png/2705.png,Val/Rural/masks_png/2705.png
Val/Rural/2706,Val,Rural,official_val,Val/Rural/images_png/2706.png,Val/Rural/masks_png/2706.png
Val/Rural/2707,Val,Rural,official_val,Val/Rural/images_png/2707.png,Val/Rural/masks_png/2707.png
Val/Rural/2708,Val,Rural,official_val,Val/Rural/images_png/2708.png,Val/Rural/masks_png/2708.png
Val/Rural/2709,Val,Rural,official_val,Val/Rural/images_png/2709.png,Val/Rural/masks_png/2709.png
Val/Rural/2710,Val,Rural,official_val,Val/Rural/images_png/2710.png,Val/Rural/masks_png/2710.png
Val/Rural/2711,Val,Rural,official_val,Val/Rural/images_png/2711.png,Val/Rural/masks_png/2711.png
Val/Rural/2712,Val,Rural,official_val,Val/Rural/images_png/2712.png,Val/Rural/masks_png/2712.png
Val/Rural/2713,Val,Rural,official_val,Val/Rural/images_png/2713.png,Val/Rural/masks_png/2713.png
Val/Rural/2714,Val,Rural,official_val,Val/Rural/images_png/2714.png,Val/Rural/masks_png/2714.png
Val/Rural/2715,Val,Rural,official_val,Val/Rural/images_png/2715.png,Val/Rural/masks_png/2715.png
Val/Rural/2716,Val,Rural,official_val,Val/Rural/images_png/2716.png,Val/Rural/masks_png/2716.png
Val/Rural/2717,Val,Rural,official_val,Val/Rural/images_png/2717.png,Val/Rural/masks_png/2717.png
Val/Rural/2718,Val,Rural,official_val,Val/Rural/images_png/2718.png,Val/Rural/masks_png/2718.png
Val/Rural/2719,Val,Rural,official_val,Val/Rural/images_png/2719.png,Val/Rural/masks_png/2719.png
Val/Rural/2720,Val,Rural,official_val,Val/Rural/images_png/2720.png,Val/Rural/masks_png/2720.png
Val/Rural/2721,Val,Rural,official_val,Val/Rural/images_png/2721.png,Val/Rural/masks_png/2721.png
Val/Rural/2722,Val,Rural,official_val,Val/Rural/images_png/2722.png,Val/Rural/masks_png/2722.png
Val/Rural/2723,Val,Rural,official_val,Val/Rural/images_png/2723.png,Val/Rural/masks_png/2723.png
Val/Rural/2724,Val,Rural,official_val,Val/Rural/images_png/2724.png,Val/Rural/masks_png/2724.png
Val/Rural/2725,Val,Rural,official_val,Val/Rural/images_png/2725.png,Val/Rural/masks_png/2725.png
Val/Rural/2726,Val,Rural,official_val,Val/Rural/images_png/2726.png,Val/Rural/masks_png/2726.png
Val/Rural/2727,Val,Rural,official_val,Val/Rural/images_png/2727.png,Val/Rural/masks_png/2727.png
Val/Rural/2728,Val,Rural,official_val,Val/Rural/images_png/2728.png,Val/Rural/masks_png/2728.png
Val/Rural/2729,Val,Rural,official_val,Val/Rural/images_png/2729.png,Val/Rural/masks_png/2729.png
Val/Rural/2730,Val,Rural,official_val,Val/Rural/images_png/2730.png,Val/Rural/masks_png/2730.png
Val/Rural/2731,Val,Rural,official_val,Val/Rural/images_png/2731.png,Val/Rural/masks_png/2731.png
Val/Rural/2732,Val,Rural,official_val,Val/Rural/images_png/2732.png,Val/Rural/masks_png/2732.png
Val/Rural/2733,Val,Rural,official_val,Val/Rural/images_png/2733.png,Val/Rural/masks_png/2733.png
Val/Rural/2734,Val,Rural,official_val,Val/Rural/images_png/2734.png,Val/Rural/masks_png/2734.png
Val/Rural/2735,Val,Rural,official_val,Val/Rural/images_png/2735.png,Val/Rural/masks_png/2735.png
Val/Rural/2736,Val,Rural,official_val,Val/Rural/images_png/2736.png,Val/Rural/masks_png/2736.png
Val/Rural/2737,Val,Rural,official_val,Val/Rural/images_png/2737.png,Val/Rural/masks_png/2737.png
Val/Rural/2738,Val,Rural,official_val,Val/Rural/images_png/2738.png,Val/Rural/masks_png/2738.png
Val/Rural/2739,Val,Rural,official_val,Val/Rural/images_png/2739.png,Val/Rural/masks_png/2739.png
Val/Rural/2740,Val,Rural,official_val,Val/Rural/images_png/2740.png,Val/Rural/masks_png/2740.png
Val/Rural/2741,Val,Rural,official_val,Val/Rural/images_png/2741.png,Val/Rural/masks_png/2741.png
Val/Rural/2742,Val,Rural,official_val,Val/Rural/images_png/2742.png,Val/Rural/masks_png/2742.png
Val/Rural/2743,Val,Rural,official_val,Val/Rural/images_png/2743.png,Val/Rural/masks_png/2743.png
Val/Rural/2744,Val,Rural,official_val,Val/Rural/images_png/2744.png,Val/Rural/masks_png/2744.png
Val/Rural/2745,Val,Rural,official_val,Val/Rural/images_png/2745.png,Val/Rural/masks_png/2745.png
Val/Rural/2746,Val,Rural,official_val,Val/Rural/images_png/2746.png,Val/Rural/masks_png/2746.png
Val/Rural/2747,Val,Rural,official_val,Val/Rural/images_png/2747.png,Val/Rural/masks_png/2747.png
Val/Rural/2748,Val,Rural,official_val,Val/Rural/images_png/2748.png,Val/Rural/masks_png/2748.png
Val/Rural/2749,Val,Rural,official_val,Val/Rural/images_png/2749.png,Val/Rural/masks_png/2749.png
Val/Rural/2750,Val,Rural,official_val,Val/Rural/images_png/2750.png,Val/Rural/masks_png/2750.png
Val/Rural/2751,Val,Rural,official_val,Val/Rural/images_png/2751.png,Val/Rural/masks_png/2751.png
Val/Rural/2752,Val,Rural,official_val,Val/Rural/images_png/2752.png,Val/Rural/masks_png/2752.png
Val/Rural/2753,Val,Rural,official_val,Val/Rural/images_png/2753.png,Val/Rural/masks_png/2753.png
Val/Rural/2754,Val,Rural,official_val,Val/Rural/images_png/2754.png,Val/Rural/masks_png/2754.png
Val/Rural/2755,Val,Rural,official_val,Val/Rural/images_png/2755.png,Val/Rural/masks_png/2755.png
Val/Rural/2756,Val,Rural,official_val,Val/Rural/images_png/2756.png,Val/Rural/masks_png/2756.png
Val/Rural/2757,Val,Rural,official_val,Val/Rural/images_png/2757.png,Val/Rural/masks_png/2757.png
Val/Rural/2758,Val,Rural,official_val,Val/Rural/images_png/2758.png,Val/Rural/masks_png/2758.png
Val/Rural/2759,Val,Rural,official_val,Val/Rural/images_png/2759.png,Val/Rural/masks_png/2759.png
Val/Rural/2760,Val,Rural,official_val,Val/Rural/images_png/2760.png,Val/Rural/masks_png/2760.png
Val/Rural/2761,Val,Rural,official_val,Val/Rural/images_png/2761.png,Val/Rural/masks_png/2761.png
Val/Rural/2762,Val,Rural,official_val,Val/Rural/images_png/2762.png,Val/Rural/masks_png/2762.png
Val/Rural/2763,Val,Rural,official_val,Val/Rural/images_png/2763.png,Val/Rural/masks_png/2763.png
Val/Rural/2764,Val,Rural,official_val,Val/Rural/images_png/2764.png,Val/Rural/masks_png/2764.png
Val/Rural/2765,Val,Rural,official_val,Val/Rural/images_png/2765.png,Val/Rural/masks_png/2765.png
Val/Rural/2766,Val,Rural,official_val,Val/Rural/images_png/2766.png,Val/Rural/masks_png/2766.png
Val/Rural/2767,Val,Rural,official_val,Val/Rural/images_png/2767.png,Val/Rural/masks_png/2767.png
Val/Rural/2768,Val,Rural,official_val,Val/Rural/images_png/2768.png,Val/Rural/masks_png/2768.png
Val/Rural/2769,Val,Rural,official_val,Val/Rural/images_png/2769.png,Val/Rural/masks_png/2769.png
Val/Rural/2770,Val,Rural,official_val,Val/Rural/images_png/2770.png,Val/Rural/masks_png/2770.png
Val/Rural/2771,Val,Rural,official_val,Val/Rural/images_png/2771.png,Val/Rural/masks_png/2771.png
Val/Rural/2772,Val,Rural,official_val,Val/Rural/images_png/2772.png,Val/Rural/masks_png/2772.png
Val/Rural/2773,Val,Rural,official_val,Val/Rural/images_png/2773.png,Val/Rural/masks_png/2773.png
Val/Rural/2774,Val,Rural,official_val,Val/Rural/images_png/2774.png,Val/Rural/masks_png/2774.png
Val/Rural/2775,Val,Rural,official_val,Val/Rural/images_png/2775.png,Val/Rural/masks_png/2775.png
Val/Rural/2776,Val,Rural,official_val,Val/Rural/images_png/2776.png,Val/Rural/masks_png/2776.png
Val/Rural/2777,Val,Rural,official_val,Val/Rural/images_png/2777.png,Val/Rural/masks_png/2777.png
Val/Rural/2778,Val,Rural,official_val,Val/Rural/images_png/2778.png,Val/Rural/masks_png/2778.png
Val/Rural/2779,Val,Rural,official_val,Val/Rural/images_png/2779.png,Val/Rural/masks_png/2779.png
Val/Rural/2780,Val,Rural,official_val,Val/Rural/images_png/2780.png,Val/Rural/masks_png/2780.png
Val/Rural/2781,Val,Rural,official_val,Val/Rural/images_png/2781.png,Val/Rural/masks_png/2781.png
Val/Rural/2782,Val,Rural,official_val,Val/Rural/images_png/2782.png,Val/Rural/masks_png/2782.png
Val/Rural/2783,Val,Rural,official_val,Val/Rural/images_png/2783.png,Val/Rural/masks_png/2783.png
Val/Rural/2784,Val,Rural,official_val,Val/Rural/images_png/2784.png,Val/Rural/masks_png/2784.png
Val/Rural/2785,Val,Rural,official_val,Val/Rural/images_png/2785.png,Val/Rural/masks_png/2785.png
Val/Rural/2786,Val,Rural,official_val,Val/Rural/images_png/2786.png,Val/Rural/masks_png/2786.png
Val/Rural/2787,Val,Rural,official_val,Val/Rural/images_png/2787.png,Val/Rural/masks_png/2787.png
Val/Rural/2788,Val,Rural,official_val,Val/Rural/images_png/2788.png,Val/Rural/masks_png/2788.png
Val/Rural/2789,Val,Rural,official_val,Val/Rural/images_png/2789.png,Val/Rural/masks_png/2789.png
Val/Rural/2790,Val,Rural,official_val,Val/Rural/images_png/2790.png,Val/Rural/masks_png/2790.png
Val/Rural/2791,Val,Rural,official_val,Val/Rural/images_png/2791.png,Val/Rural/masks_png/2791.png
Val/Rural/2792,Val,Rural,official_val,Val/Rural/images_png/2792.png,Val/Rural/masks_png/2792.png
Val/Rural/2793,Val,Rural,official_val,Val/Rural/images_png/2793.png,Val/Rural/masks_png/2793.png
Val/Rural/2794,Val,Rural,official_val,Val/Rural/images_png/2794.png,Val/Rural/masks_png/2794.png
Val/Rural/2795,Val,Rural,official_val,Val/Rural/images_png/2795.png,Val/Rural/masks_png/2795.png
Val/Rural/2796,Val,Rural,official_val,Val/Rural/images_png/2796.png,Val/Rural/masks_png/2796.png
Val/Rural/2797,Val,Rural,official_val,Val/Rural/images_png/2797.png,Val/Rural/masks_png/2797.png
Val/Rural/2798,Val,Rural,official_val,Val/Rural/images_png/2798.png,Val/Rural/masks_png/2798.png
Val/Rural/2799,Val,Rural,official_val,Val/Rural/images_png/2799.png,Val/Rural/masks_png/2799.png
Val/Rural/2800,Val,Rural,official_val,Val/Rural/images_png/2800.png,Val/Rural/masks_png/2800.png
Val/Rural/2801,Val,Rural,official_val,Val/Rural/images_png/2801.png,Val/Rural/masks_png/2801.png
Val/Rural/2802,Val,Rural,official_val,Val/Rural/images_png/2802.png,Val/Rural/masks_png/2802.png
Val/Rural/2803,Val,Rural,official_val,Val/Rural/images_png/2803.png,Val/Rural/masks_png/2803.png
Val/Rural/2804,Val,Rural,official_val,Val/Rural/images_png/2804.png,Val/Rural/masks_png/2804.png
Val/Rural/2805,Val,Rural,official_val,Val/Rural/images_png/2805.png,Val/Rural/masks_png/2805.png
Val/Rural/2806,Val,Rural,official_val,Val/Rural/images_png/2806.png,Val/Rural/masks_png/2806.png
Val/Rural/2807,Val,Rural,official_val,Val/Rural/images_png/2807.png,Val/Rural/masks_png/2807.png
Val/Rural/2808,Val,Rural,official_val,Val/Rural/images_png/2808.png,Val/Rural/masks_png/2808.png
Val/Rural/2809,Val,Rural,official_val,Val/Rural/images_png/2809.png,Val/Rural/masks_png/2809.png
Val/Rural/2810,Val,Rural,official_val,Val/Rural/images_png/2810.png,Val/Rural/masks_png/2810.png
Val/Rural/2811,Val,Rural,official_val,Val/Rural/images_png/2811.png,Val/Rural/masks_png/2811.png
Val/Rural/2812,Val,Rural,official_val,Val/Rural/images_png/2812.png,Val/Rural/masks_png/2812.png
Val/Rural/2813,Val,Rural,official_val,Val/Rural/images_png/2813.png,Val/Rural/masks_png/2813.png
Val/Rural/2814,Val,Rural,official_val,Val/Rural/images_png/2814.png,Val/Rural/masks_png/2814.png
Val/Rural/2815,Val,Rural,official_val,Val/Rural/images_png/2815.png,Val/Rural/masks_png/2815.png
Val/Rural/2816,Val,Rural,official_val,Val/Rural/images_png/2816.png,Val/Rural/masks_png/2816.png
Val/Rural/2817,Val,Rural,official_val,Val/Rural/images_png/2817.png,Val/Rural/masks_png/2817.png
Val/Rural/2818,Val,Rural,official_val,Val/Rural/images_png/2818.png,Val/Rural/masks_png/2818.png
Val/Rural/2819,Val,Rural,official_val,Val/Rural/images_png/2819.png,Val/Rural/masks_png/2819.png
Val/Rural/2820,Val,Rural,official_val,Val/Rural/images_png/2820.png,Val/Rural/masks_png/2820.png
Val/Rural/2821,Val,Rural,official_val,Val/Rural/images_png/2821.png,Val/Rural/masks_png/2821.png
Val/Rural/2822,Val,Rural,official_val,Val/Rural/images_png/2822.png,Val/Rural/masks_png/2822.png
Val/Rural/2823,Val,Rural,official_val,Val/Rural/images_png/2823.png,Val/Rural/masks_png/2823.png
Val/Rural/2824,Val,Rural,official_val,Val/Rural/images_png/2824.png,Val/Rural/masks_png/2824.png
Val/Rural/2825,Val,Rural,official_val,Val/Rural/images_png/2825.png,Val/Rural/masks_png/2825.png
Val/Rural/2826,Val,Rural,official_val,Val/Rural/images_png/2826.png,Val/Rural/masks_png/2826.png
Val/Rural/2827,Val,Rural,official_val,Val/Rural/images_png/2827.png,Val/Rural/masks_png/2827.png
Val/Rural/2828,Val,Rural,official_val,Val/Rural/images_png/2828.png,Val/Rural/masks_png/2828.png
Val/Rural/2829,Val,Rural,official_val,Val/Rural/images_png/2829.png,Val/Rural/masks_png/2829.png
Val/Rural/2830,Val,Rural,official_val,Val/Rural/images_png/2830.png,Val/Rural/masks_png/2830.png
Val/Rural/2831,Val,Rural,official_val,Val/Rural/images_png/2831.png,Val/Rural/masks_png/2831.png
Val/Rural/2832,Val,Rural,official_val,Val/Rural/images_png/2832.png,Val/Rural/masks_png/2832.png
Val/Rural/2833,Val,Rural,official_val,Val/Rural/images_png/2833.png,Val/Rural/masks_png/2833.png
Val/Rural/2834,Val,Rural,official_val,Val/Rural/images_png/2834.png,Val/Rural/masks_png/2834.png
Val/Rural/2835,Val,Rural,official_val,Val/Rural/images_png/2835.png,Val/Rural/masks_png/2835.png
Val/Rural/2836,Val,Rural,official_val,Val/Rural/images_png/2836.png,Val/Rural/masks_png/2836.png
Val/Rural/2837,Val,Rural,official_val,Val/Rural/images_png/2837.png,Val/Rural/masks_png/2837.png
Val/Rural/2838,Val,Rural,official_val,Val/Rural/images_png/2838.png,Val/Rural/masks_png/2838.png
Val/Rural/2839,Val,Rural,official_val,Val/Rural/images_png/2839.png,Val/Rural/masks_png/2839.png
Val/Rural/2840,Val,Rural,official_val,Val/Rural/images_png/2840.png,Val/Rural/masks_png/2840.png
Val/Rural/2841,Val,Rural,official_val,Val/Rural/images_png/2841.png,Val/Rural/masks_png/2841.png
Val/Rural/2842,Val,Rural,official_val,Val/Rural/images_png/2842.png,Val/Rural/masks_png/2842.png
Val/Rural/2843,Val,Rural,official_val,Val/Rural/images_png/2843.png,Val/Rural/masks_png/2843.png
Val/Rural/2844,Val,Rural,official_val,Val/Rural/images_png/2844.png,Val/Rural/masks_png/2844.png
Val/Rural/2845,Val,Rural,official_val,Val/Rural/images_png/2845.png,Val/Rural/masks_png/2845.png
Val/Rural/2846,Val,Rural,official_val,Val/Rural/images_png/2846.png,Val/Rural/masks_png/2846.png
Val/Rural/2847,Val,Rural,official_val,Val/Rural/images_png/2847.png,Val/Rural/masks_png/2847.png
Val/Rural/2848,Val,Rural,official_val,Val/Rural/images_png/2848.png,Val/Rural/masks_png/2848.png
Val/Rural/2849,Val,Rural,official_val,Val/Rural/images_png/2849.png,Val/Rural/masks_png/2849.png
Val/Rural/2850,Val,Rural,official_val,Val/Rural/images_png/2850.png,Val/Rural/masks_png/2850.png
Val/Rural/2851,Val,Rural,official_val,Val/Rural/images_png/2851.png,Val/Rural/masks_png/2851.png
Val/Rural/2852,Val,Rural,official_val,Val/Rural/images_png/2852.png,Val/Rural/masks_png/2852.png
Val/Rural/2853,Val,Rural,official_val,Val/Rural/images_png/2853.png,Val/Rural/masks_png/2853.png
Val/Rural/2854,Val,Rural,official_val,Val/Rural/images_png/2854.png,Val/Rural/masks_png/2854.png
Val/Rural/2855,Val,Rural,official_val,Val/Rural/images_png/2855.png,Val/Rural/masks_png/2855.png
Val/Rural/2856,Val,Rural,official_val,Val/Rural/images_png/2856.png,Val/Rural/masks_png/2856.png
Val/Rural/2857,Val,Rural,official_val,Val/Rural/images_png/2857.png,Val/Rural/masks_png/2857.png
Val/Rural/2858,Val,Rural,official_val,Val/Rural/images_png/2858.png,Val/Rural/masks_png/2858.png
Val/Rural/2859,Val,Rural,official_val,Val/Rural/images_png/2859.png,Val/Rural/masks_png/2859.png
Val/Rural/2860,Val,Rural,official_val,Val/Rural/images_png/2860.png,Val/Rural/masks_png/2860.png
Val/Rural/2861,Val,Rural,official_val,Val/Rural/images_png/2861.png,Val/Rural/masks_png/2861.png
Val/Rural/2862,Val,Rural,official_val,Val/Rural/images_png/2862.png,Val/Rural/masks_png/2862.png
Val/Rural/2863,Val,Rural,official_val,Val/Rural/images_png/2863.png,Val/Rural/masks_png/2863.png
Val/Rural/2864,Val,Rural,official_val,Val/Rural/images_png/2864.png,Val/Rural/masks_png/2864.png
Val/Rural/2865,Val,Rural,official_val,Val/Rural/images_png/2865.png,Val/Rural/masks_png/2865.png
Val/Rural/2866,Val,Rural,official_val,Val/Rural/images_png/2866.png,Val/Rural/masks_png/2866.png
Val/Rural/2867,Val,Rural,official_val,Val/Rural/images_png/2867.png,Val/Rural/masks_png/2867.png
Val/Rural/2868,Val,Rural,official_val,Val/Rural/images_png/2868.png,Val/Rural/masks_png/2868.png
Val/Rural/2869,Val,Rural,official_val,Val/Rural/images_png/2869.png,Val/Rural/masks_png/2869.png
Val/Rural/2870,Val,Rural,official_val,Val/Rural/images_png/2870.png,Val/Rural/masks_png/2870.png
Val/Rural/2871,Val,Rural,official_val,Val/Rural/images_png/2871.png,Val/Rural/masks_png/2871.png
Val/Rural/2872,Val,Rural,official_val,Val/Rural/images_png/2872.png,Val/Rural/masks_png/2872.png
Val/Rural/2873,Val,Rural,official_val,Val/Rural/images_png/2873.png,Val/Rural/masks_png/2873.png
Val/Rural/2874,Val,Rural,official_val,Val/Rural/images_png/2874.png,Val/Rural/masks_png/2874.png
Val/Rural/2875,Val,Rural,official_val,Val/Rural/images_png/2875.png,Val/Rural/masks_png/2875.png
Val/Rural/2876,Val,Rural,official_val,Val/Rural/images_png/2876.png,Val/Rural/masks_png/2876.png
Val/Rural/2877,Val,Rural,official_val,Val/Rural/images_png/2877.png,Val/Rural/masks_png/2877.png
Val/Rural/2878,Val,Rural,official_val,Val/Rural/images_png/2878.png,Val/Rural/masks_png/2878.png
Val/Rural/2879,Val,Rural,official_val,Val/Rural/images_png/2879.png,Val/Rural/masks_png/2879.png
Val/Rural/2880,Val,Rural,official_val,Val/Rural/images_png/2880.png,Val/Rural/masks_png/2880.png
Val/Rural/2881,Val,Rural,official_val,Val/Rural/images_png/2881.png,Val/Rural/masks_png/2881.png
Val/Rural/2882,Val,Rural,official_val,Val/Rural/images_png/2882.png,Val/Rural/masks_png/2882.png
Val/Rural/2883,Val,Rural,official_val,Val/Rural/images_png/2883.png,Val/Rural/masks_png/2883.png
Val/Rural/2884,Val,Rural,official_val,Val/Rural/images_png/2884.png,Val/Rural/masks_png/2884.png
Val/Rural/2885,Val,Rural,official_val,Val/Rural/images_png/2885.png,Val/Rural/masks_png/2885.png
Val/Rural/2886,Val,Rural,official_val,Val/Rural/images_png/2886.png,Val/Rural/masks_png/2886.png
Val/Rural/2887,Val,Rural,official_val,Val/Rural/images_png/2887.png,Val/Rural/masks_png/2887.png
Val/Rural/2888,Val,Rural,official_val,Val/Rural/images_png/2888.png,Val/Rural/masks_png/2888.png
Val/Rural/2889,Val,Rural,official_val,Val/Rural/images_png/2889.png,Val/Rural/masks_png/2889.png
Val/Rural/2890,Val,Rural,official_val,Val/Rural/images_png/2890.png,Val/Rural/masks_png/2890.png
Val/Rural/2891,Val,Rural,official_val,Val/Rural/images_png/2891.png,Val/Rural/masks_png/2891.png
Val/Rural/2892,Val,Rural,official_val,Val/Rural/images_png/2892.png,Val/Rural/masks_png/2892.png
Val/Rural/2893,Val,Rural,official_val,Val/Rural/images_png/2893.png,Val/Rural/masks_png/2893.png
Val/Rural/2894,Val,Rural,official_val,Val/Rural/images_png/2894.png,Val/Rural/masks_png/2894.png
Val/Rural/2895,Val,Rural,official_val,Val/Rural/images_png/2895.png,Val/Rural/masks_png/2895.png
Val/Rural/2896,Val,Rural,official_val,Val/Rural/images_png/2896.png,Val/Rural/masks_png/2896.png
Val/Rural/2897,Val,Rural,official_val,Val/Rural/images_png/2897.png,Val/Rural/masks_png/2897.png
Val/Rural/2898,Val,Rural,official_val,Val/Rural/images_png/2898.png,Val/Rural/masks_png/2898.png
Val/Rural/2899,Val,Rural,official_val,Val/Rural/images_png/2899.png,Val/Rural/masks_png/2899.png
Val/Rural/2900,Val,Rural,official_val,Val/Rural/images_png/2900.png,Val/Rural/masks_png/2900.png
Val/Rural/2901,Val,Rural,official_val,Val/Rural/images_png/2901.png,Val/Rural/masks_png/2901.png
Val/Rural/2902,Val,Rural,official_val,Val/Rural/images_png/2902.png,Val/Rural/masks_png/2902.png
Val/Rural/2903,Val,Rural,official_val,Val/Rural/images_png/2903.png,Val/Rural/masks_png/2903.png
Val/Rural/2904,Val,Rural,official_val,Val/Rural/images_png/2904.png,Val/Rural/masks_png/2904.png
Val/Rural/2905,Val,Rural,official_val,Val/Rural/images_png/2905.png,Val/Rural/masks_png/2905.png
Val/Rural/2906,Val,Rural,official_val,Val/Rural/images_png/2906.png,Val/Rural/masks_png/2906.png
Val/Rural/2907,Val,Rural,official_val,Val/Rural/images_png/2907.png,Val/Rural/masks_png/2907.png
Val/Rural/2908,Val,Rural,official_val,Val/Rural/images_png/2908.png,Val/Rural/masks_png/2908.png
Val/Rural/2909,Val,Rural,official_val,Val/Rural/images_png/2909.png,Val/Rural/masks_png/2909.png
Val/Rural/2910,Val,Rural,official_val,Val/Rural/images_png/2910.png,Val/Rural/masks_png/2910.png
Val/Rural/2911,Val,Rural,official_val,Val/Rural/images_png/2911.png,Val/Rural/masks_png/2911.png
Val/Rural/2912,Val,Rural,official_val,Val/Rural/images_png/2912.png,Val/Rural/masks_png/2912.png
Val/Rural/2913,Val,Rural,official_val,Val/Rural/images_png/2913.png,Val/Rural/masks_png/2913.png
Val/Rural/2914,Val,Rural,official_val,Val/Rural/images_png/2914.png,Val/Rural/masks_png/2914.png
Val/Rural/2915,Val,Rural,official_val,Val/Rural/images_png/2915.png,Val/Rural/masks_png/2915.png
Val/Rural/2916,Val,Rural,official_val,Val/Rural/images_png/2916.png,Val/Rural/masks_png/2916.png
Val/Rural/2917,Val,Rural,official_val,Val/Rural/images_png/2917.png,Val/Rural/masks_png/2917.png
Val/Rural/2918,Val,Rural,official_val,Val/Rural/images_png/2918.png,Val/Rural/masks_png/2918.png
Val/Rural/2919,Val,Rural,official_val,Val/Rural/images_png/2919.png,Val/Rural/masks_png/2919.png
Val/Rural/2920,Val,Rural,official_val,Val/Rural/images_png/2920.png,Val/Rural/masks_png/2920.png
Val/Rural/2921,Val,Rural,official_val,Val/Rural/images_png/2921.png,Val/Rural/masks_png/2921.png
Val/Rural/2922,Val,Rural,official_val,Val/Rural/images_png/2922.png,Val/Rural/masks_png/2922.png
Val/Rural/2923,Val,Rural,official_val,Val/Rural/images_png/2923.png,Val/Rural/masks_png/2923.png
Val/Rural/2924,Val,Rural,official_val,Val/Rural/images_png/2924.png,Val/Rural/masks_png/2924.png
Val/Rural/2925,Val,Rural,official_val,Val/Rural/images_png/2925.png,Val/Rural/masks_png/2925.png
Val/Rural/2926,Val,Rural,official_val,Val/Rural/images_png/2926.png,Val/Rural/masks_png/2926.png
Val/Rural/2927,Val,Rural,official_val,Val/Rural/images_png/2927.png,Val/Rural/masks_png/2927.png
Val/Rural/2928,Val,Rural,official_val,Val/Rural/images_png/2928.png,Val/Rural/masks_png/2928.png
Val/Rural/2929,Val,Rural,official_val,Val/Rural/images_png/2929.png,Val/Rural/masks_png/2929.png
Val/Rural/2930,Val,Rural,official_val,Val/Rural/images_png/2930.png,Val/Rural/masks_png/2930.png
Val/Rural/2931,Val,Rural,official_val,Val/Rural/images_png/2931.png,Val/Rural/masks_png/2931.png
Val/Rural/2932,Val,Rural,official_val,Val/Rural/images_png/2932.png,Val/Rural/masks_png/2932.png
Val/Rural/2933,Val,Rural,official_val,Val/Rural/images_png/2933.png,Val/Rural/masks_png/2933.png
Val/Rural/2934,Val,Rural,official_val,Val/Rural/images_png/2934.png,Val/Rural/masks_png/2934.png
Val/Rural/2935,Val,Rural,official_val,Val/Rural/images_png/2935.png,Val/Rural/masks_png/2935.png
Val/Rural/2936,Val,Rural,official_val,Val/Rural/images_png/2936.png,Val/Rural/masks_png/2936.png
Val/Rural/2937,Val,Rural,official_val,Val/Rural/images_png/2937.png,Val/Rural/masks_png/2937.png
Val/Rural/2938,Val,Rural,official_val,Val/Rural/images_png/2938.png,Val/Rural/masks_png/2938.png
Val/Rural/2939,Val,Rural,official_val,Val/Rural/images_png/2939.png,Val/Rural/masks_png/2939.png
Val/Rural/2940,Val,Rural,official_val,Val/Rural/images_png/2940.png,Val/Rural/masks_png/2940.png
Val/Rural/2941,Val,Rural,official_val,Val/Rural/images_png/2941.png,Val/Rural/masks_png/2941.png
Val/Rural/2942,Val,Rural,official_val,Val/Rural/images_png/2942.png,Val/Rural/masks_png/2942.png
Val/Rural/2943,Val,Rural,official_val,Val/Rural/images_png/2943.png,Val/Rural/masks_png/2943.png
Val/Rural/2944,Val,Rural,official_val,Val/Rural/images_png/2944.png,Val/Rural/masks_png/2944.png
Val/Rural/2945,Val,Rural,official_val,Val/Rural/images_png/2945.png,Val/Rural/masks_png/2945.png
Val/Rural/2946,Val,Rural,official_val,Val/Rural/images_png/2946.png,Val/Rural/masks_png/2946.png
Val/Rural/2947,Val,Rural,official_val,Val/Rural/images_png/2947.png,Val/Rural/masks_png/2947.png
Val/Rural/2948,Val,Rural,official_val,Val/Rural/images_png/2948.png,Val/Rural/masks_png/2948.png
Val/Rural/2949,Val,Rural,official_val,Val/Rural/images_png/2949.png,Val/Rural/masks_png/2949.png
Val/Rural/2950,Val,Rural,official_val,Val/Rural/images_png/2950.png,Val/Rural/masks_png/2950.png
Val/Rural/2951,Val,Rural,official_val,Val/Rural/images_png/2951.png,Val/Rural/masks_png/2951.png
Val/Rural/2952,Val,Rural,official_val,Val/Rural/images_png/2952.png,Val/Rural/masks_png/2952.png
Val/Rural/2953,Val,Rural,official_val,Val/Rural/images_png/2953.png,Val/Rural/masks_png/2953.png
Val/Rural/2954,Val,Rural,official_val,Val/Rural/images_png/2954.png,Val/Rural/masks_png/2954.png
Val/Rural/2955,Val,Rural,official_val,Val/Rural/images_png/2955.png,Val/Rural/masks_png/2955.png
Val/Rural/2956,Val,Rural,official_val,Val/Rural/images_png/2956.png,Val/Rural/masks_png/2956.png
Val/Rural/2957,Val,Rural,official_val,Val/Rural/images_png/2957.png,Val/Rural/masks_png/2957.png
Val/Rural/2958,Val,Rural,official_val,Val/Rural/images_png/2958.png,Val/Rural/masks_png/2958.png
Val/Rural/2959,Val,Rural,official_val,Val/Rural/images_png/2959.png,Val/Rural/masks_png/2959.png
Val/Rural/2960,Val,Rural,official_val,Val/Rural/images_png/2960.png,Val/Rural/masks_png/2960.png
Val/Rural/2961,Val,Rural,official_val,Val/Rural/images_png/2961.png,Val/Rural/masks_png/2961.png
Val/Rural/2962,Val,Rural,official_val,Val/Rural/images_png/2962.png,Val/Rural/masks_png/2962.png
Val/Rural/2963,Val,Rural,official_val,Val/Rural/images_png/2963.png,Val/Rural/masks_png/2963.png
Val/Rural/2964,Val,Rural,official_val,Val/Rural/images_png/2964.png,Val/Rural/masks_png/2964.png
Val/Rural/2965,Val,Rural,official_val,Val/Rural/images_png/2965.png,Val/Rural/masks_png/2965.png
Val/Rural/2966,Val,Rural,official_val,Val/Rural/images_png/2966.png,Val/Rural/masks_png/2966.png
Val/Rural/2967,Val,Rural,official_val,Val/Rural/images_png/2967.png,Val/Rural/masks_png/2967.png
Val/Rural/2968,Val,Rural,official_val,Val/Rural/images_png/2968.png,Val/Rural/masks_png/2968.png
Val/Rural/2969,Val,Rural,official_val,Val/Rural/images_png/2969.png,Val/Rural/masks_png/2969.png
Val/Rural/2970,Val,Rural,official_val,Val/Rural/images_png/2970.png,Val/Rural/masks_png/2970.png
Val/Rural/2971,Val,Rural,official_val,Val/Rural/images_png/2971.png,Val/Rural/masks_png/2971.png
Val/Rural/2972,Val,Rural,official_val,Val/Rural/images_png/2972.png,Val/Rural/masks_png/2972.png
Val/Rural/2973,Val,Rural,official_val,Val/Rural/images_png/2973.png,Val/Rural/masks_png/2973.png
Val/Rural/2974,Val,Rural,official_val,Val/Rural/images_png/2974.png,Val/Rural/masks_png/2974.png
Val/Rural/2975,Val,Rural,official_val,Val/Rural/images_png/2975.png,Val/Rural/masks_png/2975.png
Val/Rural/2976,Val,Rural,official_val,Val/Rural/images_png/2976.png,Val/Rural/masks_png/2976.png
Val/Rural/2977,Val,Rural,official_val,Val/Rural/images_png/2977.png,Val/Rural/masks_png/2977.png
Val/Rural/2978,Val,Rural,official_val,Val/Rural/images_png/2978.png,Val/Rural/masks_png/2978.png
Val/Rural/2979,Val,Rural,official_val,Val/Rural/images_png/2979.png,Val/Rural/masks_png/2979.png
Val/Rural/2980,Val,Rural,official_val,Val/Rural/images_png/2980.png,Val/Rural/masks_png/2980.png
Val/Rural/2981,Val,Rural,official_val,Val/Rural/images_png/2981.png,Val/Rural/masks_png/2981.png
Val/Rural/2982,Val,Rural,official_val,Val/Rural/images_png/2982.png,Val/Rural/masks_png/2982.png
Val/Rural/2983,Val,Rural,official_val,Val/Rural/images_png/2983.png,Val/Rural/masks_png/2983.png
Val/Rural/2984,Val,Rural,official_val,Val/Rural/images_png/2984.png,Val/Rural/masks_png/2984.png
Val/Rural/2985,Val,Rural,official_val,Val/Rural/images_png/2985.png,Val/Rural/masks_png/2985.png
Val/Rural/2986,Val,Rural,official_val,Val/Rural/images_png/2986.png,Val/Rural/masks_png/2986.png
Val/Rural/2987,Val,Rural,official_val,Val/Rural/images_png/2987.png,Val/Rural/masks_png/2987.png
Val/Rural/2988,Val,Rural,official_val,Val/Rural/images_png/2988.png,Val/Rural/masks_png/2988.png
Val/Rural/2989,Val,Rural,official_val,Val/Rural/images_png/2989.png,Val/Rural/masks_png/2989.png
Val/Rural/2990,Val,Rural,official_val,Val/Rural/images_png/2990.png,Val/Rural/masks_png/2990.png
Val/Rural/2991,Val,Rural,official_val,Val/Rural/images_png/2991.png,Val/Rural/masks_png/2991.png
Val/Rural/2992,Val,Rural,official_val,Val/Rural/images_png/2992.png,Val/Rural/masks_png/2992.png
Val/Rural/2993,Val,Rural,official_val,Val/Rural/images_png/2993.png,Val/Rural/masks_png/2993.png
Val/Rural/2994,Val,Rural,official_val,Val/Rural/images_png/2994.png,Val/Rural/masks_png/2994.png
Val/Rural/2995,Val,Rural,official_val,Val/Rural/images_png/2995.png,Val/Rural/masks_png/2995.png
Val/Rural/2996,Val,Rural,official_val,Val/Rural/images_png/2996.png,Val/Rural/masks_png/2996.png
Val/Rural/2997,Val,Rural,official_val,Val/Rural/images_png/2997.png,Val/Rural/masks_png/2997.png
Val/Rural/2998,Val,Rural,official_val,Val/Rural/images_png/2998.png,Val/Rural/masks_png/2998.png
Val/Rural/2999,Val,Rural,official_val,Val/Rural/images_png/2999.png,Val/Rural/masks_png/2999.png
Val/Rural/3000,Val,Rural,official_val,Val/Rural/images_png/3000.png,Val/Rural/masks_png/3000.png
Val/Rural/3001,Val,Rural,official_val,Val/Rural/images_png/3001.png,Val/Rural/masks_png/3001.png
Val/Rural/3002,Val,Rural,official_val,Val/Rural/images_png/3002.png,Val/Rural/masks_png/3002.png
Val/Rural/3003,Val,Rural,official_val,Val/Rural/images_png/3003.png,Val/Rural/masks_png/3003.png
Val/Rural/3004,Val,Rural,official_val,Val/Rural/images_png/3004.png,Val/Rural/masks_png/3004.png
Val/Rural/3005,Val,Rural,official_val,Val/Rural/images_png/3005.png,Val/Rural/masks_png/3005.png
Val/Rural/3006,Val,Rural,official_val,Val/Rural/images_png/3006.png,Val/Rural/masks_png/3006.png
Val/Rural/3007,Val,Rural,official_val,Val/Rural/images_png/3007.png,Val/Rural/masks_png/3007.png
Val/Rural/3008,Val,Rural,official_val,Val/Rural/images_png/3008.png,Val/Rural/masks_png/3008.png
Val/Rural/3009,Val,Rural,official_val,Val/Rural/images_png/3009.png,Val/Rural/masks_png/3009.png
Val/Rural/3010,Val,Rural,official_val,Val/Rural/images_png/3010.png,Val/Rural/masks_png/3010.png
Val/Rural/3011,Val,Rural,official_val,Val/Rural/images_png/3011.png,Val/Rural/masks_png/3011.png
Val/Rural/3012,Val,Rural,official_val,Val/Rural/images_png/3012.png,Val/Rural/masks_png/3012.png
Val/Rural/3013,Val,Rural,official_val,Val/Rural/images_png/3013.png,Val/Rural/masks_png/3013.png
Val/Rural/3014,Val,Rural,official_val,Val/Rural/images_png/3014.png,Val/Rural/masks_png/3014.png
Val/Rural/3015,Val,Rural,official_val,Val/Rural/images_png/3015.png,Val/Rural/masks_png/3015.png
Val/Rural/3016,Val,Rural,official_val,Val/Rural/images_png/3016.png,Val/Rural/masks_png/3016.png
Val/Rural/3017,Val,Rural,official_val,Val/Rural/images_png/3017.png,Val/Rural/masks_png/3017.png
Val/Rural/3018,Val,Rural,official_val,Val/Rural/images_png/3018.png,Val/Rural/masks_png/3018.png
Val/Rural/3019,Val,Rural,official_val,Val/Rural/images_png/3019.png,Val/Rural/masks_png/3019.png
Val/Rural/3020,Val,Rural,official_val,Val/Rural/images_png/3020.png,Val/Rural/masks_png/3020.png
Val/Rural/3021,Val,Rural,official_val,Val/Rural/images_png/3021.png,Val/Rural/masks_png/3021.png
Val/Rural/3022,Val,Rural,official_val,Val/Rural/images_png/3022.png,Val/Rural/masks_png/3022.png
Val/Rural/3023,Val,Rural,official_val,Val/Rural/images_png/3023.png,Val/Rural/masks_png/3023.png
Val/Rural/3024,Val,Rural,official_val,Val/Rural/images_png/3024.png,Val/Rural/masks_png/3024.png
Val/Rural/3025,Val,Rural,official_val,Val/Rural/images_png/3025.png,Val/Rural/masks_png/3025.png
Val/Rural/3026,Val,Rural,official_val,Val/Rural/images_png/3026.png,Val/Rural/masks_png/3026.png
Val/Rural/3027,Val,Rural,official_val,Val/Rural/images_png/3027.png,Val/Rural/masks_png/3027.png
Val/Rural/3028,Val,Rural,official_val,Val/Rural/images_png/3028.png,Val/Rural/masks_png/3028.png
Val/Rural/3029,Val,Rural,official_val,Val/Rural/images_png/3029.png,Val/Rural/masks_png/3029.png
Val/Rural/3030,Val,Rural,official_val,Val/Rural/images_png/3030.png,Val/Rural/masks_png/3030.png
Val/Rural/3031,Val,Rural,official_val,Val/Rural/images_png/3031.png,Val/Rural/masks_png/3031.png
Val/Rural/3032,Val,Rural,official_val,Val/Rural/images_png/3032.png,Val/Rural/masks_png/3032.png
Val/Rural/3033,Val,Rural,official_val,Val/Rural/images_png/3033.png,Val/Rural/masks_png/3033.png
Val/Rural/3034,Val,Rural,official_val,Val/Rural/images_png/3034.png,Val/Rural/masks_png/3034.png
Val/Rural/3035,Val,Rural,official_val,Val/Rural/images_png/3035.png,Val/Rural/masks_png/3035.png
Val/Rural/3036,Val,Rural,official_val,Val/Rural/images_png/3036.png,Val/Rural/masks_png/3036.png
Val/Rural/3037,Val,Rural,official_val,Val/Rural/images_png/3037.png,Val/Rural/masks_png/3037.png
Val/Rural/3038,Val,Rural,official_val,Val/Rural/images_png/3038.png,Val/Rural/masks_png/3038.png
Val/Rural/3039,Val,Rural,official_val,Val/Rural/images_png/3039.png,Val/Rural/masks_png/3039.png
Val/Rural/3040,Val,Rural,official_val,Val/Rural/images_png/3040.png,Val/Rural/masks_png/3040.png
Val/Rural/3041,Val,Rural,official_val,Val/Rural/images_png/3041.png,Val/Rural/masks_png/3041.png
Val/Rural/3042,Val,Rural,official_val,Val/Rural/images_png/3042.png,Val/Rural/masks_png/3042.png
Val/Rural/3043,Val,Rural,official_val,Val/Rural/images_png/3043.png,Val/Rural/masks_png/3043.png
Val/Rural/3044,Val,Rural,official_val,Val/Rural/images_png/3044.png,Val/Rural/masks_png/3044.png
Val/Rural/3045,Val,Rural,official_val,Val/Rural/images_png/3045.png,Val/Rural/masks_png/3045.png
Val/Rural/3046,Val,Rural,official_val,Val/Rural/images_png/3046.png,Val/Rural/masks_png/3046.png
Val/Rural/3047,Val,Rural,official_val,Val/Rural/images_png/3047.png,Val/Rural/masks_png/3047.png
Val/Rural/3048,Val,Rural,official_val,Val/Rural/images_png/3048.png,Val/Rural/masks_png/3048.png
Val/Rural/3049,Val,Rural,official_val,Val/Rural/images_png/3049.png,Val/Rural/masks_png/3049.png
Val/Rural/3050,Val,Rural,official_val,Val/Rural/images_png/3050.png,Val/Rural/masks_png/3050.png
Val/Rural/3051,Val,Rural,official_val,Val/Rural/images_png/3051.png,Val/Rural/masks_png/3051.png
Val/Rural/3052,Val,Rural,official_val,Val/Rural/images_png/3052.png,Val/Rural/masks_png/3052.png
Val/Rural/3053,Val,Rural,official_val,Val/Rural/images_png/3053.png,Val/Rural/masks_png/3053.png
Val/Rural/3054,Val,Rural,official_val,Val/Rural/images_png/3054.png,Val/Rural/masks_png/3054.png
Val/Rural/3055,Val,Rural,official_val,Val/Rural/images_png/3055.png,Val/Rural/masks_png/3055.png
Val/Rural/3056,Val,Rural,official_val,Val/Rural/images_png/3056.png,Val/Rural/masks_png/3056.png
Val/Rural/3057,Val,Rural,official_val,Val/Rural/images_png/3057.png,Val/Rural/masks_png/3057.png
Val/Rural/3058,Val,Rural,official_val,Val/Rural/images_png/3058.png,Val/Rural/masks_png/3058.png
Val/Rural/3059,Val,Rural,official_val,Val/Rural/images_png/3059.png,Val/Rural/masks_png/3059.png
Val/Rural/3060,Val,Rural,official_val,Val/Rural/images_png/3060.png,Val/Rural/masks_png/3060.png
Val/Rural/3061,Val,Rural,official_val,Val/Rural/images_png/3061.png,Val/Rural/masks_png/3061.png
Val/Rural/3062,Val,Rural,official_val,Val/Rural/images_png/3062.png,Val/Rural/masks_png/3062.png
Val/Rural/3063,Val,Rural,official_val,Val/Rural/images_png/3063.png,Val/Rural/masks_png/3063.png
Val/Rural/3064,Val,Rural,official_val,Val/Rural/images_png/3064.png,Val/Rural/masks_png/3064.png
Val/Rural/3065,Val,Rural,official_val,Val/Rural/images_png/3065.png,Val/Rural/masks_png/3065.png
Val/Rural/3066,Val,Rural,official_val,Val/Rural/images_png/3066.png,Val/Rural/masks_png/3066.png
Val/Rural/3067,Val,Rural,official_val,Val/Rural/images_png/3067.png,Val/Rural/masks_png/3067.png
Val/Rural/3068,Val,Rural,official_val,Val/Rural/images_png/3068.png,Val/Rural/masks_png/3068.png
Val/Rural/3069,Val,Rural,official_val,Val/Rural/images_png/3069.png,Val/Rural/masks_png/3069.png
Val/Rural/3070,Val,Rural,official_val,Val/Rural/images_png/3070.png,Val/Rural/masks_png/3070.png
Val/Rural/3071,Val,Rural,official_val,Val/Rural/images_png/3071.png,Val/Rural/masks_png/3071.png
Val/Rural/3072,Val,Rural,official_val,Val/Rural/images_png/3072.png,Val/Rural/masks_png/3072.png
Val/Rural/3073,Val,Rural,official_val,Val/Rural/images_png/3073.png,Val/Rural/masks_png/3073.png
Val/Rural/3074,Val,Rural,official_val,Val/Rural/images_png/3074.png,Val/Rural/masks_png/3074.png
Val/Rural/3075,Val,Rural,official_val,Val/Rural/images_png/3075.png,Val/Rural/masks_png/3075.png
Val/Rural/3076,Val,Rural,official_val,Val/Rural/images_png/3076.png,Val/Rural/masks_png/3076.png
Val/Rural/3077,Val,Rural,official_val,Val/Rural/images_png/3077.png,Val/Rural/masks_png/3077.png
Val/Rural/3078,Val,Rural,official_val,Val/Rural/images_png/3078.png,Val/Rural/masks_png/3078.png
Val/Rural/3079,Val,Rural,official_val,Val/Rural/images_png/3079.png,Val/Rural/masks_png/3079.png
Val/Rural/3080,Val,Rural,official_val,Val/Rural/images_png/3080.png,Val/Rural/masks_png/3080.png
Val/Rural/3081,Val,Rural,official_val,Val/Rural/images_png/3081.png,Val/Rural/masks_png/3081.png
Val/Rural/3082,Val,Rural,official_val,Val/Rural/images_png/3082.png,Val/Rural/masks_png/3082.png
Val/Rural/3083,Val,Rural,official_val,Val/Rural/images_png/3083.png,Val/Rural/masks_png/3083.png
Val/Rural/3084,Val,Rural,official_val,Val/Rural/images_png/3084.png,Val/Rural/masks_png/3084.png
Val/Rural/3085,Val,Rural,official_val,Val/Rural/images_png/3085.png,Val/Rural/masks_png/3085.png
Val/Rural/3086,Val,Rural,official_val,Val/Rural/images_png/3086.png,Val/Rural/masks_png/3086.png
Val/Rural/3087,Val,Rural,official_val,Val/Rural/images_png/3087.png,Val/Rural/masks_png/3087.png
Val/Rural/3088,Val,Rural,official_val,Val/Rural/images_png/3088.png,Val/Rural/masks_png/3088.png
Val/Rural/3089,Val,Rural,official_val,Val/Rural/images_png/3089.png,Val/Rural/masks_png/3089.png
Val/Rural/3090,Val,Rural,official_val,Val/Rural/images_png/3090.png,Val/Rural/masks_png/3090.png
Val/Rural/3091,Val,Rural,official_val,Val/Rural/images_png/3091.png,Val/Rural/masks_png/3091.png
Val/Rural/3092,Val,Rural,official_val,Val/Rural/images_png/3092.png,Val/Rural/masks_png/3092.png
Val/Rural/3093,Val,Rural,official_val,Val/Rural/images_png/3093.png,Val/Rural/masks_png/3093.png
Val/Rural/3094,Val,Rural,official_val,Val/Rural/images_png/3094.png,Val/Rural/masks_png/3094.png
Val/Rural/3095,Val,Rural,official_val,Val/Rural/images_png/3095.png,Val/Rural/masks_png/3095.png
Val/Rural/3096,Val,Rural,official_val,Val/Rural/images_png/3096.png,Val/Rural/masks_png/3096.png
Val/Rural/3097,Val,Rural,official_val,Val/Rural/images_png/3097.png,Val/Rural/masks_png/3097.png
Val/Rural/3098,Val,Rural,official_val,Val/Rural/images_png/3098.png,Val/Rural/masks_png/3098.png
Val/Rural/3099,Val,Rural,official_val,Val/Rural/images_png/3099.png,Val/Rural/masks_png/3099.png
Val/Rural/3100,Val,Rural,official_val,Val/Rural/images_png/3100.png,Val/Rural/masks_png/3100.png
Val/Rural/3101,Val,Rural,official_val,Val/Rural/images_png/3101.png,Val/Rural/masks_png/3101.png
Val/Rural/3102,Val,Rural,official_val,Val/Rural/images_png/3102.png,Val/Rural/masks_png/3102.png
Val/Rural/3103,Val,Rural,official_val,Val/Rural/images_png/3103.png,Val/Rural/masks_png/3103.png
Val/Rural/3104,Val,Rural,official_val,Val/Rural/images_png/3104.png,Val/Rural/masks_png/3104.png
Val/Rural/3105,Val,Rural,official_val,Val/Rural/images_png/3105.png,Val/Rural/masks_png/3105.png
Val/Rural/3106,Val,Rural,official_val,Val/Rural/images_png/3106.png,Val/Rural/masks_png/3106.png
Val/Rural/3107,Val,Rural,official_val,Val/Rural/images_png/3107.png,Val/Rural/masks_png/3107.png
Val/Rural/3108,Val,Rural,official_val,Val/Rural/images_png/3108.png,Val/Rural/masks_png/3108.png
Val/Rural/3109,Val,Rural,official_val,Val/Rural/images_png/3109.png,Val/Rural/masks_png/3109.png
Val/Rural/3110,Val,Rural,official_val,Val/Rural/images_png/3110.png,Val/Rural/masks_png/3110.png
Val/Rural/3111,Val,Rural,official_val,Val/Rural/images_png/3111.png,Val/Rural/masks_png/3111.png
Val/Rural/3112,Val,Rural,official_val,Val/Rural/images_png/3112.png,Val/Rural/masks_png/3112.png
Val/Rural/3113,Val,Rural,official_val,Val/Rural/images_png/3113.png,Val/Rural/masks_png/3113.png
Val/Rural/3114,Val,Rural,official_val,Val/Rural/images_png/3114.png,Val/Rural/masks_png/3114.png
Val/Rural/3115,Val,Rural,official_val,Val/Rural/images_png/3115.png,Val/Rural/masks_png/3115.png
Val/Rural/3116,Val,Rural,official_val,Val/Rural/images_png/3116.png,Val/Rural/masks_png/3116.png
Val/Rural/3117,Val,Rural,official_val,Val/Rural/images_png/3117.png,Val/Rural/masks_png/3117.png
Val/Rural/3118,Val,Rural,official_val,Val/Rural/images_png/3118.png,Val/Rural/masks_png/3118.png
Val/Rural/3119,Val,Rural,official_val,Val/Rural/images_png/3119.png,Val/Rural/masks_png/3119.png
Val/Rural/3120,Val,Rural,official_val,Val/Rural/images_png/3120.png,Val/Rural/masks_png/3120.png
Val/Rural/3121,Val,Rural,official_val,Val/Rural/images_png/3121.png,Val/Rural/masks_png/3121.png
Val/Rural/3122,Val,Rural,official_val,Val/Rural/images_png/3122.png,Val/Rural/masks_png/3122.png
Val/Rural/3123,Val,Rural,official_val,Val/Rural/images_png/3123.png,Val/Rural/masks_png/3123.png
Val/Rural/3124,Val,Rural,official_val,Val/Rural/images_png/3124.png,Val/Rural/masks_png/3124.png
Val/Rural/3125,Val,Rural,official_val,Val/Rural/images_png/3125.png,Val/Rural/masks_png/3125.png
Val/Rural/3126,Val,Rural,official_val,Val/Rural/images_png/3126.png,Val/Rural/masks_png/3126.png
Val/Rural/3127,Val,Rural,official_val,Val/Rural/images_png/3127.png,Val/Rural/masks_png/3127.png
Val/Rural/3128,Val,Rural,official_val,Val/Rural/images_png/3128.png,Val/Rural/masks_png/3128.png
Val/Rural/3129,Val,Rural,official_val,Val/Rural/images_png/3129.png,Val/Rural/masks_png/3129.png
Val/Rural/3130,Val,Rural,official_val,Val/Rural/images_png/3130.png,Val/Rural/masks_png/3130.png
Val/Rural/3131,Val,Rural,official_val,Val/Rural/images_png/3131.png,Val/Rural/masks_png/3131.png
Val/Rural/3132,Val,Rural,official_val,Val/Rural/images_png/3132.png,Val/Rural/masks_png/3132.png
Val/Rural/3133,Val,Rural,official_val,Val/Rural/images_png/3133.png,Val/Rural/masks_png/3133.png
Val/Rural/3134,Val,Rural,official_val,Val/Rural/images_png/3134.png,Val/Rural/masks_png/3134.png
Val/Rural/3135,Val,Rural,official_val,Val/Rural/images_png/3135.png,Val/Rural/masks_png/3135.png
Val/Rural/3136,Val,Rural,official_val,Val/Rural/images_png/3136.png,Val/Rural/masks_png/3136.png
Val/Rural/3137,Val,Rural,official_val,Val/Rural/images_png/3137.png,Val/Rural/masks_png/3137.png
Val/Rural/3138,Val,Rural,official_val,Val/Rural/images_png/3138.png,Val/Rural/masks_png/3138.png
Val/Rural/3139,Val,Rural,official_val,Val/Rural/images_png/3139.png,Val/Rural/masks_png/3139.png
Val/Rural/3140,Val,Rural,official_val,Val/Rural/images_png/3140.png,Val/Rural/masks_png/3140.png
Val/Rural/3141,Val,Rural,official_val,Val/Rural/images_png/3141.png,Val/Rural/masks_png/3141.png
Val/Rural/3142,Val,Rural,official_val,Val/Rural/images_png/3142.png,Val/Rural/masks_png/3142.png
Val/Rural/3143,Val,Rural,official_val,Val/Rural/images_png/3143.png,Val/Rural/masks_png/3143.png
Val/Rural/3144,Val,Rural,official_val,Val/Rural/images_png/3144.png,Val/Rural/masks_png/3144.png
Val/Rural/3145,Val,Rural,official_val,Val/Rural/images_png/3145.png,Val/Rural/masks_png/3145.png
Val/Rural/3146,Val,Rural,official_val,Val/Rural/images_png/3146.png,Val/Rural/masks_png/3146.png
Val/Rural/3147,Val,Rural,official_val,Val/Rural/images_png/3147.png,Val/Rural/masks_png/3147.png
Val/Rural/3148,Val,Rural,official_val,Val/Rural/images_png/3148.png,Val/Rural/masks_png/3148.png
Val/Rural/3149,Val,Rural,official_val,Val/Rural/images_png/3149.png,Val/Rural/masks_png/3149.png
Val/Rural/3150,Val,Rural,official_val,Val/Rural/images_png/3150.png,Val/Rural/masks_png/3150.png
Val/Rural/3151,Val,Rural,official_val,Val/Rural/images_png/3151.png,Val/Rural/masks_png/3151.png
Val/Rural/3152,Val,Rural,official_val,Val/Rural/images_png/3152.png,Val/Rural/masks_png/3152.png
Val/Rural/3153,Val,Rural,official_val,Val/Rural/images_png/3153.png,Val/Rural/masks_png/3153.png
Val/Rural/3154,Val,Rural,official_val,Val/Rural/images_png/3154.png,Val/Rural/masks_png/3154.png
Val/Rural/3155,Val,Rural,official_val,Val/Rural/images_png/3155.png,Val/Rural/masks_png/3155.png
Val/Rural/3156,Val,Rural,official_val,Val/Rural/images_png/3156.png,Val/Rural/masks_png/3156.png
Val/Rural/3157,Val,Rural,official_val,Val/Rural/images_png/3157.png,Val/Rural/masks_png/3157.png
Val/Rural/3158,Val,Rural,official_val,Val/Rural/images_png/3158.png,Val/Rural/masks_png/3158.png
Val/Rural/3159,Val,Rural,official_val,Val/Rural/images_png/3159.png,Val/Rural/masks_png/3159.png
Val/Rural/3160,Val,Rural,official_val,Val/Rural/images_png/3160.png,Val/Rural/masks_png/3160.png
Val/Rural/3161,Val,Rural,official_val,Val/Rural/images_png/3161.png,Val/Rural/masks_png/3161.png
Val/Rural/3162,Val,Rural,official_val,Val/Rural/images_png/3162.png,Val/Rural/masks_png/3162.png
Val/Rural/3163,Val,Rural,official_val,Val/Rural/images_png/3163.png,Val/Rural/masks_png/3163.png
Val/Rural/3164,Val,Rural,official_val,Val/Rural/images_png/3164.png,Val/Rural/masks_png/3164.png
Val/Rural/3165,Val,Rural,official_val,Val/Rural/images_png/3165.png,Val/Rural/masks_png/3165.png
Val/Rural/3166,Val,Rural,official_val,Val/Rural/images_png/3166.png,Val/Rural/masks_png/3166.png
Val/Rural/3167,Val,Rural,official_val,Val/Rural/images_png/3167.png,Val/Rural/masks_png/3167.png
Val/Rural/3168,Val,Rural,official_val,Val/Rural/images_png/3168.png,Val/Rural/masks_png/3168.png
Val/Rural/3169,Val,Rural,official_val,Val/Rural/images_png/3169.png,Val/Rural/masks_png/3169.png
Val/Rural/3170,Val,Rural,official_val,Val/Rural/images_png/3170.png,Val/Rural/masks_png/3170.png
Val/Rural/3171,Val,Rural,official_val,Val/Rural/images_png/3171.png,Val/Rural/masks_png/3171.png
Val/Rural/3172,Val,Rural,official_val,Val/Rural/images_png/3172.png,Val/Rural/masks_png/3172.png
Val/Rural/3173,Val,Rural,official_val,Val/Rural/images_png/3173.png,Val/Rural/masks_png/3173.png
Val/Rural/3174,Val,Rural,official_val,Val/Rural/images_png/3174.png,Val/Rural/masks_png/3174.png
Val/Rural/3175,Val,Rural,official_val,Val/Rural/images_png/3175.png,Val/Rural/masks_png/3175.png
Val/Rural/3176,Val,Rural,official_val,Val/Rural/images_png/3176.png,Val/Rural/masks_png/3176.png
Val/Rural/3177,Val,Rural,official_val,Val/Rural/images_png/3177.png,Val/Rural/masks_png/3177.png
Val/Rural/3178,Val,Rural,official_val,Val/Rural/images_png/3178.png,Val/Rural/masks_png/3178.png
Val/Rural/3179,Val,Rural,official_val,Val/Rural/images_png/3179.png,Val/Rural/masks_png/3179.png
Val/Rural/3180,Val,Rural,official_val,Val/Rural/images_png/3180.png,Val/Rural/masks_png/3180.png
Val/Rural/3181,Val,Rural,official_val,Val/Rural/images_png/3181.png,Val/Rural/masks_png/3181.png
Val/Rural/3182,Val,Rural,official_val,Val/Rural/images_png/3182.png,Val/Rural/masks_png/3182.png
Val/Rural/3183,Val,Rural,official_val,Val/Rural/images_png/3183.png,Val/Rural/masks_png/3183.png
Val/Rural/3184,Val,Rural,official_val,Val/Rural/images_png/3184.png,Val/Rural/masks_png/3184.png
Val/Rural/3185,Val,Rural,official_val,Val/Rural/images_png/3185.png,Val/Rural/masks_png/3185.png
Val/Rural/3186,Val,Rural,official_val,Val/Rural/images_png/3186.png,Val/Rural/masks_png/3186.png
Val/Rural/3187,Val,Rural,official_val,Val/Rural/images_png/3187.png,Val/Rural/masks_png/3187.png
Val/Rural/3188,Val,Rural,official_val,Val/Rural/images_png/3188.png,Val/Rural/masks_png/3188.png
Val/Rural/3189,Val,Rural,official_val,Val/Rural/images_png/3189.png,Val/Rural/masks_png/3189.png
Val/Rural/3190,Val,Rural,official_val,Val/Rural/images_png/3190.png,Val/Rural/masks_png/3190.png
Val/Rural/3191,Val,Rural,official_val,Val/Rural/images_png/3191.png,Val/Rural/masks_png/3191.png
Val/Rural/3192,Val,Rural,official_val,Val/Rural/images_png/3192.png,Val/Rural/masks_png/3192.png
Val/Rural/3193,Val,Rural,official_val,Val/Rural/images_png/3193.png,Val/Rural/masks_png/3193.png
Val/Rural/3194,Val,Rural,official_val,Val/Rural/images_png/3194.png,Val/Rural/masks_png/3194.png
Val/Rural/3195,Val,Rural,official_val,Val/Rural/images_png/3195.png,Val/Rural/masks_png/3195.png
Val/Rural/3196,Val,Rural,official_val,Val/Rural/images_png/3196.png,Val/Rural/masks_png/3196.png
Val/Rural/3197,Val,Rural,official_val,Val/Rural/images_png/3197.png,Val/Rural/masks_png/3197.png
Val/Rural/3198,Val,Rural,official_val,Val/Rural/images_png/3198.png,Val/Rural/masks_png/3198.png
Val/Rural/3199,Val,Rural,official_val,Val/Rural/images_png/3199.png,Val/Rural/masks_png/3199.png
Val/Rural/3200,Val,Rural,official_val,Val/Rural/images_png/3200.png,Val/Rural/masks_png/3200.png
Val/Rural/3201,Val,Rural,official_val,Val/Rural/images_png/3201.png,Val/Rural/masks_png/3201.png
Val/Rural/3202,Val,Rural,official_val,Val/Rural/images_png/3202.png,Val/Rural/masks_png/3202.png
Val/Rural/3203,Val,Rural,official_val,Val/Rural/images_png/3203.png,Val/Rural/masks_png/3203.png
Val/Rural/3204,Val,Rural,official_val,Val/Rural/images_png/3204.png,Val/Rural/masks_png/3204.png
Val/Rural/3205,Val,Rural,official_val,Val/Rural/images_png/3205.png,Val/Rural/masks_png/3205.png
Val/Rural/3206,Val,Rural,official_val,Val/Rural/images_png/3206.png,Val/Rural/masks_png/3206.png
Val/Rural/3207,Val,Rural,official_val,Val/Rural/images_png/3207.png,Val/Rural/masks_png/3207.png
Val/Rural/3208,Val,Rural,official_val,Val/Rural/images_png/3208.png,Val/Rural/masks_png/3208.png
Val/Rural/3209,Val,Rural,official_val,Val/Rural/images_png/3209.png,Val/Rural/masks_png/3209.png
Val/Rural/3210,Val,Rural,official_val,Val/Rural/images_png/3210.png,Val/Rural/masks_png/3210.png
Val/Rural/3211,Val,Rural,official_val,Val/Rural/images_png/3211.png,Val/Rural/masks_png/3211.png
Val/Rural/3212,Val,Rural,official_val,Val/Rural/images_png/3212.png,Val/Rural/masks_png/3212.png
Val/Rural/3213,Val,Rural,official_val,Val/Rural/images_png/3213.png,Val/Rural/masks_png/3213.png
Val/Rural/3214,Val,Rural,official_val,Val/Rural/images_png/3214.png,Val/Rural/masks_png/3214.png
Val/Rural/3215,Val,Rural,official_val,Val/Rural/images_png/3215.png,Val/Rural/masks_png/3215.png
Val/Rural/3216,Val,Rural,official_val,Val/Rural/images_png/3216.png,Val/Rural/masks_png/3216.png
Val/Rural/3217,Val,Rural,official_val,Val/Rural/images_png/3217.png,Val/Rural/masks_png/3217.png
Val/Rural/3218,Val,Rural,official_val,Val/Rural/images_png/3218.png,Val/Rural/masks_png/3218.png
Val/Rural/3219,Val,Rural,official_val,Val/Rural/images_png/3219.png,Val/Rural/masks_png/3219.png
Val/Rural/3220,Val,Rural,official_val,Val/Rural/images_png/3220.png,Val/Rural/masks_png/3220.png
Val/Rural/3221,Val,Rural,official_val,Val/Rural/images_png/3221.png,Val/Rural/masks_png/3221.png
Val/Rural/3222,Val,Rural,official_val,Val/Rural/images_png/3222.png,Val/Rural/masks_png/3222.png
Val/Rural/3223,Val,Rural,official_val,Val/Rural/images_png/3223.png,Val/Rural/masks_png/3223.png
Val/Rural/3224,Val,Rural,official_val,Val/Rural/images_png/3224.png,Val/Rural/masks_png/3224.png
Val/Rural/3225,Val,Rural,official_val,Val/Rural/images_png/3225.png,Val/Rural/masks_png/3225.png
Val/Rural/3226,Val,Rural,official_val,Val/Rural/images_png/3226.png,Val/Rural/masks_png/3226.png
Val/Rural/3227,Val,Rural,official_val,Val/Rural/images_png/3227.png,Val/Rural/masks_png/3227.png
Val/Rural/3228,Val,Rural,official_val,Val/Rural/images_png/3228.png,Val/Rural/masks_png/3228.png
Val/Rural/3229,Val,Rural,official_val,Val/Rural/images_png/3229.png,Val/Rural/masks_png/3229.png
Val/Rural/3230,Val,Rural,official_val,Val/Rural/images_png/3230.png,Val/Rural/masks_png/3230.png
Val/Rural/3231,Val,Rural,official_val,Val/Rural/images_png/3231.png,Val/Rural/masks_png/3231.png
Val/Rural/3232,Val,Rural,official_val,Val/Rural/images_png/3232.png,Val/Rural/masks_png/3232.png
Val/Rural/3233,Val,Rural,official_val,Val/Rural/images_png/3233.png,Val/Rural/masks_png/3233.png
Val/Rural/3234,Val,Rural,official_val,Val/Rural/images_png/3234.png,Val/Rural/masks_png/3234.png
Val/Rural/3235,Val,Rural,official_val,Val/Rural/images_png/3235.png,Val/Rural/masks_png/3235.png
Val/Rural/3236,Val,Rural,official_val,Val/Rural/images_png/3236.png,Val/Rural/masks_png/3236.png
Val/Rural/3237,Val,Rural,official_val,Val/Rural/images_png/3237.png,Val/Rural/masks_png/3237.png
Val/Rural/3238,Val,Rural,official_val,Val/Rural/images_png/3238.png,Val/Rural/masks_png/3238.png
Val/Rural/3239,Val,Rural,official_val,Val/Rural/images_png/3239.png,Val/Rural/masks_png/3239.png
Val/Rural/3240,Val,Rural,official_val,Val/Rural/images_png/3240.png,Val/Rural/masks_png/3240.png
Val/Rural/3241,Val,Rural,official_val,Val/Rural/images_png/3241.png,Val/Rural/masks_png/3241.png
Val/Rural/3242,Val,Rural,official_val,Val/Rural/images_png/3242.png,Val/Rural/masks_png/3242.png
Val/Rural/3243,Val,Rural,official_val,Val/Rural/images_png/3243.png,Val/Rural/masks_png/3243.png
Val/Rural/3244,Val,Rural,official_val,Val/Rural/images_png/3244.png,Val/Rural/masks_png/3244.png
Val/Rural/3245,Val,Rural,official_val,Val/Rural/images_png/3245.png,Val/Rural/masks_png/3245.png
Val/Rural/3246,Val,Rural,official_val,Val/Rural/images_png/3246.png,Val/Rural/masks_png/3246.png
Val/Rural/3247,Val,Rural,official_val,Val/Rural/images_png/3247.png,Val/Rural/masks_png/3247.png
Val/Rural/3248,Val,Rural,official_val,Val/Rural/images_png/3248.png,Val/Rural/masks_png/3248.png
Val/Rural/3249,Val,Rural,official_val,Val/Rural/images_png/3249.png,Val/Rural/masks_png/3249.png
Val/Rural/3250,Val,Rural,official_val,Val/Rural/images_png/3250.png,Val/Rural/masks_png/3250.png
Val/Rural/3251,Val,Rural,official_val,Val/Rural/images_png/3251.png,Val/Rural/masks_png/3251.png
Val/Rural/3252,Val,Rural,official_val,Val/Rural/images_png/3252.png,Val/Rural/masks_png/3252.png
Val/Rural/3253,Val,Rural,official_val,Val/Rural/images_png/3253.png,Val/Rural/masks_png/3253.png
Val/Rural/3254,Val,Rural,official_val,Val/Rural/images_png/3254.png,Val/Rural/masks_png/3254.png
Val/Rural/3255,Val,Rural,official_val,Val/Rural/images_png/3255.png,Val/Rural/masks_png/3255.png
Val/Rural/3256,Val,Rural,official_val,Val/Rural/images_png/3256.png,Val/Rural/masks_png/3256.png
Val/Rural/3257,Val,Rural,official_val,Val/Rural/images_png/3257.png,Val/Rural/masks_png/3257.png
Val/Rural/3258,Val,Rural,official_val,Val/Rural/images_png/3258.png,Val/Rural/masks_png/3258.png
Val/Rural/3259,Val,Rural,official_val,Val/Rural/images_png/3259.png,Val/Rural/masks_png/3259.png
Val/Rural/3260,Val,Rural,official_val,Val/Rural/images_png/3260.png,Val/Rural/masks_png/3260.png
Val/Rural/3261,Val,Rural,official_val,Val/Rural/images_png/3261.png,Val/Rural/masks_png/3261.png
Val/Rural/3262,Val,Rural,official_val,Val/Rural/images_png/3262.png,Val/Rural/masks_png/3262.png
Val/Rural/3263,Val,Rural,official_val,Val/Rural/images_png/3263.png,Val/Rural/masks_png/3263.png
Val/Rural/3264,Val,Rural,official_val,Val/Rural/images_png/3264.png,Val/Rural/masks_png/3264.png
Val/Rural/3265,Val,Rural,official_val,Val/Rural/images_png/3265.png,Val/Rural/masks_png/3265.png
Val/Rural/3266,Val,Rural,official_val,Val/Rural/images_png/3266.png,Val/Rural/masks_png/3266.png
Val/Rural/3267,Val,Rural,official_val,Val/Rural/images_png/3267.png,Val/Rural/masks_png/3267.png
Val/Rural/3268,Val,Rural,official_val,Val/Rural/images_png/3268.png,Val/Rural/masks_png/3268.png
Val/Rural/3269,Val,Rural,official_val,Val/Rural/images_png/3269.png,Val/Rural/masks_png/3269.png
Val/Rural/3270,Val,Rural,official_val,Val/Rural/images_png/3270.png,Val/Rural/masks_png/3270.png
Val/Rural/3271,Val,Rural,official_val,Val/Rural/images_png/3271.png,Val/Rural/masks_png/3271.png
Val/Rural/3272,Val,Rural,official_val,Val/Rural/images_png/3272.png,Val/Rural/masks_png/3272.png
Val/Rural/3273,Val,Rural,official_val,Val/Rural/images_png/3273.png,Val/Rural/masks_png/3273.png
Val/Rural/3274,Val,Rural,official_val,Val/Rural/images_png/3274.png,Val/Rural/masks_png/3274.png
Val/Rural/3275,Val,Rural,official_val,Val/Rural/images_png/3275.png,Val/Rural/masks_png/3275.png
Val/Rural/3276,Val,Rural,official_val,Val/Rural/images_png/3276.png,Val/Rural/masks_png/3276.png
Val/Rural/3277,Val,Rural,official_val,Val/Rural/images_png/3277.png,Val/Rural/masks_png/3277.png
Val/Rural/3278,Val,Rural,official_val,Val/Rural/images_png/3278.png,Val/Rural/masks_png/3278.png
Val/Rural/3279,Val,Rural,official_val,Val/Rural/images_png/3279.png,Val/Rural/masks_png/3279.png
Val/Rural/3280,Val,Rural,official_val,Val/Rural/images_png/3280.png,Val/Rural/masks_png/3280.png
Val/Rural/3281,Val,Rural,official_val,Val/Rural/images_png/3281.png,Val/Rural/masks_png/3281.png
Val/Rural/3282,Val,Rural,official_val,Val/Rural/images_png/3282.png,Val/Rural/masks_png/3282.png
Val/Rural/3283,Val,Rural,official_val,Val/Rural/images_png/3283.png,Val/Rural/masks_png/3283.png
Val/Rural/3284,Val,Rural,official_val,Val/Rural/images_png/3284.png,Val/Rural/masks_png/3284.png
Val/Rural/3285,Val,Rural,official_val,Val/Rural/images_png/3285.png,Val/Rural/masks_png/3285.png
Val/Rural/3286,Val,Rural,official_val,Val/Rural/images_png/3286.png,Val/Rural/masks_png/3286.png
Val/Rural/3287,Val,Rural,official_val,Val/Rural/images_png/3287.png,Val/Rural/masks_png/3287.png
Val/Rural/3288,Val,Rural,official_val,Val/Rural/images_png/3288.png,Val/Rural/masks_png/3288.png
Val/Rural/3289,Val,Rural,official_val,Val/Rural/images_png/3289.png,Val/Rural/masks_png/3289.png
Val/Rural/3290,Val,Rural,official_val,Val/Rural/images_png/3290.png,Val/Rural/masks_png/3290.png
Val/Rural/3291,Val,Rural,official_val,Val/Rural/images_png/3291.png,Val/Rural/masks_png/3291.png
Val/Rural/3292,Val,Rural,official_val,Val/Rural/images_png/3292.png,Val/Rural/masks_png/3292.png
Val/Rural/3293,Val,Rural,official_val,Val/Rural/images_png/3293.png,Val/Rural/masks_png/3293.png
Val/Rural/3294,Val,Rural,official_val,Val/Rural/images_png/3294.png,Val/Rural/masks_png/3294.png
Val/Rural/3295,Val,Rural,official_val,Val/Rural/images_png/3295.png,Val/Rural/masks_png/3295.png
Val/Rural/3296,Val,Rural,official_val,Val/Rural/images_png/3296.png,Val/Rural/masks_png/3296.png
Val/Rural/3297,Val,Rural,official_val,Val/Rural/images_png/3297.png,Val/Rural/masks_png/3297.png
Val/Rural/3298,Val,Rural,official_val,Val/Rural/images_png/3298.png,Val/Rural/masks_png/3298.png
Val/Rural/3299,Val,Rural,official_val,Val/Rural/images_png/3299.png,Val/Rural/masks_png/3299.png
Val/Rural/3300,Val,Rural,official_val,Val/Rural/images_png/3300.png,Val/Rural/masks_png/3300.png
Val/Rural/3301,Val,Rural,official_val,Val/Rural/images_png/3301.png,Val/Rural/masks_png/3301.png
Val/Rural/3302,Val,Rural,official_val,Val/Rural/images_png/3302.png,Val/Rural/masks_png/3302.png
Val/Rural/3303,Val,Rural,official_val,Val/Rural/images_png/3303.png,Val/Rural/masks_png/3303.png
Val/Rural/3304,Val,Rural,official_val,Val/Rural/images_png/3304.png,Val/Rural/masks_png/3304.png
Val/Rural/3305,Val,Rural,official_val,Val/Rural/images_png/3305.png,Val/Rural/masks_png/3305.png
Val/Rural/3306,Val,Rural,official_val,Val/Rural/images_png/3306.png,Val/Rural/masks_png/3306.png
Val/Rural/3307,Val,Rural,official_val,Val/Rural/images_png/3307.png,Val/Rural/masks_png/3307.png
Val/Rural/3308,Val,Rural,official_val,Val/Rural/images_png/3308.png,Val/Rural/masks_png/3308.png
Val/Rural/3309,Val,Rural,official_val,Val/Rural/images_png/3309.png,Val/Rural/masks_png/3309.png
Val/Rural/3310,Val,Rural,official_val,Val/Rural/images_png/3310.png,Val/Rural/masks_png/3310.png
Val/Rural/3311,Val,Rural,official_val,Val/Rural/images_png/3311.png,Val/Rural/masks_png/3311.png
Val/Rural/3312,Val,Rural,official_val,Val/Rural/images_png/3312.png,Val/Rural/masks_png/3312.png
Val/Rural/3313,Val,Rural,official_val,Val/Rural/images_png/3313.png,Val/Rural/masks_png/3313.png
Val/Rural/3314,Val,Rural,official_val,Val/Rural/images_png/3314.png,Val/Rural/masks_png/3314.png
Val/Rural/3315,Val,Rural,official_val,Val/Rural/images_png/3315.png,Val/Rural/masks_png/3315.png
Val/Rural/3316,Val,Rural,official_val,Val/Rural/images_png/3316.png,Val/Rural/masks_png/3316.png
Val/Rural/3317,Val,Rural,official_val,Val/Rural/images_png/3317.png,Val/Rural/masks_png/3317.png
Val/Rural/3318,Val,Rural,official_val,Val/Rural/images_png/3318.png,Val/Rural/masks_png/3318.png
Val/Rural/3319,Val,Rural,official_val,Val/Rural/images_png/3319.png,Val/Rural/masks_png/3319.png
Val/Rural/3320,Val,Rural,official_val,Val/Rural/images_png/3320.png,Val/Rural/masks_png/3320.png
Val/Rural/3321,Val,Rural,official_val,Val/Rural/images_png/3321.png,Val/Rural/masks_png/3321.png
Val/Rural/3322,Val,Rural,official_val,Val/Rural/images_png/3322.png,Val/Rural/masks_png/3322.png
Val/Rural/3323,Val,Rural,official_val,Val/Rural/images_png/3323.png,Val/Rural/masks_png/3323.png
Val/Rural/3324,Val,Rural,official_val,Val/Rural/images_png/3324.png,Val/Rural/masks_png/3324.png
Val/Rural/3325,Val,Rural,official_val,Val/Rural/images_png/3325.png,Val/Rural/masks_png/3325.png
Val/Rural/3326,Val,Rural,official_val,Val/Rural/images_png/3326.png,Val/Rural/masks_png/3326.png
Val/Rural/3327,Val,Rural,official_val,Val/Rural/images_png/3327.png,Val/Rural/masks_png/3327.png
Val/Rural/3328,Val,Rural,official_val,Val/Rural/images_png/3328.png,Val/Rural/masks_png/3328.png
Val/Rural/3329,Val,Rural,official_val,Val/Rural/images_png/3329.png,Val/Rural/masks_png/3329.png
Val/Rural/3330,Val,Rural,official_val,Val/Rural/images_png/3330.png,Val/Rural/masks_png/3330.png
Val/Rural/3331,Val,Rural,official_val,Val/Rural/images_png/3331.png,Val/Rural/masks_png/3331.png
Val/Rural/3332,Val,Rural,official_val,Val/Rural/images_png/3332.png,Val/Rural/masks_png/3332.png
Val/Rural/3333,Val,Rural,official_val,Val/Rural/images_png/3333.png,Val/Rural/masks_png/3333.png
Val/Rural/3334,Val,Rural,official_val,Val/Rural/images_png/3334.png,Val/Rural/masks_png/3334.png
Val/Rural/3335,Val,Rural,official_val,Val/Rural/images_png/3335.png,Val/Rural/masks_png/3335.png
Val/Rural/3336,Val,Rural,official_val,Val/Rural/images_png/3336.png,Val/Rural/masks_png/3336.png
Val/Rural/3337,Val,Rural,official_val,Val/Rural/images_png/3337.png,Val/Rural/masks_png/3337.png
Val/Rural/3338,Val,Rural,official_val,Val/Rural/images_png/3338.png,Val/Rural/masks_png/3338.png
Val/Rural/3339,Val,Rural,official_val,Val/Rural/images_png/3339.png,Val/Rural/masks_png/3339.png
Val/Rural/3340,Val,Rural,official_val,Val/Rural/images_png/3340.png,Val/Rural/masks_png/3340.png
Val/Rural/3341,Val,Rural,official_val,Val/Rural/images_png/3341.png,Val/Rural/masks_png/3341.png
Val/Rural/3342,Val,Rural,official_val,Val/Rural/images_png/3342.png,Val/Rural/masks_png/3342.png
Val/Rural/3343,Val,Rural,official_val,Val/Rural/images_png/3343.png,Val/Rural/masks_png/3343.png
Val/Rural/3344,Val,Rural,official_val,Val/Rural/images_png/3344.png,Val/Rural/masks_png/3344.png
Val/Rural/3345,Val,Rural,official_val,Val/Rural/images_png/3345.png,Val/Rural/masks_png/3345.png
Val/Rural/3346,Val,Rural,official_val,Val/Rural/images_png/3346.png,Val/Rural/masks_png/3346.png
Val/Rural/3347,Val,Rural,official_val,Val/Rural/images_png/3347.png,Val/Rural/masks_png/3347.png
Val/Rural/3348,Val,Rural,official_val,Val/Rural/images_png/3348.png,Val/Rural/masks_png/3348.png
Val/Rural/3349,Val,Rural,official_val,Val/Rural/images_png/3349.png,Val/Rural/masks_png/3349.png
Val/Rural/3350,Val,Rural,official_val,Val/Rural/images_png/3350.png,Val/Rural/masks_png/3350.png
Val/Rural/3351,Val,Rural,official_val,Val/Rural/images_png/3351.png,Val/Rural/masks_png/3351.png
Val/Rural/3352,Val,Rural,official_val,Val/Rural/images_png/3352.png,Val/Rural/masks_png/3352.png
Val/Rural/3353,Val,Rural,official_val,Val/Rural/images_png/3353.png,Val/Rural/masks_png/3353.png
Val/Rural/3354,Val,Rural,official_val,Val/Rural/images_png/3354.png,Val/Rural/masks_png/3354.png
Val/Rural/3355,Val,Rural,official_val,Val/Rural/images_png/3355.png,Val/Rural/masks_png/3355.png
Val/Rural/3356,Val,Rural,official_val,Val/Rural/images_png/3356.png,Val/Rural/masks_png/3356.png
Val/Rural/3357,Val,Rural,official_val,Val/Rural/images_png/3357.png,Val/Rural/masks_png/3357.png
Val/Rural/3358,Val,Rural,official_val,Val/Rural/images_png/3358.png,Val/Rural/masks_png/3358.png
Val/Rural/3359,Val,Rural,official_val,Val/Rural/images_png/3359.png,Val/Rural/masks_png/3359.png
Val/Rural/3360,Val,Rural,official_val,Val/Rural/images_png/3360.png,Val/Rural/masks_png/3360.png
Val/Rural/3361,Val,Rural,official_val,Val/Rural/images_png/3361.png,Val/Rural/masks_png/3361.png
Val/Rural/3362,Val,Rural,official_val,Val/Rural/images_png/3362.png,Val/Rural/masks_png/3362.png
Val/Rural/3363,Val,Rural,official_val,Val/Rural/images_png/3363.png,Val/Rural/masks_png/3363.png
Val/Rural/3364,Val,Rural,official_val,Val/Rural/images_png/3364.png,Val/Rural/masks_png/3364.png
Val/Rural/3365,Val,Rural,official_val,Val/Rural/images_png/3365.png,Val/Rural/masks_png/3365.png
Val/Rural/3366,Val,Rural,official_val,Val/Rural/images_png/3366.png,Val/Rural/masks_png/3366.png
Val/Rural/3367,Val,Rural,official_val,Val/Rural/images_png/3367.png,Val/Rural/masks_png/3367.png
Val/Rural/3368,Val,Rural,official_val,Val/Rural/images_png/3368.png,Val/Rural/masks_png/3368.png
Val/Rural/3369,Val,Rural,official_val,Val/Rural/images_png/3369.png,Val/Rural/masks_png/3369.png
Val/Rural/3370,Val,Rural,official_val,Val/Rural/images_png/3370.png,Val/Rural/masks_png/3370.png
Val/Rural/3371,Val,Rural,official_val,Val/Rural/images_png/3371.png,Val/Rural/masks_png/3371.png
Val/Rural/3372,Val,Rural,official_val,Val/Rural/images_png/3372.png,Val/Rural/masks_png/3372.png
Val/Rural/3373,Val,Rural,official_val,Val/Rural/images_png/3373.png,Val/Rural/masks_png/3373.png
Val/Rural/3374,Val,Rural,official_val,Val/Rural/images_png/3374.png,Val/Rural/masks_png/3374.png
Val/Rural/3375,Val,Rural,official_val,Val/Rural/images_png/3375.png,Val/Rural/masks_png/3375.png
Val/Rural/3376,Val,Rural,official_val,Val/Rural/images_png/3376.png,Val/Rural/masks_png/3376.png
Val/Rural/3377,Val,Rural,official_val,Val/Rural/images_png/3377.png,Val/Rural/masks_png/3377.png
Val/Rural/3378,Val,Rural,official_val,Val/Rural/images_png/3378.png,Val/Rural/masks_png/3378.png
Val/Rural/3379,Val,Rural,official_val,Val/Rural/images_png/3379.png,Val/Rural/masks_png/3379.png
Val/Rural/3380,Val,Rural,official_val,Val/Rural/images_png/3380.png,Val/Rural/masks_png/3380.png
Val/Rural/3381,Val,Rural,official_val,Val/Rural/images_png/3381.png,Val/Rural/masks_png/3381.png
Val/Rural/3382,Val,Rural,official_val,Val/Rural/images_png/3382.png,Val/Rural/masks_png/3382.png
Val/Rural/3383,Val,Rural,official_val,Val/Rural/images_png/3383.png,Val/Rural/masks_png/3383.png
Val/Rural/3384,Val,Rural,official_val,Val/Rural/images_png/3384.png,Val/Rural/masks_png/3384.png
Val/Rural/3385,Val,Rural,official_val,Val/Rural/images_png/3385.png,Val/Rural/masks_png/3385.png
Val/Rural/3386,Val,Rural,official_val,Val/Rural/images_png/3386.png,Val/Rural/masks_png/3386.png
Val/Rural/3387,Val,Rural,official_val,Val/Rural/images_png/3387.png,Val/Rural/masks_png/3387.png
Val/Rural/3388,Val,Rural,official_val,Val/Rural/images_png/3388.png,Val/Rural/masks_png/3388.png
Val/Rural/3389,Val,Rural,official_val,Val/Rural/images_png/3389.png,Val/Rural/masks_png/3389.png
Val/Rural/3390,Val,Rural,official_val,Val/Rural/images_png/3390.png,Val/Rural/masks_png/3390.png
Val/Rural/3391,Val,Rural,official_val,Val/Rural/images_png/3391.png,Val/Rural/masks_png/3391.png
Val/Rural/3392,Val,Rural,official_val,Val/Rural/images_png/3392.png,Val/Rural/masks_png/3392.png
Val/Rural/3393,Val,Rural,official_val,Val/Rural/images_png/3393.png,Val/Rural/masks_png/3393.png
Val/Rural/3394,Val,Rural,official_val,Val/Rural/images_png/3394.png,Val/Rural/masks_png/3394.png
Val/Rural/3395,Val,Rural,official_val,Val/Rural/images_png/3395.png,Val/Rural/masks_png/3395.png
Val/Rural/3396,Val,Rural,official_val,Val/Rural/images_png/3396.png,Val/Rural/masks_png/3396.png
Val/Rural/3397,Val,Rural,official_val,Val/Rural/images_png/3397.png,Val/Rural/masks_png/3397.png
Val/Rural/3398,Val,Rural,official_val,Val/Rural/images_png/3398.png,Val/Rural/masks_png/3398.png
Val/Rural/3399,Val,Rural,official_val,Val/Rural/images_png/3399.png,Val/Rural/masks_png/3399.png
Val/Rural/3400,Val,Rural,official_val,Val/Rural/images_png/3400.png,Val/Rural/masks_png/3400.png
Val/Rural/3401,Val,Rural,official_val,Val/Rural/images_png/3401.png,Val/Rural/masks_png/3401.png
Val/Rural/3402,Val,Rural,official_val,Val/Rural/images_png/3402.png,Val/Rural/masks_png/3402.png
Val/Rural/3403,Val,Rural,official_val,Val/Rural/images_png/3403.png,Val/Rural/masks_png/3403.png
Val/Rural/3404,Val,Rural,official_val,Val/Rural/images_png/3404.png,Val/Rural/masks_png/3404.png
Val/Rural/3405,Val,Rural,official_val,Val/Rural/images_png/3405.png,Val/Rural/masks_png/3405.png
Val/Rural/3406,Val,Rural,official_val,Val/Rural/images_png/3406.png,Val/Rural/masks_png/3406.png
Val/Rural/3407,Val,Rural,official_val,Val/Rural/images_png/3407.png,Val/Rural/masks_png/3407.png
Val/Rural/3408,Val,Rural,official_val,Val/Rural/images_png/3408.png,Val/Rural/masks_png/3408.png
Val/Rural/3409,Val,Rural,official_val,Val/Rural/images_png/3409.png,Val/Rural/masks_png/3409.png
Val/Rural/3410,Val,Rural,official_val,Val/Rural/images_png/3410.png,Val/Rural/masks_png/3410.png
Val/Rural/3411,Val,Rural,official_val,Val/Rural/images_png/3411.png,Val/Rural/masks_png/3411.png
Val/Rural/3412,Val,Rural,official_val,Val/Rural/images_png/3412.png,Val/Rural/masks_png/3412.png
Val/Rural/3413,Val,Rural,official_val,Val/Rural/images_png/3413.png,Val/Rural/masks_png/3413.png
Val/Rural/3414,Val,Rural,official_val,Val/Rural/images_png/3414.png,Val/Rural/masks_png/3414.png
Val/Rural/3415,Val,Rural,official_val,Val/Rural/images_png/3415.png,Val/Rural/masks_png/3415.png
Val/Rural/3416,Val,Rural,official_val,Val/Rural/images_png/3416.png,Val/Rural/masks_png/3416.png
Val/Rural/3417,Val,Rural,official_val,Val/Rural/images_png/3417.png,Val/Rural/masks_png/3417.png
Val/Rural/3418,Val,Rural,official_val,Val/Rural/images_png/3418.png,Val/Rural/masks_png/3418.png
Val/Rural/3419,Val,Rural,official_val,Val/Rural/images_png/3419.png,Val/Rural/masks_png/3419.png
Val/Rural/3420,Val,Rural,official_val,Val/Rural/images_png/3420.png,Val/Rural/masks_png/3420.png
Val/Rural/3421,Val,Rural,official_val,Val/Rural/images_png/3421.png,Val/Rural/masks_png/3421.png
Val/Rural/3422,Val,Rural,official_val,Val/Rural/images_png/3422.png,Val/Rural/masks_png/3422.png
Val/Rural/3423,Val,Rural,official_val,Val/Rural/images_png/3423.png,Val/Rural/masks_png/3423.png
Val/Rural/3424,Val,Rural,official_val,Val/Rural/images_png/3424.png,Val/Rural/masks_png/3424.png
Val/Rural/3425,Val,Rural,official_val,Val/Rural/images_png/3425.png,Val/Rural/masks_png/3425.png
Val/Rural/3426,Val,Rural,official_val,Val/Rural/images_png/3426.png,Val/Rural/masks_png/3426.png
Val/Rural/3427,Val,Rural,official_val,Val/Rural/images_png/3427.png,Val/Rural/masks_png/3427.png
Val/Rural/3428,Val,Rural,official_val,Val/Rural/images_png/3428.png,Val/Rural/masks_png/3428.png
Val/Rural/3429,Val,Rural,official_val,Val/Rural/images_png/3429.png,Val/Rural/masks_png/3429.png
Val/Rural/3430,Val,Rural,official_val,Val/Rural/images_png/3430.png,Val/Rural/masks_png/3430.png
Val/Rural/3431,Val,Rural,official_val,Val/Rural/images_png/3431.png,Val/Rural/masks_png/3431.png
Val/Rural/3432,Val,Rural,official_val,Val/Rural/images_png/3432.png,Val/Rural/masks_png/3432.png
Val/Rural/3433,Val,Rural,official_val,Val/Rural/images_png/3433.png,Val/Rural/masks_png/3433.png
Val/Rural/3434,Val,Rural,official_val,Val/Rural/images_png/3434.png,Val/Rural/masks_png/3434.png
Val/Rural/3435,Val,Rural,official_val,Val/Rural/images_png/3435.png,Val/Rural/masks_png/3435.png
Val/Rural/3436,Val,Rural,official_val,Val/Rural/images_png/3436.png,Val/Rural/masks_png/3436.png
Val/Rural/3437,Val,Rural,official_val,Val/Rural/images_png/3437.png,Val/Rural/masks_png/3437.png
Val/Rural/3438,Val,Rural,official_val,Val/Rural/images_png/3438.png,Val/Rural/masks_png/3438.png
Val/Rural/3439,Val,Rural,official_val,Val/Rural/images_png/3439.png,Val/Rural/masks_png/3439.png
Val/Rural/3440,Val,Rural,official_val,Val/Rural/images_png/3440.png,Val/Rural/masks_png/3440.png
Val/Rural/3441,Val,Rural,official_val,Val/Rural/images_png/3441.png,Val/Rural/masks_png/3441.png
Val/Rural/3442,Val,Rural,official_val,Val/Rural/images_png/3442.png,Val/Rural/masks_png/3442.png
Val/Rural/3443,Val,Rural,official_val,Val/Rural/images_png/3443.png,Val/Rural/masks_png/3443.png
Val/Rural/3444,Val,Rural,official_val,Val/Rural/images_png/3444.png,Val/Rural/masks_png/3444.png
Val/Rural/3445,Val,Rural,official_val,Val/Rural/images_png/3445.png,Val/Rural/masks_png/3445.png
Val/Rural/3446,Val,Rural,official_val,Val/Rural/images_png/3446.png,Val/Rural/masks_png/3446.png
Val/Rural/3447,Val,Rural,official_val,Val/Rural/images_png/3447.png,Val/Rural/masks_png/3447.png
Val/Rural/3448,Val,Rural,official_val,Val/Rural/images_png/3448.png,Val/Rural/masks_png/3448.png
Val/Rural/3449,Val,Rural,official_val,Val/Rural/images_png/3449.png,Val/Rural/masks_png/3449.png
Val/Rural/3450,Val,Rural,official_val,Val/Rural/images_png/3450.png,Val/Rural/masks_png/3450.png
Val/Rural/3451,Val,Rural,official_val,Val/Rural/images_png/3451.png,Val/Rural/masks_png/3451.png
Val/Rural/3452,Val,Rural,official_val,Val/Rural/images_png/3452.png,Val/Rural/masks_png/3452.png
Val/Rural/3453,Val,Rural,official_val,Val/Rural/images_png/3453.png,Val/Rural/masks_png/3453.png
Val/Rural/3454,Val,Rural,official_val,Val/Rural/images_png/3454.png,Val/Rural/masks_png/3454.png
Val/Rural/3455,Val,Rural,official_val,Val/Rural/images_png/3455.png,Val/Rural/masks_png/3455.png
Val/Rural/3456,Val,Rural,official_val,Val/Rural/images_png/3456.png,Val/Rural/masks_png/3456.png
Val/Rural/3457,Val,Rural,official_val,Val/Rural/images_png/3457.png,Val/Rural/masks_png/3457.png
Val/Rural/3458,Val,Rural,official_val,Val/Rural/images_png/3458.png,Val/Rural/masks_png/3458.png
Val/Rural/3459,Val,Rural,official_val,Val/Rural/images_png/3459.png,Val/Rural/masks_png/3459.png
Val/Rural/3460,Val,Rural,official_val,Val/Rural/images_png/3460.png,Val/Rural/masks_png/3460.png
Val/Rural/3461,Val,Rural,official_val,Val/Rural/images_png/3461.png,Val/Rural/masks_png/3461.png
Val/Rural/3462,Val,Rural,official_val,Val/Rural/images_png/3462.png,Val/Rural/masks_png/3462.png
Val/Rural/3463,Val,Rural,official_val,Val/Rural/images_png/3463.png,Val/Rural/masks_png/3463.png
Val/Rural/3464,Val,Rural,official_val,Val/Rural/images_png/3464.png,Val/Rural/masks_png/3464.png
Val/Rural/3465,Val,Rural,official_val,Val/Rural/images_png/3465.png,Val/Rural/masks_png/3465.png
Val/Rural/3466,Val,Rural,official_val,Val/Rural/images_png/3466.png,Val/Rural/masks_png/3466.png
Val/Rural/3467,Val,Rural,official_val,Val/Rural/images_png/3467.png,Val/Rural/masks_png/3467.png
Val/Rural/3468,Val,Rural,official_val,Val/Rural/images_png/3468.png,Val/Rural/masks_png/3468.png
Val/Rural/3469,Val,Rural,official_val,Val/Rural/images_png/3469.png,Val/Rural/masks_png/3469.png
Val/Rural/3470,Val,Rural,official_val,Val/Rural/images_png/3470.png,Val/Rural/masks_png/3470.png
Val/Rural/3471,Val,Rural,official_val,Val/Rural/images_png/3471.png,Val/Rural/masks_png/3471.png
Val/Rural/3472,Val,Rural,official_val,Val/Rural/images_png/3472.png,Val/Rural/masks_png/3472.png
Val/Rural/3473,Val,Rural,official_val,Val/Rural/images_png/3473.png,Val/Rural/masks_png/3473.png
Val/Rural/3474,Val,Rural,official_val,Val/Rural/images_png/3474.png,Val/Rural/masks_png/3474.png
Val/Rural/3475,Val,Rural,official_val,Val/Rural/images_png/3475.png,Val/Rural/masks_png/3475.png
Val/Rural/3476,Val,Rural,official_val,Val/Rural/images_png/3476.png,Val/Rural/masks_png/3476.png
Val/Rural/3477,Val,Rural,official_val,Val/Rural/images_png/3477.png,Val/Rural/masks_png/3477.png
Val/Rural/3478,Val,Rural,official_val,Val/Rural/images_png/3478.png,Val/Rural/masks_png/3478.png
Val/Rural/3479,Val,Rural,official_val,Val/Rural/images_png/3479.png,Val/Rural/masks_png/3479.png
Val/Rural/3480,Val,Rural,official_val,Val/Rural/images_png/3480.png,Val/Rural/masks_png/3480.png
Val/Rural/3481,Val,Rural,official_val,Val/Rural/images_png/3481.png,Val/Rural/masks_png/3481.png
Val/Rural/3482,Val,Rural,official_val,Val/Rural/images_png/3482.png,Val/Rural/masks_png/3482.png
Val/Rural/3483,Val,Rural,official_val,Val/Rural/images_png/3483.png,Val/Rural/masks_png/3483.png
Val/Rural/3484,Val,Rural,official_val,Val/Rural/images_png/3484.png,Val/Rural/masks_png/3484.png
Val/Rural/3485,Val,Rural,official_val,Val/Rural/images_png/3485.png,Val/Rural/masks_png/3485.png
Val/Rural/3486,Val,Rural,official_val,Val/Rural/images_png/3486.png,Val/Rural/masks_png/3486.png
Val/Rural/3487,Val,Rural,official_val,Val/Rural/images_png/3487.png,Val/Rural/masks_png/3487.png
Val/Rural/3488,Val,Rural,official_val,Val/Rural/images_png/3488.png,Val/Rural/masks_png/3488.png
Val/Rural/3489,Val,Rural,official_val,Val/Rural/images_png/3489.png,Val/Rural/masks_png/3489.png
Val/Rural/3490,Val,Rural,official_val,Val/Rural/images_png/3490.png,Val/Rural/masks_png/3490.png
Val/Rural/3491,Val,Rural,official_val,Val/Rural/images_png/3491.png,Val/Rural/masks_png/3491.png
Val/Rural/3492,Val,Rural,official_val,Val/Rural/images_png/3492.png,Val/Rural/masks_png/3492.png
Val/Rural/3493,Val,Rural,official_val,Val/Rural/images_png/3493.png,Val/Rural/masks_png/3493.png
Val/Rural/3494,Val,Rural,official_val,Val/Rural/images_png/3494.png,Val/Rural/masks_png/3494.png
Val/Rural/3495,Val,Rural,official_val,Val/Rural/images_png/3495.png,Val/Rural/masks_png/3495.png
Val/Rural/3496,Val,Rural,official_val,Val/Rural/images_png/3496.png,Val/Rural/masks_png/3496.png
Val/Rural/3497,Val,Rural,official_val,Val/Rural/images_png/3497.png,Val/Rural/masks_png/3497.png
Val/Rural/3498,Val,Rural,official_val,Val/Rural/images_png/3498.png,Val/Rural/masks_png/3498.png
Val/Rural/3499,Val,Rural,official_val,Val/Rural/images_png/3499.png,Val/Rural/masks_png/3499.png
Val/Rural/3500,Val,Rural,official_val,Val/Rural/images_png/3500.png,Val/Rural/masks_png/3500.png
Val/Rural/3501,Val,Rural,official_val,Val/Rural/images_png/3501.png,Val/Rural/masks_png/3501.png
Val/Rural/3502,Val,Rural,official_val,Val/Rural/images_png/3502.png,Val/Rural/masks_png/3502.png
Val/Rural/3503,Val,Rural,official_val,Val/Rural/images_png/3503.png,Val/Rural/masks_png/3503.png
Val/Rural/3504,Val,Rural,official_val,Val/Rural/images_png/3504.png,Val/Rural/masks_png/3504.png
Val/Rural/3505,Val,Rural,official_val,Val/Rural/images_png/3505.png,Val/Rural/masks_png/3505.png
Val/Rural/3506,Val,Rural,official_val,Val/Rural/images_png/3506.png,Val/Rural/masks_png/3506.png
Val/Rural/3507,Val,Rural,official_val,Val/Rural/images_png/3507.png,Val/Rural/masks_png/3507.png
Val/Rural/3508,Val,Rural,official_val,Val/Rural/images_png/3508.png,Val/Rural/masks_png/3508.png
Val/Rural/3509,Val,Rural,official_val,Val/Rural/images_png/3509.png,Val/Rural/masks_png/3509.png
Val/Rural/3510,Val,Rural,official_val,Val/Rural/images_png/3510.png,Val/Rural/masks_png/3510.png
Val/Rural/3511,Val,Rural,official_val,Val/Rural/images_png/3511.png,Val/Rural/masks_png/3511.png
Val/Rural/3512,Val,Rural,official_val,Val/Rural/images_png/3512.png,Val/Rural/masks_png/3512.png
Val/Rural/3513,Val,Rural,official_val,Val/Rural/images_png/3513.png,Val/Rural/masks_png/3513.png
Val/Urban/3514,Val,Urban,official_val,Val/Urban/images_png/3514.png,Val/Urban/masks_png/3514.png
Val/Urban/3515,Val,Urban,official_val,Val/Urban/images_png/3515.png,Val/Urban/masks_png/3515.png
Val/Urban/3516,Val,Urban,official_val,Val/Urban/images_png/3516.png,Val/Urban/masks_png/3516.png
Val/Urban/3517,Val,Urban,official_val,Val/Urban/images_png/3517.png,Val/Urban/masks_png/3517.png
Val/Urban/3518,Val,Urban,official_val,Val/Urban/images_png/3518.png,Val/Urban/masks_png/3518.png
Val/Urban/3519,Val,Urban,official_val,Val/Urban/images_png/3519.png,Val/Urban/masks_png/3519.png
Val/Urban/3520,Val,Urban,official_val,Val/Urban/images_png/3520.png,Val/Urban/masks_png/3520.png
Val/Urban/3521,Val,Urban,official_val,Val/Urban/images_png/3521.png,Val/Urban/masks_png/3521.png
Val/Urban/3522,Val,Urban,official_val,Val/Urban/images_png/3522.png,Val/Urban/masks_png/3522.png
Val/Urban/3523,Val,Urban,official_val,Val/Urban/images_png/3523.png,Val/Urban/masks_png/3523.png
Val/Urban/3524,Val,Urban,official_val,Val/Urban/images_png/3524.png,Val/Urban/masks_png/3524.png
Val/Urban/3525,Val,Urban,official_val,Val/Urban/images_png/3525.png,Val/Urban/masks_png/3525.png
Val/Urban/3526,Val,Urban,official_val,Val/Urban/images_png/3526.png,Val/Urban/masks_png/3526.png
Val/Urban/3527,Val,Urban,official_val,Val/Urban/images_png/3527.png,Val/Urban/masks_png/3527.png
Val/Urban/3528,Val,Urban,official_val,Val/Urban/images_png/3528.png,Val/Urban/masks_png/3528.png
Val/Urban/3529,Val,Urban,official_val,Val/Urban/images_png/3529.png,Val/Urban/masks_png/3529.png
Val/Urban/3530,Val,Urban,official_val,Val/Urban/images_png/3530.png,Val/Urban/masks_png/3530.png
Val/Urban/3531,Val,Urban,official_val,Val/Urban/images_png/3531.png,Val/Urban/masks_png/3531.png
Val/Urban/3532,Val,Urban,official_val,Val/Urban/images_png/3532.png,Val/Urban/masks_png/3532.png
Val/Urban/3533,Val,Urban,official_val,Val/Urban/images_png/3533.png,Val/Urban/masks_png/3533.png
Val/Urban/3534,Val,Urban,official_val,Val/Urban/images_png/3534.png,Val/Urban/masks_png/3534.png
Val/Urban/3535,Val,Urban,official_val,Val/Urban/images_png/3535.png,Val/Urban/masks_png/3535.png
Val/Urban/3536,Val,Urban,official_val,Val/Urban/images_png/3536.png,Val/Urban/masks_png/3536.png
Val/Urban/3537,Val,Urban,official_val,Val/Urban/images_png/3537.png,Val/Urban/masks_png/3537.png
Val/Urban/3538,Val,Urban,official_val,Val/Urban/images_png/3538.png,Val/Urban/masks_png/3538.png
Val/Urban/3539,Val,Urban,official_val,Val/Urban/images_png/3539.png,Val/Urban/masks_png/3539.png
Val/Urban/3540,Val,Urban,official_val,Val/Urban/images_png/3540.png,Val/Urban/masks_png/3540.png
Val/Urban/3541,Val,Urban,official_val,Val/Urban/images_png/3541.png,Val/Urban/masks_png/3541.png
Val/Urban/3542,Val,Urban,official_val,Val/Urban/images_png/3542.png,Val/Urban/masks_png/3542.png
Val/Urban/3543,Val,Urban,official_val,Val/Urban/images_png/3543.png,Val/Urban/masks_png/3543.png
Val/Urban/3544,Val,Urban,official_val,Val/Urban/images_png/3544.png,Val/Urban/masks_png/3544.png
Val/Urban/3545,Val,Urban,official_val,Val/Urban/images_png/3545.png,Val/Urban/masks_png/3545.png
Val/Urban/3546,Val,Urban,official_val,Val/Urban/images_png/3546.png,Val/Urban/masks_png/3546.png
Val/Urban/3547,Val,Urban,official_val,Val/Urban/images_png/3547.png,Val/Urban/masks_png/3547.png
Val/Urban/3548,Val,Urban,official_val,Val/Urban/images_png/3548.png,Val/Urban/masks_png/3548.png
Val/Urban/3549,Val,Urban,official_val,Val/Urban/images_png/3549.png,Val/Urban/masks_png/3549.png
Val/Urban/3550,Val,Urban,official_val,Val/Urban/images_png/3550.png,Val/Urban/masks_png/3550.png
Val/Urban/3551,Val,Urban,official_val,Val/Urban/images_png/3551.png,Val/Urban/masks_png/3551.png
Val/Urban/3552,Val,Urban,official_val,Val/Urban/images_png/3552.png,Val/Urban/masks_png/3552.png
Val/Urban/3553,Val,Urban,official_val,Val/Urban/images_png/3553.png,Val/Urban/masks_png/3553.png
Val/Urban/3554,Val,Urban,official_val,Val/Urban/images_png/3554.png,Val/Urban/masks_png/3554.png
Val/Urban/3555,Val,Urban,official_val,Val/Urban/images_png/3555.png,Val/Urban/masks_png/3555.png
Val/Urban/3556,Val,Urban,official_val,Val/Urban/images_png/3556.png,Val/Urban/masks_png/3556.png
Val/Urban/3557,Val,Urban,official_val,Val/Urban/images_png/3557.png,Val/Urban/masks_png/3557.png
Val/Urban/3558,Val,Urban,official_val,Val/Urban/images_png/3558.png,Val/Urban/masks_png/3558.png
Val/Urban/3559,Val,Urban,official_val,Val/Urban/images_png/3559.png,Val/Urban/masks_png/3559.png
Val/Urban/3560,Val,Urban,official_val,Val/Urban/images_png/3560.png,Val/Urban/masks_png/3560.png
Val/Urban/3561,Val,Urban,official_val,Val/Urban/images_png/3561.png,Val/Urban/masks_png/3561.png
Val/Urban/3562,Val,Urban,official_val,Val/Urban/images_png/3562.png,Val/Urban/masks_png/3562.png
Val/Urban/3563,Val,Urban,official_val,Val/Urban/images_png/3563.png,Val/Urban/masks_png/3563.png
Val/Urban/3564,Val,Urban,official_val,Val/Urban/images_png/3564.png,Val/Urban/masks_png/3564.png
Val/Urban/3565,Val,Urban,official_val,Val/Urban/images_png/3565.png,Val/Urban/masks_png/3565.png
Val/Urban/3566,Val,Urban,official_val,Val/Urban/images_png/3566.png,Val/Urban/masks_png/3566.png
Val/Urban/3567,Val,Urban,official_val,Val/Urban/images_png/3567.png,Val/Urban/masks_png/3567.png
Val/Urban/3568,Val,Urban,official_val,Val/Urban/images_png/3568.png,Val/Urban/masks_png/3568.png
Val/Urban/3569,Val,Urban,official_val,Val/Urban/images_png/3569.png,Val/Urban/masks_png/3569.png
Val/Urban/3570,Val,Urban,official_val,Val/Urban/images_png/3570.png,Val/Urban/masks_png/3570.png
Val/Urban/3571,Val,Urban,official_val,Val/Urban/images_png/3571.png,Val/Urban/masks_png/3571.png
Val/Urban/3572,Val,Urban,official_val,Val/Urban/images_png/3572.png,Val/Urban/masks_png/3572.png
Val/Urban/3573,Val,Urban,official_val,Val/Urban/images_png/3573.png,Val/Urban/masks_png/3573.png
Val/Urban/3574,Val,Urban,official_val,Val/Urban/images_png/3574.png,Val/Urban/masks_png/3574.png
Val/Urban/3575,Val,Urban,official_val,Val/Urban/images_png/3575.png,Val/Urban/masks_png/3575.png
Val/Urban/3576,Val,Urban,official_val,Val/Urban/images_png/3576.png,Val/Urban/masks_png/3576.png
Val/Urban/3577,Val,Urban,official_val,Val/Urban/images_png/3577.png,Val/Urban/masks_png/3577.png
Val/Urban/3578,Val,Urban,official_val,Val/Urban/images_png/3578.png,Val/Urban/masks_png/3578.png
Val/Urban/3579,Val,Urban,official_val,Val/Urban/images_png/3579.png,Val/Urban/masks_png/3579.png
Val/Urban/3580,Val,Urban,official_val,Val/Urban/images_png/3580.png,Val/Urban/masks_png/3580.png
Val/Urban/3581,Val,Urban,official_val,Val/Urban/images_png/3581.png,Val/Urban/masks_png/3581.png
Val/Urban/3582,Val,Urban,official_val,Val/Urban/images_png/3582.png,Val/Urban/masks_png/3582.png
Val/Urban/3583,Val,Urban,official_val,Val/Urban/images_png/3583.png,Val/Urban/masks_png/3583.png
Val/Urban/3584,Val,Urban,official_val,Val/Urban/images_png/3584.png,Val/Urban/masks_png/3584.png
Val/Urban/3585,Val,Urban,official_val,Val/Urban/images_png/3585.png,Val/Urban/masks_png/3585.png
Val/Urban/3586,Val,Urban,official_val,Val/Urban/images_png/3586.png,Val/Urban/masks_png/3586.png
Val/Urban/3587,Val,Urban,official_val,Val/Urban/images_png/3587.png,Val/Urban/masks_png/3587.png
Val/Urban/3588,Val,Urban,official_val,Val/Urban/images_png/3588.png,Val/Urban/masks_png/3588.png
Val/Urban/3589,Val,Urban,official_val,Val/Urban/images_png/3589.png,Val/Urban/masks_png/3589.png
Val/Urban/3590,Val,Urban,official_val,Val/Urban/images_png/3590.png,Val/Urban/masks_png/3590.png
Val/Urban/3591,Val,Urban,official_val,Val/Urban/images_png/3591.png,Val/Urban/masks_png/3591.png
Val/Urban/3592,Val,Urban,official_val,Val/Urban/images_png/3592.png,Val/Urban/masks_png/3592.png
Val/Urban/3593,Val,Urban,official_val,Val/Urban/images_png/3593.png,Val/Urban/masks_png/3593.png
Val/Urban/3594,Val,Urban,official_val,Val/Urban/images_png/3594.png,Val/Urban/masks_png/3594.png
Val/Urban/3595,Val,Urban,official_val,Val/Urban/images_png/3595.png,Val/Urban/masks_png/3595.png
Val/Urban/3596,Val,Urban,official_val,Val/Urban/images_png/3596.png,Val/Urban/masks_png/3596.png
Val/Urban/3597,Val,Urban,official_val,Val/Urban/images_png/3597.png,Val/Urban/masks_png/3597.png
Val/Urban/3598,Val,Urban,official_val,Val/Urban/images_png/3598.png,Val/Urban/masks_png/3598.png
Val/Urban/3599,Val,Urban,official_val,Val/Urban/images_png/3599.png,Val/Urban/masks_png/3599.png
Val/Urban/3600,Val,Urban,official_val,Val/Urban/images_png/3600.png,Val/Urban/masks_png/3600.png
Val/Urban/3601,Val,Urban,official_val,Val/Urban/images_png/3601.png,Val/Urban/masks_png/3601.png
Val/Urban/3602,Val,Urban,official_val,Val/Urban/images_png/3602.png,Val/Urban/masks_png/3602.png
Val/Urban/3603,Val,Urban,official_val,Val/Urban/images_png/3603.png,Val/Urban/masks_png/3603.png
Val/Urban/3604,Val,Urban,official_val,Val/Urban/images_png/3604.png,Val/Urban/masks_png/3604.png
Val/Urban/3605,Val,Urban,official_val,Val/Urban/images_png/3605.png,Val/Urban/masks_png/3605.png
Val/Urban/3606,Val,Urban,official_val,Val/Urban/images_png/3606.png,Val/Urban/masks_png/3606.png
Val/Urban/3607,Val,Urban,official_val,Val/Urban/images_png/3607.png,Val/Urban/masks_png/3607.png
Val/Urban/3608,Val,Urban,official_val,Val/Urban/images_png/3608.png,Val/Urban/masks_png/3608.png
Val/Urban/3609,Val,Urban,official_val,Val/Urban/images_png/3609.png,Val/Urban/masks_png/3609.png
Val/Urban/3610,Val,Urban,official_val,Val/Urban/images_png/3610.png,Val/Urban/masks_png/3610.png
Val/Urban/3611,Val,Urban,official_val,Val/Urban/images_png/3611.png,Val/Urban/masks_png/3611.png
Val/Urban/3612,Val,Urban,official_val,Val/Urban/images_png/3612.png,Val/Urban/masks_png/3612.png
Val/Urban/3613,Val,Urban,official_val,Val/Urban/images_png/3613.png,Val/Urban/masks_png/3613.png
Val/Urban/3614,Val,Urban,official_val,Val/Urban/images_png/3614.png,Val/Urban/masks_png/3614.png
Val/Urban/3615,Val,Urban,official_val,Val/Urban/images_png/3615.png,Val/Urban/masks_png/3615.png
Val/Urban/3616,Val,Urban,official_val,Val/Urban/images_png/3616.png,Val/Urban/masks_png/3616.png
Val/Urban/3617,Val,Urban,official_val,Val/Urban/images_png/3617.png,Val/Urban/masks_png/3617.png
Val/Urban/3618,Val,Urban,official_val,Val/Urban/images_png/3618.png,Val/Urban/masks_png/3618.png
Val/Urban/3619,Val,Urban,official_val,Val/Urban/images_png/3619.png,Val/Urban/masks_png/3619.png
Val/Urban/3620,Val,Urban,official_val,Val/Urban/images_png/3620.png,Val/Urban/masks_png/3620.png
Val/Urban/3621,Val,Urban,official_val,Val/Urban/images_png/3621.png,Val/Urban/masks_png/3621.png
Val/Urban/3622,Val,Urban,official_val,Val/Urban/images_png/3622.png,Val/Urban/masks_png/3622.png
Val/Urban/3623,Val,Urban,official_val,Val/Urban/images_png/3623.png,Val/Urban/masks_png/3623.png
Val/Urban/3624,Val,Urban,official_val,Val/Urban/images_png/3624.png,Val/Urban/masks_png/3624.png
Val/Urban/3625,Val,Urban,official_val,Val/Urban/images_png/3625.png,Val/Urban/masks_png/3625.png
Val/Urban/3626,Val,Urban,official_val,Val/Urban/images_png/3626.png,Val/Urban/masks_png/3626.png
Val/Urban/3627,Val,Urban,official_val,Val/Urban/images_png/3627.png,Val/Urban/masks_png/3627.png
Val/Urban/3628,Val,Urban,official_val,Val/Urban/images_png/3628.png,Val/Urban/masks_png/3628.png
Val/Urban/3629,Val,Urban,official_val,Val/Urban/images_png/3629.png,Val/Urban/masks_png/3629.png
Val/Urban/3630,Val,Urban,official_val,Val/Urban/images_png/3630.png,Val/Urban/masks_png/3630.png
Val/Urban/3631,Val,Urban,official_val,Val/Urban/images_png/3631.png,Val/Urban/masks_png/3631.png
Val/Urban/3632,Val,Urban,official_val,Val/Urban/images_png/3632.png,Val/Urban/masks_png/3632.png
Val/Urban/3633,Val,Urban,official_val,Val/Urban/images_png/3633.png,Val/Urban/masks_png/3633.png
Val/Urban/3634,Val,Urban,official_val,Val/Urban/images_png/3634.png,Val/Urban/masks_png/3634.png
Val/Urban/3635,Val,Urban,official_val,Val/Urban/images_png/3635.png,Val/Urban/masks_png/3635.png
Val/Urban/3636,Val,Urban,official_val,Val/Urban/images_png/3636.png,Val/Urban/masks_png/3636.png
Val/Urban/3637,Val,Urban,official_val,Val/Urban/images_png/3637.png,Val/Urban/masks_png/3637.png
Val/Urban/3638,Val,Urban,official_val,Val/Urban/images_png/3638.png,Val/Urban/masks_png/3638.png
Val/Urban/3639,Val,Urban,official_val,Val/Urban/images_png/3639.png,Val/Urban/masks_png/3639.png
Val/Urban/3640,Val,Urban,official_val,Val/Urban/images_png/3640.png,Val/Urban/masks_png/3640.png
Val/Urban/3641,Val,Urban,official_val,Val/Urban/images_png/3641.png,Val/Urban/masks_png/3641.png
Val/Urban/3642,Val,Urban,official_val,Val/Urban/images_png/3642.png,Val/Urban/masks_png/3642.png
Val/Urban/3643,Val,Urban,official_val,Val/Urban/images_png/3643.png,Val/Urban/masks_png/3643.png
Val/Urban/3644,Val,Urban,official_val,Val/Urban/images_png/3644.png,Val/Urban/masks_png/3644.png
Val/Urban/3645,Val,Urban,official_val,Val/Urban/images_png/3645.png,Val/Urban/masks_png/3645.png
Val/Urban/3646,Val,Urban,official_val,Val/Urban/images_png/3646.png,Val/Urban/masks_png/3646.png
Val/Urban/3647,Val,Urban,official_val,Val/Urban/images_png/3647.png,Val/Urban/masks_png/3647.png
Val/Urban/3648,Val,Urban,official_val,Val/Urban/images_png/3648.png,Val/Urban/masks_png/3648.png
Val/Urban/3649,Val,Urban,official_val,Val/Urban/images_png/3649.png,Val/Urban/masks_png/3649.png
Val/Urban/3650,Val,Urban,official_val,Val/Urban/images_png/3650.png,Val/Urban/masks_png/3650.png
Val/Urban/3651,Val,Urban,official_val,Val/Urban/images_png/3651.png,Val/Urban/masks_png/3651.png
Val/Urban/3652,Val,Urban,official_val,Val/Urban/images_png/3652.png,Val/Urban/masks_png/3652.png
Val/Urban/3653,Val,Urban,official_val,Val/Urban/images_png/3653.png,Val/Urban/masks_png/3653.png
Val/Urban/3654,Val,Urban,official_val,Val/Urban/images_png/3654.png,Val/Urban/masks_png/3654.png
Val/Urban/3655,Val,Urban,official_val,Val/Urban/images_png/3655.png,Val/Urban/masks_png/3655.png
Val/Urban/3656,Val,Urban,official_val,Val/Urban/images_png/3656.png,Val/Urban/masks_png/3656.png
Val/Urban/3657,Val,Urban,official_val,Val/Urban/images_png/3657.png,Val/Urban/masks_png/3657.png
Val/Urban/3658,Val,Urban,official_val,Val/Urban/images_png/3658.png,Val/Urban/masks_png/3658.png
Val/Urban/3659,Val,Urban,official_val,Val/Urban/images_png/3659.png,Val/Urban/masks_png/3659.png
Val/Urban/3660,Val,Urban,official_val,Val/Urban/images_png/3660.png,Val/Urban/masks_png/3660.png
Val/Urban/3661,Val,Urban,official_val,Val/Urban/images_png/3661.png,Val/Urban/masks_png/3661.png
Val/Urban/3662,Val,Urban,official_val,Val/Urban/images_png/3662.png,Val/Urban/masks_png/3662.png
Val/Urban/3663,Val,Urban,official_val,Val/Urban/images_png/3663.png,Val/Urban/masks_png/3663.png
Val/Urban/3664,Val,Urban,official_val,Val/Urban/images_png/3664.png,Val/Urban/masks_png/3664.png
Val/Urban/3665,Val,Urban,official_val,Val/Urban/images_png/3665.png,Val/Urban/masks_png/3665.png
Val/Urban/3666,Val,Urban,official_val,Val/Urban/images_png/3666.png,Val/Urban/masks_png/3666.png
Val/Urban/3667,Val,Urban,official_val,Val/Urban/images_png/3667.png,Val/Urban/masks_png/3667.png
Val/Urban/3668,Val,Urban,official_val,Val/Urban/images_png/3668.png,Val/Urban/masks_png/3668.png
Val/Urban/3669,Val,Urban,official_val,Val/Urban/images_png/3669.png,Val/Urban/masks_png/3669.png
Val/Urban/3670,Val,Urban,official_val,Val/Urban/images_png/3670.png,Val/Urban/masks_png/3670.png
Val/Urban/3671,Val,Urban,official_val,Val/Urban/images_png/3671.png,Val/Urban/masks_png/3671.png
Val/Urban/3672,Val,Urban,official_val,Val/Urban/images_png/3672.png,Val/Urban/masks_png/3672.png
Val/Urban/3673,Val,Urban,official_val,Val/Urban/images_png/3673.png,Val/Urban/masks_png/3673.png
Val/Urban/3674,Val,Urban,official_val,Val/Urban/images_png/3674.png,Val/Urban/masks_png/3674.png
Val/Urban/3675,Val,Urban,official_val,Val/Urban/images_png/3675.png,Val/Urban/masks_png/3675.png
Val/Urban/3676,Val,Urban,official_val,Val/Urban/images_png/3676.png,Val/Urban/masks_png/3676.png
Val/Urban/3677,Val,Urban,official_val,Val/Urban/images_png/3677.png,Val/Urban/masks_png/3677.png
Val/Urban/3678,Val,Urban,official_val,Val/Urban/images_png/3678.png,Val/Urban/masks_png/3678.png
Val/Urban/3679,Val,Urban,official_val,Val/Urban/images_png/3679.png,Val/Urban/masks_png/3679.png
Val/Urban/3680,Val,Urban,official_val,Val/Urban/images_png/3680.png,Val/Urban/masks_png/3680.png
Val/Urban/3681,Val,Urban,official_val,Val/Urban/images_png/3681.png,Val/Urban/masks_png/3681.png
Val/Urban/3682,Val,Urban,official_val,Val/Urban/images_png/3682.png,Val/Urban/masks_png/3682.png
Val/Urban/3683,Val,Urban,official_val,Val/Urban/images_png/3683.png,Val/Urban/masks_png/3683.png
Val/Urban/3684,Val,Urban,official_val,Val/Urban/images_png/3684.png,Val/Urban/masks_png/3684.png
Val/Urban/3685,Val,Urban,official_val,Val/Urban/images_png/3685.png,Val/Urban/masks_png/3685.png
Val/Urban/3686,Val,Urban,official_val,Val/Urban/images_png/3686.png,Val/Urban/masks_png/3686.png
Val/Urban/3687,Val,Urban,official_val,Val/Urban/images_png/3687.png,Val/Urban/masks_png/3687.png
Val/Urban/3688,Val,Urban,official_val,Val/Urban/images_png/3688.png,Val/Urban/masks_png/3688.png
Val/Urban/3689,Val,Urban,official_val,Val/Urban/images_png/3689.png,Val/Urban/masks_png/3689.png
Val/Urban/3690,Val,Urban,official_val,Val/Urban/images_png/3690.png,Val/Urban/masks_png/3690.png
Val/Urban/3691,Val,Urban,official_val,Val/Urban/images_png/3691.png,Val/Urban/masks_png/3691.png
Val/Urban/3692,Val,Urban,official_val,Val/Urban/images_png/3692.png,Val/Urban/masks_png/3692.png
Val/Urban/3693,Val,Urban,official_val,Val/Urban/images_png/3693.png,Val/Urban/masks_png/3693.png
Val/Urban/3694,Val,Urban,official_val,Val/Urban/images_png/3694.png,Val/Urban/masks_png/3694.png
Val/Urban/3695,Val,Urban,official_val,Val/Urban/images_png/3695.png,Val/Urban/masks_png/3695.png
Val/Urban/3696,Val,Urban,official_val,Val/Urban/images_png/3696.png,Val/Urban/masks_png/3696.png
Val/Urban/3697,Val,Urban,official_val,Val/Urban/images_png/3697.png,Val/Urban/masks_png/3697.png
Val/Urban/3698,Val,Urban,official_val,Val/Urban/images_png/3698.png,Val/Urban/masks_png/3698.png
Val/Urban/3699,Val,Urban,official_val,Val/Urban/images_png/3699.png,Val/Urban/masks_png/3699.png
Val/Urban/3700,Val,Urban,official_val,Val/Urban/images_png/3700.png,Val/Urban/masks_png/3700.png
Val/Urban/3701,Val,Urban,official_val,Val/Urban/images_png/3701.png,Val/Urban/masks_png/3701.png
Val/Urban/3702,Val,Urban,official_val,Val/Urban/images_png/3702.png,Val/Urban/masks_png/3702.png
Val/Urban/3703,Val,Urban,official_val,Val/Urban/images_png/3703.png,Val/Urban/masks_png/3703.png
Val/Urban/3704,Val,Urban,official_val,Val/Urban/images_png/3704.png,Val/Urban/masks_png/3704.png
Val/Urban/3705,Val,Urban,official_val,Val/Urban/images_png/3705.png,Val/Urban/masks_png/3705.png
Val/Urban/3706,Val,Urban,official_val,Val/Urban/images_png/3706.png,Val/Urban/masks_png/3706.png
Val/Urban/3707,Val,Urban,official_val,Val/Urban/images_png/3707.png,Val/Urban/masks_png/3707.png
Val/Urban/3708,Val,Urban,official_val,Val/Urban/images_png/3708.png,Val/Urban/masks_png/3708.png
Val/Urban/3709,Val,Urban,official_val,Val/Urban/images_png/3709.png,Val/Urban/masks_png/3709.png
Val/Urban/3710,Val,Urban,official_val,Val/Urban/images_png/3710.png,Val/Urban/masks_png/3710.png
Val/Urban/3711,Val,Urban,official_val,Val/Urban/images_png/3711.png,Val/Urban/masks_png/3711.png
Val/Urban/3712,Val,Urban,official_val,Val/Urban/images_png/3712.png,Val/Urban/masks_png/3712.png
Val/Urban/3713,Val,Urban,official_val,Val/Urban/images_png/3713.png,Val/Urban/masks_png/3713.png
Val/Urban/3714,Val,Urban,official_val,Val/Urban/images_png/3714.png,Val/Urban/masks_png/3714.png
Val/Urban/3715,Val,Urban,official_val,Val/Urban/images_png/3715.png,Val/Urban/masks_png/3715.png
Val/Urban/3716,Val,Urban,official_val,Val/Urban/images_png/3716.png,Val/Urban/masks_png/3716.png
Val/Urban/3717,Val,Urban,official_val,Val/Urban/images_png/3717.png,Val/Urban/masks_png/3717.png
Val/Urban/3718,Val,Urban,official_val,Val/Urban/images_png/3718.png,Val/Urban/masks_png/3718.png
Val/Urban/3719,Val,Urban,official_val,Val/Urban/images_png/3719.png,Val/Urban/masks_png/3719.png
Val/Urban/3720,Val,Urban,official_val,Val/Urban/images_png/3720.png,Val/Urban/masks_png/3720.png
Val/Urban/3721,Val,Urban,official_val,Val/Urban/images_png/3721.png,Val/Urban/masks_png/3721.png
Val/Urban/3722,Val,Urban,official_val,Val/Urban/images_png/3722.png,Val/Urban/masks_png/3722.png
Val/Urban/3723,Val,Urban,official_val,Val/Urban/images_png/3723.png,Val/Urban/masks_png/3723.png
Val/Urban/3724,Val,Urban,official_val,Val/Urban/images_png/3724.png,Val/Urban/masks_png/3724.png
Val/Urban/3725,Val,Urban,official_val,Val/Urban/images_png/3725.png,Val/Urban/masks_png/3725.png
Val/Urban/3726,Val,Urban,official_val,Val/Urban/images_png/3726.png,Val/Urban/masks_png/3726.png
Val/Urban/3727,Val,Urban,official_val,Val/Urban/images_png/3727.png,Val/Urban/masks_png/3727.png
Val/Urban/3728,Val,Urban,official_val,Val/Urban/images_png/3728.png,Val/Urban/masks_png/3728.png
Val/Urban/3729,Val,Urban,official_val,Val/Urban/images_png/3729.png,Val/Urban/masks_png/3729.png
Val/Urban/3730,Val,Urban,official_val,Val/Urban/images_png/3730.png,Val/Urban/masks_png/3730.png
Val/Urban/3731,Val,Urban,official_val,Val/Urban/images_png/3731.png,Val/Urban/masks_png/3731.png
Val/Urban/3732,Val,Urban,official_val,Val/Urban/images_png/3732.png,Val/Urban/masks_png/3732.png
Val/Urban/3733,Val,Urban,official_val,Val/Urban/images_png/3733.png,Val/Urban/masks_png/3733.png
Val/Urban/3734,Val,Urban,official_val,Val/Urban/images_png/3734.png,Val/Urban/masks_png/3734.png
Val/Urban/3735,Val,Urban,official_val,Val/Urban/images_png/3735.png,Val/Urban/masks_png/3735.png
Val/Urban/3736,Val,Urban,official_val,Val/Urban/images_png/3736.png,Val/Urban/masks_png/3736.png
Val/Urban/3737,Val,Urban,official_val,Val/Urban/images_png/3737.png,Val/Urban/masks_png/3737.png
Val/Urban/3738,Val,Urban,official_val,Val/Urban/images_png/3738.png,Val/Urban/masks_png/3738.png
Val/Urban/3739,Val,Urban,official_val,Val/Urban/images_png/3739.png,Val/Urban/masks_png/3739.png
Val/Urban/3740,Val,Urban,official_val,Val/Urban/images_png/3740.png,Val/Urban/masks_png/3740.png
Val/Urban/3741,Val,Urban,official_val,Val/Urban/images_png/3741.png,Val/Urban/masks_png/3741.png
Val/Urban/3742,Val,Urban,official_val,Val/Urban/images_png/3742.png,Val/Urban/masks_png/3742.png
Val/Urban/3743,Val,Urban,official_val,Val/Urban/images_png/3743.png,Val/Urban/masks_png/3743.png
Val/Urban/3744,Val,Urban,official_val,Val/Urban/images_png/3744.png,Val/Urban/masks_png/3744.png
Val/Urban/3745,Val,Urban,official_val,Val/Urban/images_png/3745.png,Val/Urban/masks_png/3745.png
Val/Urban/3746,Val,Urban,official_val,Val/Urban/images_png/3746.png,Val/Urban/masks_png/3746.png
Val/Urban/3747,Val,Urban,official_val,Val/Urban/images_png/3747.png,Val/Urban/masks_png/3747.png
Val/Urban/3748,Val,Urban,official_val,Val/Urban/images_png/3748.png,Val/Urban/masks_png/3748.png
Val/Urban/3749,Val,Urban,official_val,Val/Urban/images_png/3749.png,Val/Urban/masks_png/3749.png
Val/Urban/3750,Val,Urban,official_val,Val/Urban/images_png/3750.png,Val/Urban/masks_png/3750.png
Val/Urban/3751,Val,Urban,official_val,Val/Urban/images_png/3751.png,Val/Urban/masks_png/3751.png
Val/Urban/3752,Val,Urban,official_val,Val/Urban/images_png/3752.png,Val/Urban/masks_png/3752.png
Val/Urban/3753,Val,Urban,official_val,Val/Urban/images_png/3753.png,Val/Urban/masks_png/3753.png
Val/Urban/3754,Val,Urban,official_val,Val/Urban/images_png/3754.png,Val/Urban/masks_png/3754.png
Val/Urban/3755,Val,Urban,official_val,Val/Urban/images_png/3755.png,Val/Urban/masks_png/3755.png
Val/Urban/3756,Val,Urban,official_val,Val/Urban/images_png/3756.png,Val/Urban/masks_png/3756.png
Val/Urban/3757,Val,Urban,official_val,Val/Urban/images_png/3757.png,Val/Urban/masks_png/3757.png
Val/Urban/3758,Val,Urban,official_val,Val/Urban/images_png/3758.png,Val/Urban/masks_png/3758.png
Val/Urban/3759,Val,Urban,official_val,Val/Urban/images_png/3759.png,Val/Urban/masks_png/3759.png
Val/Urban/3760,Val,Urban,official_val,Val/Urban/images_png/3760.png,Val/Urban/masks_png/3760.png
Val/Urban/3761,Val,Urban,official_val,Val/Urban/images_png/3761.png,Val/Urban/masks_png/3761.png
Val/Urban/3762,Val,Urban,official_val,Val/Urban/images_png/3762.png,Val/Urban/masks_png/3762.png
Val/Urban/3763,Val,Urban,official_val,Val/Urban/images_png/3763.png,Val/Urban/masks_png/3763.png
Val/Urban/3764,Val,Urban,official_val,Val/Urban/images_png/3764.png,Val/Urban/masks_png/3764.png
Val/Urban/3765,Val,Urban,official_val,Val/Urban/images_png/3765.png,Val/Urban/masks_png/3765.png
Val/Urban/3766,Val,Urban,official_val,Val/Urban/images_png/3766.png,Val/Urban/masks_png/3766.png
Val/Urban/3767,Val,Urban,official_val,Val/Urban/images_png/3767.png,Val/Urban/masks_png/3767.png
Val/Urban/3768,Val,Urban,official_val,Val/Urban/images_png/3768.png,Val/Urban/masks_png/3768.png
Val/Urban/3769,Val,Urban,official_val,Val/Urban/images_png/3769.png,Val/Urban/masks_png/3769.png
Val/Urban/3770,Val,Urban,official_val,Val/Urban/images_png/3770.png,Val/Urban/masks_png/3770.png
Val/Urban/3771,Val,Urban,official_val,Val/Urban/images_png/3771.png,Val/Urban/masks_png/3771.png
Val/Urban/3772,Val,Urban,official_val,Val/Urban/images_png/3772.png,Val/Urban/masks_png/3772.png
Val/Urban/3773,Val,Urban,official_val,Val/Urban/images_png/3773.png,Val/Urban/masks_png/3773.png
Val/Urban/3774,Val,Urban,official_val,Val/Urban/images_png/3774.png,Val/Urban/masks_png/3774.png
Val/Urban/3775,Val,Urban,official_val,Val/Urban/images_png/3775.png,Val/Urban/masks_png/3775.png
Val/Urban/3776,Val,Urban,official_val,Val/Urban/images_png/3776.png,Val/Urban/masks_png/3776.png
Val/Urban/3777,Val,Urban,official_val,Val/Urban/images_png/3777.png,Val/Urban/masks_png/3777.png
Val/Urban/3778,Val,Urban,official_val,Val/Urban/images_png/3778.png,Val/Urban/masks_png/3778.png
Val/Urban/3779,Val,Urban,official_val,Val/Urban/images_png/3779.png,Val/Urban/masks_png/3779.png
Val/Urban/3780,Val,Urban,official_val,Val/Urban/images_png/3780.png,Val/Urban/masks_png/3780.png
Val/Urban/3781,Val,Urban,official_val,Val/Urban/images_png/3781.png,Val/Urban/masks_png/3781.png
Val/Urban/3782,Val,Urban,official_val,Val/Urban/images_png/3782.png,Val/Urban/masks_png/3782.png
Val/Urban/3783,Val,Urban,official_val,Val/Urban/images_png/3783.png,Val/Urban/masks_png/3783.png
Val/Urban/3784,Val,Urban,official_val,Val/Urban/images_png/3784.png,Val/Urban/masks_png/3784.png
Val/Urban/3785,Val,Urban,official_val,Val/Urban/images_png/3785.png,Val/Urban/masks_png/3785.png
Val/Urban/3786,Val,Urban,official_val,Val/Urban/images_png/3786.png,Val/Urban/masks_png/3786.png
Val/Urban/3787,Val,Urban,official_val,Val/Urban/images_png/3787.png,Val/Urban/masks_png/3787.png
Val/Urban/3788,Val,Urban,official_val,Val/Urban/images_png/3788.png,Val/Urban/masks_png/3788.png
Val/Urban/3789,Val,Urban,official_val,Val/Urban/images_png/3789.png,Val/Urban/masks_png/3789.png
Val/Urban/3790,Val,Urban,official_val,Val/Urban/images_png/3790.png,Val/Urban/masks_png/3790.png
Val/Urban/3791,Val,Urban,official_val,Val/Urban/images_png/3791.png,Val/Urban/masks_png/3791.png
Val/Urban/3792,Val,Urban,official_val,Val/Urban/images_png/3792.png,Val/Urban/masks_png/3792.png
Val/Urban/3793,Val,Urban,official_val,Val/Urban/images_png/3793.png,Val/Urban/masks_png/3793.png
Val/Urban/3794,Val,Urban,official_val,Val/Urban/images_png/3794.png,Val/Urban/masks_png/3794.png
Val/Urban/3795,Val,Urban,official_val,Val/Urban/images_png/3795.png,Val/Urban/masks_png/3795.png
Val/Urban/3796,Val,Urban,official_val,Val/Urban/images_png/3796.png,Val/Urban/masks_png/3796.png
Val/Urban/3797,Val,Urban,official_val,Val/Urban/images_png/3797.png,Val/Urban/masks_png/3797.png
Val/Urban/3798,Val,Urban,official_val,Val/Urban/images_png/3798.png,Val/Urban/masks_png/3798.png
Val/Urban/3799,Val,Urban,official_val,Val/Urban/images_png/3799.png,Val/Urban/masks_png/3799.png
Val/Urban/3800,Val,Urban,official_val,Val/Urban/images_png/3800.png,Val/Urban/masks_png/3800.png
Val/Urban/3801,Val,Urban,official_val,Val/Urban/images_png/3801.png,Val/Urban/masks_png/3801.png
Val/Urban/3802,Val,Urban,official_val,Val/Urban/images_png/3802.png,Val/Urban/masks_png/3802.png
Val/Urban/3803,Val,Urban,official_val,Val/Urban/images_png/3803.png,Val/Urban/masks_png/3803.png
Val/Urban/3804,Val,Urban,official_val,Val/Urban/images_png/3804.png,Val/Urban/masks_png/3804.png
Val/Urban/3805,Val,Urban,official_val,Val/Urban/images_png/3805.png,Val/Urban/masks_png/3805.png
Val/Urban/3806,Val,Urban,official_val,Val/Urban/images_png/3806.png,Val/Urban/masks_png/3806.png
Val/Urban/3807,Val,Urban,official_val,Val/Urban/images_png/3807.png,Val/Urban/masks_png/3807.png
Val/Urban/3808,Val,Urban,official_val,Val/Urban/images_png/3808.png,Val/Urban/masks_png/3808.png
Val/Urban/3809,Val,Urban,official_val,Val/Urban/images_png/3809.png,Val/Urban/masks_png/3809.png
Val/Urban/3810,Val,Urban,official_val,Val/Urban/images_png/3810.png,Val/Urban/masks_png/3810.png
Val/Urban/3811,Val,Urban,official_val,Val/Urban/images_png/3811.png,Val/Urban/masks_png/3811.png
Val/Urban/3812,Val,Urban,official_val,Val/Urban/images_png/3812.png,Val/Urban/masks_png/3812.png
Val/Urban/3813,Val,Urban,official_val,Val/Urban/images_png/3813.png,Val/Urban/masks_png/3813.png
Val/Urban/3814,Val,Urban,official_val,Val/Urban/images_png/3814.png,Val/Urban/masks_png/3814.png
Val/Urban/3815,Val,Urban,official_val,Val/Urban/images_png/3815.png,Val/Urban/masks_png/3815.png
Val/Urban/3816,Val,Urban,official_val,Val/Urban/images_png/3816.png,Val/Urban/masks_png/3816.png
Val/Urban/3817,Val,Urban,official_val,Val/Urban/images_png/3817.png,Val/Urban/masks_png/3817.png
Val/Urban/3818,Val,Urban,official_val,Val/Urban/images_png/3818.png,Val/Urban/masks_png/3818.png
Val/Urban/3819,Val,Urban,official_val,Val/Urban/images_png/3819.png,Val/Urban/masks_png/3819.png
Val/Urban/3820,Val,Urban,official_val,Val/Urban/images_png/3820.png,Val/Urban/masks_png/3820.png
Val/Urban/3821,Val,Urban,official_val,Val/Urban/images_png/3821.png,Val/Urban/masks_png/3821.png
Val/Urban/3822,Val,Urban,official_val,Val/Urban/images_png/3822.png,Val/Urban/masks_png/3822.png
Val/Urban/3823,Val,Urban,official_val,Val/Urban/images_png/3823.png,Val/Urban/masks_png/3823.png
Val/Urban/3824,Val,Urban,official_val,Val/Urban/images_png/3824.png,Val/Urban/masks_png/3824.png
Val/Urban/3825,Val,Urban,official_val,Val/Urban/images_png/3825.png,Val/Urban/masks_png/3825.png
Val/Urban/3826,Val,Urban,official_val,Val/Urban/images_png/3826.png,Val/Urban/masks_png/3826.png
Val/Urban/3827,Val,Urban,official_val,Val/Urban/images_png/3827.png,Val/Urban/masks_png/3827.png
Val/Urban/3828,Val,Urban,official_val,Val/Urban/images_png/3828.png,Val/Urban/masks_png/3828.png
Val/Urban/3829,Val,Urban,official_val,Val/Urban/images_png/3829.png,Val/Urban/masks_png/3829.png
Val/Urban/3830,Val,Urban,official_val,Val/Urban/images_png/3830.png,Val/Urban/masks_png/3830.png
Val/Urban/3831,Val,Urban,official_val,Val/Urban/images_png/3831.png,Val/Urban/masks_png/3831.png
Val/Urban/3832,Val,Urban,official_val,Val/Urban/images_png/3832.png,Val/Urban/masks_png/3832.png
Val/Urban/3833,Val,Urban,official_val,Val/Urban/images_png/3833.png,Val/Urban/masks_png/3833.png
Val/Urban/3834,Val,Urban,official_val,Val/Urban/images_png/3834.png,Val/Urban/masks_png/3834.png
Val/Urban/3835,Val,Urban,official_val,Val/Urban/images_png/3835.png,Val/Urban/masks_png/3835.png
Val/Urban/3836,Val,Urban,official_val,Val/Urban/images_png/3836.png,Val/Urban/masks_png/3836.png
Val/Urban/3837,Val,Urban,official_val,Val/Urban/images_png/3837.png,Val/Urban/masks_png/3837.png
Val/Urban/3838,Val,Urban,official_val,Val/Urban/images_png/3838.png,Val/Urban/masks_png/3838.png
Val/Urban/3839,Val,Urban,official_val,Val/Urban/images_png/3839.png,Val/Urban/masks_png/3839.png
Val/Urban/3840,Val,Urban,official_val,Val/Urban/images_png/3840.png,Val/Urban/masks_png/3840.png
Val/Urban/3841,Val,Urban,official_val,Val/Urban/images_png/3841.png,Val/Urban/masks_png/3841.png
Val/Urban/3842,Val,Urban,official_val,Val/Urban/images_png/3842.png,Val/Urban/masks_png/3842.png
Val/Urban/3843,Val,Urban,official_val,Val/Urban/images_png/3843.png,Val/Urban/masks_png/3843.png
Val/Urban/3844,Val,Urban,official_val,Val/Urban/images_png/3844.png,Val/Urban/masks_png/3844.png
Val/Urban/3845,Val,Urban,official_val,Val/Urban/images_png/3845.png,Val/Urban/masks_png/3845.png
Val/Urban/3846,Val,Urban,official_val,Val/Urban/images_png/3846.png,Val/Urban/masks_png/3846.png
Val/Urban/3847,Val,Urban,official_val,Val/Urban/images_png/3847.png,Val/Urban/masks_png/3847.png
Val/Urban/3848,Val,Urban,official_val,Val/Urban/images_png/3848.png,Val/Urban/masks_png/3848.png
Val/Urban/3849,Val,Urban,official_val,Val/Urban/images_png/3849.png,Val/Urban/masks_png/3849.png
Val/Urban/3850,Val,Urban,official_val,Val/Urban/images_png/3850.png,Val/Urban/masks_png/3850.png
Val/Urban/3851,Val,Urban,official_val,Val/Urban/images_png/3851.png,Val/Urban/masks_png/3851.png
Val/Urban/3852,Val,Urban,official_val,Val/Urban/images_png/3852.png,Val/Urban/masks_png/3852.png
Val/Urban/3853,Val,Urban,official_val,Val/Urban/images_png/3853.png,Val/Urban/masks_png/3853.png
Val/Urban/3854,Val,Urban,official_val,Val/Urban/images_png/3854.png,Val/Urban/masks_png/3854.png
Val/Urban/3855,Val,Urban,official_val,Val/Urban/images_png/3855.png,Val/Urban/masks_png/3855.png
Val/Urban/3856,Val,Urban,official_val,Val/Urban/images_png/3856.png,Val/Urban/masks_png/3856.png
Val/Urban/3857,Val,Urban,official_val,Val/Urban/images_png/3857.png,Val/Urban/masks_png/3857.png
Val/Urban/3858,Val,Urban,official_val,Val/Urban/images_png/3858.png,Val/Urban/masks_png/3858.png
Val/Urban/3859,Val,Urban,official_val,Val/Urban/images_png/3859.png,Val/Urban/masks_png/3859.png
Val/Urban/3860,Val,Urban,official_val,Val/Urban/images_png/3860.png,Val/Urban/masks_png/3860.png
Val/Urban/3861,Val,Urban,official_val,Val/Urban/images_png/3861.png,Val/Urban/masks_png/3861.png
Val/Urban/3862,Val,Urban,official_val,Val/Urban/images_png/3862.png,Val/Urban/masks_png/3862.png
Val/Urban/3863,Val,Urban,official_val,Val/Urban/images_png/3863.png,Val/Urban/masks_png/3863.png
Val/Urban/3864,Val,Urban,official_val,Val/Urban/images_png/3864.png,Val/Urban/masks_png/3864.png
Val/Urban/3865,Val,Urban,official_val,Val/Urban/images_png/3865.png,Val/Urban/masks_png/3865.png
Val/Urban/3866,Val,Urban,official_val,Val/Urban/images_png/3866.png,Val/Urban/masks_png/3866.png
Val/Urban/3867,Val,Urban,official_val,Val/Urban/images_png/3867.png,Val/Urban/masks_png/3867.png
Val/Urban/3868,Val,Urban,official_val,Val/Urban/images_png/3868.png,Val/Urban/masks_png/3868.png
Val/Urban/3869,Val,Urban,official_val,Val/Urban/images_png/3869.png,Val/Urban/masks_png/3869.png
Val/Urban/3870,Val,Urban,official_val,Val/Urban/images_png/3870.png,Val/Urban/masks_png/3870.png
Val/Urban/3871,Val,Urban,official_val,Val/Urban/images_png/3871.png,Val/Urban/masks_png/3871.png
Val/Urban/3872,Val,Urban,official_val,Val/Urban/images_png/3872.png,Val/Urban/masks_png/3872.png
Val/Urban/3873,Val,Urban,official_val,Val/Urban/images_png/3873.png,Val/Urban/masks_png/3873.png
Val/Urban/3874,Val,Urban,official_val,Val/Urban/images_png/3874.png,Val/Urban/masks_png/3874.png
Val/Urban/3875,Val,Urban,official_val,Val/Urban/images_png/3875.png,Val/Urban/masks_png/3875.png
Val/Urban/3876,Val,Urban,official_val,Val/Urban/images_png/3876.png,Val/Urban/masks_png/3876.png
Val/Urban/3877,Val,Urban,official_val,Val/Urban/images_png/3877.png,Val/Urban/masks_png/3877.png
Val/Urban/3878,Val,Urban,official_val,Val/Urban/images_png/3878.png,Val/Urban/masks_png/3878.png
Val/Urban/3879,Val,Urban,official_val,Val/Urban/images_png/3879.png,Val/Urban/masks_png/3879.png
Val/Urban/3880,Val,Urban,official_val,Val/Urban/images_png/3880.png,Val/Urban/masks_png/3880.png
Val/Urban/3881,Val,Urban,official_val,Val/Urban/images_png/3881.png,Val/Urban/masks_png/3881.png
Val/Urban/3882,Val,Urban,official_val,Val/Urban/images_png/3882.png,Val/Urban/masks_png/3882.png
Val/Urban/3883,Val,Urban,official_val,Val/Urban/images_png/3883.png,Val/Urban/masks_png/3883.png
Val/Urban/3884,Val,Urban,official_val,Val/Urban/images_png/3884.png,Val/Urban/masks_png/3884.png
Val/Urban/3885,Val,Urban,official_val,Val/Urban/images_png/3885.png,Val/Urban/masks_png/3885.png
Val/Urban/3886,Val,Urban,official_val,Val/Urban/images_png/3886.png,Val/Urban/masks_png/3886.png
Val/Urban/3887,Val,Urban,official_val,Val/Urban/images_png/3887.png,Val/Urban/masks_png/3887.png
Val/Urban/3888,Val,Urban,official_val,Val/Urban/images_png/3888.png,Val/Urban/masks_png/3888.png
Val/Urban/3889,Val,Urban,official_val,Val/Urban/images_png/3889.png,Val/Urban/masks_png/3889.png
Val/Urban/3890,Val,Urban,official_val,Val/Urban/images_png/3890.png,Val/Urban/masks_png/3890.png
Val/Urban/3891,Val,Urban,official_val,Val/Urban/images_png/3891.png,Val/Urban/masks_png/3891.png
Val/Urban/3892,Val,Urban,official_val,Val/Urban/images_png/3892.png,Val/Urban/masks_png/3892.png
Val/Urban/3893,Val,Urban,official_val,Val/Urban/images_png/3893.png,Val/Urban/masks_png/3893.png
Val/Urban/3894,Val,Urban,official_val,Val/Urban/images_png/3894.png,Val/Urban/masks_png/3894.png
Val/Urban/3895,Val,Urban,official_val,Val/Urban/images_png/3895.png,Val/Urban/masks_png/3895.png
Val/Urban/3896,Val,Urban,official_val,Val/Urban/images_png/3896.png,Val/Urban/masks_png/3896.png
Val/Urban/3897,Val,Urban,official_val,Val/Urban/images_png/3897.png,Val/Urban/masks_png/3897.png
Val/Urban/3898,Val,Urban,official_val,Val/Urban/images_png/3898.png,Val/Urban/masks_png/3898.png
Val/Urban/3899,Val,Urban,official_val,Val/Urban/images_png/3899.png,Val/Urban/masks_png/3899.png
Val/Urban/3900,Val,Urban,official_val,Val/Urban/images_png/3900.png,Val/Urban/masks_png/3900.png
Val/Urban/3901,Val,Urban,official_val,Val/Urban/images_png/3901.png,Val/Urban/masks_png/3901.png
Val/Urban/3902,Val,Urban,official_val,Val/Urban/images_png/3902.png,Val/Urban/masks_png/3902.png
Val/Urban/3903,Val,Urban,official_val,Val/Urban/images_png/3903.png,Val/Urban/masks_png/3903.png
Val/Urban/3904,Val,Urban,official_val,Val/Urban/images_png/3904.png,Val/Urban/masks_png/3904.png
Val/Urban/3905,Val,Urban,official_val,Val/Urban/images_png/3905.png,Val/Urban/masks_png/3905.png
Val/Urban/3906,Val,Urban,official_val,Val/Urban/images_png/3906.png,Val/Urban/masks_png/3906.png
Val/Urban/3907,Val,Urban,official_val,Val/Urban/images_png/3907.png,Val/Urban/masks_png/3907.png
Val/Urban/3908,Val,Urban,official_val,Val/Urban/images_png/3908.png,Val/Urban/masks_png/3908.png
Val/Urban/3909,Val,Urban,official_val,Val/Urban/images_png/3909.png,Val/Urban/masks_png/3909.png
Val/Urban/3910,Val,Urban,official_val,Val/Urban/images_png/3910.png,Val/Urban/masks_png/3910.png
Val/Urban/3911,Val,Urban,official_val,Val/Urban/images_png/3911.png,Val/Urban/masks_png/3911.png
Val/Urban/3912,Val,Urban,official_val,Val/Urban/images_png/3912.png,Val/Urban/masks_png/3912.png
Val/Urban/3913,Val,Urban,official_val,Val/Urban/images_png/3913.png,Val/Urban/masks_png/3913.png
Val/Urban/3914,Val,Urban,official_val,Val/Urban/images_png/3914.png,Val/Urban/masks_png/3914.png
Val/Urban/3915,Val,Urban,official_val,Val/Urban/images_png/3915.png,Val/Urban/masks_png/3915.png
Val/Urban/3916,Val,Urban,official_val,Val/Urban/images_png/3916.png,Val/Urban/masks_png/3916.png
Val/Urban/3917,Val,Urban,official_val,Val/Urban/images_png/3917.png,Val/Urban/masks_png/3917.png
Val/Urban/3918,Val,Urban,official_val,Val/Urban/images_png/3918.png,Val/Urban/masks_png/3918.png
Val/Urban/3919,Val,Urban,official_val,Val/Urban/images_png/3919.png,Val/Urban/masks_png/3919.png
Val/Urban/3920,Val,Urban,official_val,Val/Urban/images_png/3920.png,Val/Urban/masks_png/3920.png
Val/Urban/3921,Val,Urban,official_val,Val/Urban/images_png/3921.png,Val/Urban/masks_png/3921.png
Val/Urban/3922,Val,Urban,official_val,Val/Urban/images_png/3922.png,Val/Urban/masks_png/3922.png
Val/Urban/3923,Val,Urban,official_val,Val/Urban/images_png/3923.png,Val/Urban/masks_png/3923.png
Val/Urban/3924,Val,Urban,official_val,Val/Urban/images_png/3924.png,Val/Urban/masks_png/3924.png
Val/Urban/3925,Val,Urban,official_val,Val/Urban/images_png/3925.png,Val/Urban/masks_png/3925.png
Val/Urban/3926,Val,Urban,official_val,Val/Urban/images_png/3926.png,Val/Urban/masks_png/3926.png
Val/Urban/3927,Val,Urban,official_val,Val/Urban/images_png/3927.png,Val/Urban/masks_png/3927.png
Val/Urban/3928,Val,Urban,official_val,Val/Urban/images_png/3928.png,Val/Urban/masks_png/3928.png
Val/Urban/3929,Val,Urban,official_val,Val/Urban/images_png/3929.png,Val/Urban/masks_png/3929.png
Val/Urban/3930,Val,Urban,official_val,Val/Urban/images_png/3930.png,Val/Urban/masks_png/3930.png
Val/Urban/3931,Val,Urban,official_val,Val/Urban/images_png/3931.png,Val/Urban/masks_png/3931.png
Val/Urban/3932,Val,Urban,official_val,Val/Urban/images_png/3932.png,Val/Urban/masks_png/3932.png
Val/Urban/3933,Val,Urban,official_val,Val/Urban/images_png/3933.png,Val/Urban/masks_png/3933.png
Val/Urban/3934,Val,Urban,official_val,Val/Urban/images_png/3934.png,Val/Urban/masks_png/3934.png
Val/Urban/3935,Val,Urban,official_val,Val/Urban/images_png/3935.png,Val/Urban/masks_png/3935.png
Val/Urban/3936,Val,Urban,official_val,Val/Urban/images_png/3936.png,Val/Urban/masks_png/3936.png
Val/Urban/3937,Val,Urban,official_val,Val/Urban/images_png/3937.png,Val/Urban/masks_png/3937.png
Val/Urban/3938,Val,Urban,official_val,Val/Urban/images_png/3938.png,Val/Urban/masks_png/3938.png
Val/Urban/3939,Val,Urban,official_val,Val/Urban/images_png/3939.png,Val/Urban/masks_png/3939.png
Val/Urban/3940,Val,Urban,official_val,Val/Urban/images_png/3940.png,Val/Urban/masks_png/3940.png
Val/Urban/3941,Val,Urban,official_val,Val/Urban/images_png/3941.png,Val/Urban/masks_png/3941.png
Val/Urban/3942,Val,Urban,official_val,Val/Urban/images_png/3942.png,Val/Urban/masks_png/3942.png
Val/Urban/3943,Val,Urban,official_val,Val/Urban/images_png/3943.png,Val/Urban/masks_png/3943.png
Val/Urban/3944,Val,Urban,official_val,Val/Urban/images_png/3944.png,Val/Urban/masks_png/3944.png
Val/Urban/3945,Val,Urban,official_val,Val/Urban/images_png/3945.png,Val/Urban/masks_png/3945.png
Val/Urban/3946,Val,Urban,official_val,Val/Urban/images_png/3946.png,Val/Urban/masks_png/3946.png
Val/Urban/3947,Val,Urban,official_val,Val/Urban/images_png/3947.png,Val/Urban/masks_png/3947.png
Val/Urban/3948,Val,Urban,official_val,Val/Urban/images_png/3948.png,Val/Urban/masks_png/3948.png
Val/Urban/3949,Val,Urban,official_val,Val/Urban/images_png/3949.png,Val/Urban/masks_png/3949.png
Val/Urban/3950,Val,Urban,official_val,Val/Urban/images_png/3950.png,Val/Urban/masks_png/3950.png
Val/Urban/3951,Val,Urban,official_val,Val/Urban/images_png/3951.png,Val/Urban/masks_png/3951.png
Val/Urban/3952,Val,Urban,official_val,Val/Urban/images_png/3952.png,Val/Urban/masks_png/3952.png
Val/Urban/3953,Val,Urban,official_val,Val/Urban/images_png/3953.png,Val/Urban/masks_png/3953.png
Val/Urban/3954,Val,Urban,official_val,Val/Urban/images_png/3954.png,Val/Urban/masks_png/3954.png
Val/Urban/3955,Val,Urban,official_val,Val/Urban/images_png/3955.png,Val/Urban/masks_png/3955.png
Val/Urban/3956,Val,Urban,official_val,Val/Urban/images_png/3956.png,Val/Urban/masks_png/3956.png
Val/Urban/3957,Val,Urban,official_val,Val/Urban/images_png/3957.png,Val/Urban/masks_png/3957.png
Val/Urban/3958,Val,Urban,official_val,Val/Urban/images_png/3958.png,Val/Urban/masks_png/3958.png
Val/Urban/3959,Val,Urban,official_val,Val/Urban/images_png/3959.png,Val/Urban/masks_png/3959.png
Val/Urban/3960,Val,Urban,official_val,Val/Urban/images_png/3960.png,Val/Urban/masks_png/3960.png
Val/Urban/3961,Val,Urban,official_val,Val/Urban/images_png/3961.png,Val/Urban/masks_png/3961.png
Val/Urban/3962,Val,Urban,official_val,Val/Urban/images_png/3962.png,Val/Urban/masks_png/3962.png
Val/Urban/3963,Val,Urban,official_val,Val/Urban/images_png/3963.png,Val/Urban/masks_png/3963.png
Val/Urban/3964,Val,Urban,official_val,Val/Urban/images_png/3964.png,Val/Urban/masks_png/3964.png
Val/Urban/3965,Val,Urban,official_val,Val/Urban/images_png/3965.png,Val/Urban/masks_png/3965.png
Val/Urban/3966,Val,Urban,official_val,Val/Urban/images_png/3966.png,Val/Urban/masks_png/3966.png
Val/Urban/3967,Val,Urban,official_val,Val/Urban/images_png/3967.png,Val/Urban/masks_png/3967.png
Val/Urban/3968,Val,Urban,official_val,Val/Urban/images_png/3968.png,Val/Urban/masks_png/3968.png
Val/Urban/3969,Val,Urban,official_val,Val/Urban/images_png/3969.png,Val/Urban/masks_png/3969.png
Val/Urban/3970,Val,Urban,official_val,Val/Urban/images_png/3970.png,Val/Urban/masks_png/3970.png
Val/Urban/3971,Val,Urban,official_val,Val/Urban/images_png/3971.png,Val/Urban/masks_png/3971.png
Val/Urban/3972,Val,Urban,official_val,Val/Urban/images_png/3972.png,Val/Urban/masks_png/3972.png
Val/Urban/3973,Val,Urban,official_val,Val/Urban/images_png/3973.png,Val/Urban/masks_png/3973.png
Val/Urban/3974,Val,Urban,official_val,Val/Urban/images_png/3974.png,Val/Urban/masks_png/3974.png
Val/Urban/3975,Val,Urban,official_val,Val/Urban/images_png/3975.png,Val/Urban/masks_png/3975.png
Val/Urban/3976,Val,Urban,official_val,Val/Urban/images_png/3976.png,Val/Urban/masks_png/3976.png
Val/Urban/3977,Val,Urban,official_val,Val/Urban/images_png/3977.png,Val/Urban/masks_png/3977.png
Val/Urban/3978,Val,Urban,official_val,Val/Urban/images_png/3978.png,Val/Urban/masks_png/3978.png
Val/Urban/3979,Val,Urban,official_val,Val/Urban/images_png/3979.png,Val/Urban/masks_png/3979.png
Val/Urban/3980,Val,Urban,official_val,Val/Urban/images_png/3980.png,Val/Urban/masks_png/3980.png
Val/Urban/3981,Val,Urban,official_val,Val/Urban/images_png/3981.png,Val/Urban/masks_png/3981.png
Val/Urban/3982,Val,Urban,official_val,Val/Urban/images_png/3982.png,Val/Urban/masks_png/3982.png
Val/Urban/3983,Val,Urban,official_val,Val/Urban/images_png/3983.png,Val/Urban/masks_png/3983.png
Val/Urban/3984,Val,Urban,official_val,Val/Urban/images_png/3984.png,Val/Urban/masks_png/3984.png
Val/Urban/3985,Val,Urban,official_val,Val/Urban/images_png/3985.png,Val/Urban/masks_png/3985.png
Val/Urban/3986,Val,Urban,official_val,Val/Urban/images_png/3986.png,Val/Urban/masks_png/3986.png
Val/Urban/3987,Val,Urban,official_val,Val/Urban/images_png/3987.png,Val/Urban/masks_png/3987.png
Val/Urban/3988,Val,Urban,official_val,Val/Urban/images_png/3988.png,Val/Urban/masks_png/3988.png
Val/Urban/3989,Val,Urban,official_val,Val/Urban/images_png/3989.png,Val/Urban/masks_png/3989.png
Val/Urban/3990,Val,Urban,official_val,Val/Urban/images_png/3990.png,Val/Urban/masks_png/3990.png
Val/Urban/3991,Val,Urban,official_val,Val/Urban/images_png/3991.png,Val/Urban/masks_png/3991.png
Val/Urban/3992,Val,Urban,official_val,Val/Urban/images_png/3992.png,Val/Urban/masks_png/3992.png
Val/Urban/3993,Val,Urban,official_val,Val/Urban/images_png/3993.png,Val/Urban/masks_png/3993.png
Val/Urban/3994,Val,Urban,official_val,Val/Urban/images_png/3994.png,Val/Urban/masks_png/3994.png
Val/Urban/3995,Val,Urban,official_val,Val/Urban/images_png/3995.png,Val/Urban/masks_png/3995.png
Val/Urban/3996,Val,Urban,official_val,Val/Urban/images_png/3996.png,Val/Urban/masks_png/3996.png
Val/Urban/3997,Val,Urban,official_val,Val/Urban/images_png/3997.png,Val/Urban/masks_png/3997.png
Val/Urban/3998,Val,Urban,official_val,Val/Urban/images_png/3998.png,Val/Urban/masks_png/3998.png
Val/Urban/3999,Val,Urban,official_val,Val/Urban/images_png/3999.png,Val/Urban/masks_png/3999.png
Val/Urban/4000,Val,Urban,official_val,Val/Urban/images_png/4000.png,Val/Urban/masks_png/4000.png
Val/Urban/4001,Val,Urban,official_val,Val/Urban/images_png/4001.png,Val/Urban/masks_png/4001.png
Val/Urban/4002,Val,Urban,official_val,Val/Urban/images_png/4002.png,Val/Urban/masks_png/4002.png
Val/Urban/4003,Val,Urban,official_val,Val/Urban/images_png/4003.png,Val/Urban/masks_png/4003.png
Val/Urban/4004,Val,Urban,official_val,Val/Urban/images_png/4004.png,Val/Urban/masks_png/4004.png
Val/Urban/4005,Val,Urban,official_val,Val/Urban/images_png/4005.png,Val/Urban/masks_png/4005.png
Val/Urban/4006,Val,Urban,official_val,Val/Urban/images_png/4006.png,Val/Urban/masks_png/4006.png
Val/Urban/4007,Val,Urban,official_val,Val/Urban/images_png/4007.png,Val/Urban/masks_png/4007.png
Val/Urban/4008,Val,Urban,official_val,Val/Urban/images_png/4008.png,Val/Urban/masks_png/4008.png
Val/Urban/4009,Val,Urban,official_val,Val/Urban/images_png/4009.png,Val/Urban/masks_png/4009.png
Val/Urban/4010,Val,Urban,official_val,Val/Urban/images_png/4010.png,Val/Urban/masks_png/4010.png
Val/Urban/4011,Val,Urban,official_val,Val/Urban/images_png/4011.png,Val/Urban/masks_png/4011.png
Val/Urban/4012,Val,Urban,official_val,Val/Urban/images_png/4012.png,Val/Urban/masks_png/4012.png
Val/Urban/4013,Val,Urban,official_val,Val/Urban/images_png/4013.png,Val/Urban/masks_png/4013.png
Val/Urban/4014,Val,Urban,official_val,Val/Urban/images_png/4014.png,Val/Urban/masks_png/4014.png
Val/Urban/4015,Val,Urban,official_val,Val/Urban/images_png/4015.png,Val/Urban/masks_png/4015.png
Val/Urban/4016,Val,Urban,official_val,Val/Urban/images_png/4016.png,Val/Urban/masks_png/4016.png
Val/Urban/4017,Val,Urban,official_val,Val/Urban/images_png/4017.png,Val/Urban/masks_png/4017.png
Val/Urban/4018,Val,Urban,official_val,Val/Urban/images_png/4018.png,Val/Urban/masks_png/4018.png
Val/Urban/4019,Val,Urban,official_val,Val/Urban/images_png/4019.png,Val/Urban/masks_png/4019.png
Val/Urban/4020,Val,Urban,official_val,Val/Urban/images_png/4020.png,Val/Urban/masks_png/4020.png
Val/Urban/4021,Val,Urban,official_val,Val/Urban/images_png/4021.png,Val/Urban/masks_png/4021.png
Val/Urban/4022,Val,Urban,official_val,Val/Urban/images_png/4022.png,Val/Urban/masks_png/4022.png
Val/Urban/4023,Val,Urban,official_val,Val/Urban/images_png/4023.png,Val/Urban/masks_png/4023.png
Val/Urban/4024,Val,Urban,official_val,Val/Urban/images_png/4024.png,Val/Urban/masks_png/4024.png
Val/Urban/4025,Val,Urban,official_val,Val/Urban/images_png/4025.png,Val/Urban/masks_png/4025.png
Val/Urban/4026,Val,Urban,official_val,Val/Urban/images_png/4026.png,Val/Urban/masks_png/4026.png
Val/Urban/4027,Val,Urban,official_val,Val/Urban/images_png/4027.png,Val/Urban/masks_png/4027.png
Val/Urban/4028,Val,Urban,official_val,Val/Urban/images_png/4028.png,Val/Urban/masks_png/4028.png
Val/Urban/4029,Val,Urban,official_val,Val/Urban/images_png/4029.png,Val/Urban/masks_png/4029.png
Val/Urban/4030,Val,Urban,official_val,Val/Urban/images_png/4030.png,Val/Urban/masks_png/4030.png
Val/Urban/4031,Val,Urban,official_val,Val/Urban/images_png/4031.png,Val/Urban/masks_png/4031.png
Val/Urban/4032,Val,Urban,official_val,Val/Urban/images_png/4032.png,Val/Urban/masks_png/4032.png
Val/Urban/4033,Val,Urban,official_val,Val/Urban/images_png/4033.png,Val/Urban/masks_png/4033.png
Val/Urban/4034,Val,Urban,official_val,Val/Urban/images_png/4034.png,Val/Urban/masks_png/4034.png
Val/Urban/4035,Val,Urban,official_val,Val/Urban/images_png/4035.png,Val/Urban/masks_png/4035.png
Val/Urban/4036,Val,Urban,official_val,Val/Urban/images_png/4036.png,Val/Urban/masks_png/4036.png
Val/Urban/4037,Val,Urban,official_val,Val/Urban/images_png/4037.png,Val/Urban/masks_png/4037.png
Val/Urban/4038,Val,Urban,official_val,Val/Urban/images_png/4038.png,Val/Urban/masks_png/4038.png
Val/Urban/4039,Val,Urban,official_val,Val/Urban/images_png/4039.png,Val/Urban/masks_png/4039.png
Val/Urban/4040,Val,Urban,official_val,Val/Urban/images_png/4040.png,Val/Urban/masks_png/4040.png
Val/Urban/4041,Val,Urban,official_val,Val/Urban/images_png/4041.png,Val/Urban/masks_png/4041.png
Val/Urban/4042,Val,Urban,official_val,Val/Urban/images_png/4042.png,Val/Urban/masks_png/4042.png
Val/Urban/4043,Val,Urban,official_val,Val/Urban/images_png/4043.png,Val/Urban/masks_png/4043.png
Val/Urban/4044,Val,Urban,official_val,Val/Urban/images_png/4044.png,Val/Urban/masks_png/4044.png
Val/Urban/4045,Val,Urban,official_val,Val/Urban/images_png/4045.png,Val/Urban/masks_png/4045.png
Val/Urban/4046,Val,Urban,official_val,Val/Urban/images_png/4046.png,Val/Urban/masks_png/4046.png
Val/Urban/4047,Val,Urban,official_val,Val/Urban/images_png/4047.png,Val/Urban/masks_png/4047.png
Val/Urban/4048,Val,Urban,official_val,Val/Urban/images_png/4048.png,Val/Urban/masks_png/4048.png
Val/Urban/4049,Val,Urban,official_val,Val/Urban/images_png/4049.png,Val/Urban/masks_png/4049.png
Val/Urban/4050,Val,Urban,official_val,Val/Urban/images_png/4050.png,Val/Urban/masks_png/4050.png
Val/Urban/4051,Val,Urban,official_val,Val/Urban/images_png/4051.png,Val/Urban/masks_png/4051.png
Val/Urban/4052,Val,Urban,official_val,Val/Urban/images_png/4052.png,Val/Urban/masks_png/4052.png
Val/Urban/4053,Val,Urban,official_val,Val/Urban/images_png/4053.png,Val/Urban/masks_png/4053.png
Val/Urban/4054,Val,Urban,official_val,Val/Urban/images_png/4054.png,Val/Urban/masks_png/4054.png
Val/Urban/4055,Val,Urban,official_val,Val/Urban/images_png/4055.png,Val/Urban/masks_png/4055.png
Val/Urban/4056,Val,Urban,official_val,Val/Urban/images_png/4056.png,Val/Urban/masks_png/4056.png
Val/Urban/4057,Val,Urban,official_val,Val/Urban/images_png/4057.png,Val/Urban/masks_png/4057.png
Val/Urban/4058,Val,Urban,official_val,Val/Urban/images_png/4058.png,Val/Urban/masks_png/4058.png
Val/Urban/4059,Val,Urban,official_val,Val/Urban/images_png/4059.png,Val/Urban/masks_png/4059.png
Val/Urban/4060,Val,Urban,official_val,Val/Urban/images_png/4060.png,Val/Urban/masks_png/4060.png
Val/Urban/4061,Val,Urban,official_val,Val/Urban/images_png/4061.png,Val/Urban/masks_png/4061.png
Val/Urban/4062,Val,Urban,official_val,Val/Urban/images_png/4062.png,Val/Urban/masks_png/4062.png
Val/Urban/4063,Val,Urban,official_val,Val/Urban/images_png/4063.png,Val/Urban/masks_png/4063.png
Val/Urban/4064,Val,Urban,official_val,Val/Urban/images_png/4064.png,Val/Urban/masks_png/4064.png
Val/Urban/4065,Val,Urban,official_val,Val/Urban/images_png/4065.png,Val/Urban/masks_png/4065.png
Val/Urban/4066,Val,Urban,official_val,Val/Urban/images_png/4066.png,Val/Urban/masks_png/4066.png
Val/Urban/4067,Val,Urban,official_val,Val/Urban/images_png/4067.png,Val/Urban/masks_png/4067.png
Val/Urban/4068,Val,Urban,official_val,Val/Urban/images_png/4068.png,Val/Urban/masks_png/4068.png
Val/Urban/4069,Val,Urban,official_val,Val/Urban/images_png/4069.png,Val/Urban/masks_png/4069.png
Val/Urban/4070,Val,Urban,official_val,Val/Urban/images_png/4070.png,Val/Urban/masks_png/4070.png
Val/Urban/4071,Val,Urban,official_val,Val/Urban/images_png/4071.png,Val/Urban/masks_png/4071.png
Val/Urban/4072,Val,Urban,official_val,Val/Urban/images_png/4072.png,Val/Urban/masks_png/4072.png
Val/Urban/4073,Val,Urban,official_val,Val/Urban/images_png/4073.png,Val/Urban/masks_png/4073.png
Val/Urban/4074,Val,Urban,official_val,Val/Urban/images_png/4074.png,Val/Urban/masks_png/4074.png
Val/Urban/4075,Val,Urban,official_val,Val/Urban/images_png/4075.png,Val/Urban/masks_png/4075.png
Val/Urban/4076,Val,Urban,official_val,Val/Urban/images_png/4076.png,Val/Urban/masks_png/4076.png
Val/Urban/4077,Val,Urban,official_val,Val/Urban/images_png/4077.png,Val/Urban/masks_png/4077.png
Val/Urban/4078,Val,Urban,official_val,Val/Urban/images_png/4078.png,Val/Urban/masks_png/4078.png
Val/Urban/4079,Val,Urban,official_val,Val/Urban/images_png/4079.png,Val/Urban/masks_png/4079.png
Val/Urban/4080,Val,Urban,official_val,Val/Urban/images_png/4080.png,Val/Urban/masks_png/4080.png
Val/Urban/4081,Val,Urban,official_val,Val/Urban/images_png/4081.png,Val/Urban/masks_png/4081.png
Val/Urban/4082,Val,Urban,official_val,Val/Urban/images_png/4082.png,Val/Urban/masks_png/4082.png
Val/Urban/4083,Val,Urban,official_val,Val/Urban/images_png/4083.png,Val/Urban/masks_png/4083.png
Val/Urban/4084,Val,Urban,official_val,Val/Urban/images_png/4084.png,Val/Urban/masks_png/4084.png
Val/Urban/4085,Val,Urban,official_val,Val/Urban/images_png/4085.png,Val/Urban/masks_png/4085.png
Val/Urban/4086,Val,Urban,official_val,Val/Urban/images_png/4086.png,Val/Urban/masks_png/4086.png
Val/Urban/4087,Val,Urban,official_val,Val/Urban/images_png/4087.png,Val/Urban/masks_png/4087.png
Val/Urban/4088,Val,Urban,official_val,Val/Urban/images_png/4088.png,Val/Urban/masks_png/4088.png
Val/Urban/4089,Val,Urban,official_val,Val/Urban/images_png/4089.png,Val/Urban/masks_png/4089.png
Val/Urban/4090,Val,Urban,official_val,Val/Urban/images_png/4090.png,Val/Urban/masks_png/4090.png
Val/Urban/4091,Val,Urban,official_val,Val/Urban/images_png/4091.png,Val/Urban/masks_png/4091.png
Val/Urban/4092,Val,Urban,official_val,Val/Urban/images_png/4092.png,Val/Urban/masks_png/4092.png
Val/Urban/4093,Val,Urban,official_val,Val/Urban/images_png/4093.png,Val/Urban/masks_png/4093.png
Val/Urban/4094,Val,Urban,official_val,Val/Urban/images_png/4094.png,Val/Urban/masks_png/4094.png
Val/Urban/4095,Val,Urban,official_val,Val/Urban/images_png/4095.png,Val/Urban/masks_png/4095.png
Val/Urban/4096,Val,Urban,official_val,Val/Urban/images_png/4096.png,Val/Urban/masks_png/4096.png
Val/Urban/4097,Val,Urban,official_val,Val/Urban/images_png/4097.png,Val/Urban/masks_png/4097.png
Val/Urban/4098,Val,Urban,official_val,Val/Urban/images_png/4098.png,Val/Urban/masks_png/4098.png
Val/Urban/4099,Val,Urban,official_val,Val/Urban/images_png/4099.png,Val/Urban/masks_png/4099.png
Val/Urban/4100,Val,Urban,official_val,Val/Urban/images_png/4100.png,Val/Urban/masks_png/4100.png
Val/Urban/4101,Val,Urban,official_val,Val/Urban/images_png/4101.png,Val/Urban/masks_png/4101.png
Val/Urban/4102,Val,Urban,official_val,Val/Urban/images_png/4102.png,Val/Urban/masks_png/4102.png
Val/Urban/4103,Val,Urban,official_val,Val/Urban/images_png/4103.png,Val/Urban/masks_png/4103.png
Val/Urban/4104,Val,Urban,official_val,Val/Urban/images_png/4104.png,Val/Urban/masks_png/4104.png
Val/Urban/4105,Val,Urban,official_val,Val/Urban/images_png/4105.png,Val/Urban/masks_png/4105.png
Val/Urban/4106,Val,Urban,official_val,Val/Urban/images_png/4106.png,Val/Urban/masks_png/4106.png
Val/Urban/4107,Val,Urban,official_val,Val/Urban/images_png/4107.png,Val/Urban/masks_png/4107.png
Val/Urban/4108,Val,Urban,official_val,Val/Urban/images_png/4108.png,Val/Urban/masks_png/4108.png
Val/Urban/4109,Val,Urban,official_val,Val/Urban/images_png/4109.png,Val/Urban/masks_png/4109.png
Val/Urban/4110,Val,Urban,official_val,Val/Urban/images_png/4110.png,Val/Urban/masks_png/4110.png
Val/Urban/4111,Val,Urban,official_val,Val/Urban/images_png/4111.png,Val/Urban/masks_png/4111.png
Val/Urban/4112,Val,Urban,official_val,Val/Urban/images_png/4112.png,Val/Urban/masks_png/4112.png
Val/Urban/4113,Val,Urban,official_val,Val/Urban/images_png/4113.png,Val/Urban/masks_png/4113.png
Val/Urban/4114,Val,Urban,official_val,Val/Urban/images_png/4114.png,Val/Urban/masks_png/4114.png
Val/Urban/4115,Val,Urban,official_val,Val/Urban/images_png/4115.png,Val/Urban/masks_png/4115.png
Val/Urban/4116,Val,Urban,official_val,Val/Urban/images_png/4116.png,Val/Urban/masks_png/4116.png
Val/Urban/4117,Val,Urban,official_val,Val/Urban/images_png/4117.png,Val/Urban/masks_png/4117.png
Val/Urban/4118,Val,Urban,official_val,Val/Urban/images_png/4118.png,Val/Urban/masks_png/4118.png
Val/Urban/4119,Val,Urban,official_val,Val/Urban/images_png/4119.png,Val/Urban/masks_png/4119.png
Val/Urban/4120,Val,Urban,official_val,Val/Urban/images_png/4120.png,Val/Urban/masks_png/4120.png
Val/Urban/4121,Val,Urban,official_val,Val/Urban/images_png/4121.png,Val/Urban/masks_png/4121.png
Val/Urban/4122,Val,Urban,official_val,Val/Urban/images_png/4122.png,Val/Urban/masks_png/4122.png
Val/Urban/4123,Val,Urban,official_val,Val/Urban/images_png/4123.png,Val/Urban/masks_png/4123.png
Val/Urban/4124,Val,Urban,official_val,Val/Urban/images_png/4124.png,Val/Urban/masks_png/4124.png
Val/Urban/4125,Val,Urban,official_val,Val/Urban/images_png/4125.png,Val/Urban/masks_png/4125.png
Val/Urban/4126,Val,Urban,official_val,Val/Urban/images_png/4126.png,Val/Urban/masks_png/4126.png
Val/Urban/4127,Val,Urban,official_val,Val/Urban/images_png/4127.png,Val/Urban/masks_png/4127.png
Val/Urban/4128,Val,Urban,official_val,Val/Urban/images_png/4128.png,Val/Urban/masks_png/4128.png
Val/Urban/4129,Val,Urban,official_val,Val/Urban/images_png/4129.png,Val/Urban/masks_png/4129.png
Val/Urban/4130,Val,Urban,official_val,Val/Urban/images_png/4130.png,Val/Urban/masks_png/4130.png
Val/Urban/4131,Val,Urban,official_val,Val/Urban/images_png/4131.png,Val/Urban/masks_png/4131.png
Val/Urban/4132,Val,Urban,official_val,Val/Urban/images_png/4132.png,Val/Urban/masks_png/4132.png
Val/Urban/4133,Val,Urban,official_val,Val/Urban/images_png/4133.png,Val/Urban/masks_png/4133.png
Val/Urban/4134,Val,Urban,official_val,Val/Urban/images_png/4134.png,Val/Urban/masks_png/4134.png
Val/Urban/4135,Val,Urban,official_val,Val/Urban/images_png/4135.png,Val/Urban/masks_png/4135.png
Val/Urban/4136,Val,Urban,official_val,Val/Urban/images_png/4136.png,Val/Urban/masks_png/4136.png
Val/Urban/4137,Val,Urban,official_val,Val/Urban/images_png/4137.png,Val/Urban/masks_png/4137.png
Val/Urban/4138,Val,Urban,official_val,Val/Urban/images_png/4138.png,Val/Urban/masks_png/4138.png
Val/Urban/4139,Val,Urban,official_val,Val/Urban/images_png/4139.png,Val/Urban/masks_png/4139.png
Val/Urban/4140,Val,Urban,official_val,Val/Urban/images_png/4140.png,Val/Urban/masks_png/4140.png
Val/Urban/4141,Val,Urban,official_val,Val/Urban/images_png/4141.png,Val/Urban/masks_png/4141.png
Val/Urban/4142,Val,Urban,official_val,Val/Urban/images_png/4142.png,Val/Urban/masks_png/4142.png
Val/Urban/4143,Val,Urban,official_val,Val/Urban/images_png/4143.png,Val/Urban/masks_png/4143.png
Val/Urban/4144,Val,Urban,official_val,Val/Urban/images_png/4144.png,Val/Urban/masks_png/4144.png
Val/Urban/4145,Val,Urban,official_val,Val/Urban/images_png/4145.png,Val/Urban/masks_png/4145.png
Val/Urban/4146,Val,Urban,official_val,Val/Urban/images_png/4146.png,Val/Urban/masks_png/4146.png
Val/Urban/4147,Val,Urban,official_val,Val/Urban/images_png/4147.png,Val/Urban/masks_png/4147.png
Val/Urban/4148,Val,Urban,official_val,Val/Urban/images_png/4148.png,Val/Urban/masks_png/4148.png
Val/Urban/4149,Val,Urban,official_val,Val/Urban/images_png/4149.png,Val/Urban/masks_png/4149.png
Val/Urban/4150,Val,Urban,official_val,Val/Urban/images_png/4150.png,Val/Urban/masks_png/4150.png
Val/Urban/4151,Val,Urban,official_val,Val/Urban/images_png/4151.png,Val/Urban/masks_png/4151.png
Val/Urban/4152,Val,Urban,official_val,Val/Urban/images_png/4152.png,Val/Urban/masks_png/4152.png
Val/Urban/4153,Val,Urban,official_val,Val/Urban/images_png/4153.png,Val/Urban/masks_png/4153.png
Val/Urban/4154,Val,Urban,official_val,Val/Urban/images_png/4154.png,Val/Urban/masks_png/4154.png
Val/Urban/4155,Val,Urban,official_val,Val/Urban/images_png/4155.png,Val/Urban/masks_png/4155.png
Val/Urban/4156,Val,Urban,official_val,Val/Urban/images_png/4156.png,Val/Urban/masks_png/4156.png
Val/Urban/4157,Val,Urban,official_val,Val/Urban/images_png/4157.png,Val/Urban/masks_png/4157.png
Val/Urban/4158,Val,Urban,official_val,Val/Urban/images_png/4158.png,Val/Urban/masks_png/4158.png
Val/Urban/4159,Val,Urban,official_val,Val/Urban/images_png/4159.png,Val/Urban/masks_png/4159.png
Val/Urban/4160,Val,Urban,official_val,Val/Urban/images_png/4160.png,Val/Urban/masks_png/4160.png
Val/Urban/4161,Val,Urban,official_val,Val/Urban/images_png/4161.png,Val/Urban/masks_png/4161.png
Val/Urban/4162,Val,Urban,official_val,Val/Urban/images_png/4162.png,Val/Urban/masks_png/4162.png
Val/Urban/4163,Val,Urban,official_val,Val/Urban/images_png/4163.png,Val/Urban/masks_png/4163.png
Val/Urban/4164,Val,Urban,official_val,Val/Urban/images_png/4164.png,Val/Urban/masks_png/4164.png
Val/Urban/4165,Val,Urban,official_val,Val/Urban/images_png/4165.png,Val/Urban/masks_png/4165.png
Val/Urban/4166,Val,Urban,official_val,Val/Urban/images_png/4166.png,Val/Urban/masks_png/4166.png
Val/Urban/4167,Val,Urban,official_val,Val/Urban/images_png/4167.png,Val/Urban/masks_png/4167.png
Val/Urban/4168,Val,Urban,official_val,Val/Urban/images_png/4168.png,Val/Urban/masks_png/4168.png
Val/Urban/4169,Val,Urban,official_val,Val/Urban/images_png/4169.png,Val/Urban/masks_png/4169.png
Val/Urban/4170,Val,Urban,official_val,Val/Urban/images_png/4170.png,Val/Urban/masks_png/4170.png
Val/Urban/4171,Val,Urban,official_val,Val/Urban/images_png/4171.png,Val/Urban/masks_png/4171.png
Val/Urban/4172,Val,Urban,official_val,Val/Urban/images_png/4172.png,Val/Urban/masks_png/4172.png
Val/Urban/4173,Val,Urban,official_val,Val/Urban/images_png/4173.png,Val/Urban/masks_png/4173.png
Val/Urban/4174,Val,Urban,official_val,Val/Urban/images_png/4174.png,Val/Urban/masks_png/4174.png
Val/Urban/4175,Val,Urban,official_val,Val/Urban/images_png/4175.png,Val/Urban/masks_png/4175.png
Val/Urban/4176,Val,Urban,official_val,Val/Urban/images_png/4176.png,Val/Urban/masks_png/4176.png
Val/Urban/4177,Val,Urban,official_val,Val/Urban/images_png/4177.png,Val/Urban/masks_png/4177.png
Val/Urban/4178,Val,Urban,official_val,Val/Urban/images_png/4178.png,Val/Urban/masks_png/4178.png
Val/Urban/4179,Val,Urban,official_val,Val/Urban/images_png/4179.png,Val/Urban/masks_png/4179.png
Val/Urban/4180,Val,Urban,official_val,Val/Urban/images_png/4180.png,Val/Urban/masks_png/4180.png
Val/Urban/4181,Val,Urban,official_val,Val/Urban/images_png/4181.png,Val/Urban/masks_png/4181.png
Val/Urban/4182,Val,Urban,official_val,Val/Urban/images_png/4182.png,Val/Urban/masks_png/4182.png
Val/Urban/4183,Val,Urban,official_val,Val/Urban/images_png/4183.png,Val/Urban/masks_png/4183.png
Val/Urban/4184,Val,Urban,official_val,Val/Urban/images_png/4184.png,Val/Urban/masks_png/4184.png
Val/Urban/4185,Val,Urban,official_val,Val/Urban/images_png/4185.png,Val/Urban/masks_png/4185.png
Val/Urban/4186,Val,Urban,official_val,Val/Urban/images_png/4186.png,Val/Urban/masks_png/4186.png
Val/Urban/4187,Val,Urban,official_val,Val/Urban/images_png/4187.png,Val/Urban/masks_png/4187.png
Val/Urban/4188,Val,Urban,official_val,Val/Urban/images_png/4188.png,Val/Urban/masks_png/4188.png
Val/Urban/4189,Val,Urban,official_val,Val/Urban/images_png/4189.png,Val/Urban/masks_png/4189.png
Val/Urban/4190,Val,Urban,official_val,Val/Urban/images_png/4190.png,Val/Urban/masks_png/4190.png
